id,name,rating,review,price_level,category,services,address,open_hours,phone,latitude,longitude,url,cluster,source_category,source_file,_lat_r,_lon_r,rejection_reason
4856,Villa Panbil,4.4,292,0,Housing complex,,"Jl. Ahmad Yani, Muka Kuning, Kec. Sei Beduk, Kota Batam, Kepulauan Riau 29433, Indonesia",[object Object],+62 778 371333,1.0908078,104.0260507,"https://www.google.com/maps/place/Villa+Panbil/@1.0908078,104.0260507,17z/data=!3m1!4b1!4m6!3m5!1s0x31d98ebfe8a19dab:0x13fc826e550b7e60!8m2!3d1.0908078!4d104.0260507!16s%2Fg%2F11byl0h0n3?authuser=0&hl=en&entry=ttu&g_ep=EgoyMDI0MDgyOC4wIKXMDSoASAFQAw%3D%3D",0,Hospitality,Indonesia.Batam.Hotel.202408042041.db,1.09081,104.02605,duplicate_cross_file
4859,Villa Panbil Forest House Blok DD no 26,5.0,4,0,Housing complex,,"Jl. Ahmad Yani, Muka Kuning, Kec. Sei Beduk, Kota Batam, Kepulauan Riau 29433, Indonesia",[object Object],,1.0818292,104.0263046,https://www.google.com/maps/place/Villa+Panbil+Forest+House+Blok+DD+no+26/data=!4m7!3m6!1s0x31d98fe088a35c69:0x4e481ab6ba80f89d!8m2!3d1.0818292!4d104.0263046!16s%2Fg%2F11spxf3gp9!19sChIJaVyjiOCP2TERnfiAurYaSE4?authuser=0&hl=en&rclk=1,0,Hospitality,Indonesia.Batam.Hotel.202408042041.db,1.08183,104.0263,duplicate_cross_file
5324,Bukit indah sukajadi,4.4,18,0,Housing society,,"Jl. Cemara Tiang No.52, Sukajadi, Kec. Batam Kota, Kota Batam, Kepulauan Riau 29444, Indonesia",[object Object],,1.1127053,104.0206955,https://www.google.com/maps/place/Bukit+indah+sukajadi/data=!4m7!3m6!1s0x31d989c915d33c4f:0xf49cc12cfccc84c5!8m2!3d1.1127053!4d104.0206955!16s%2Fg%2F11r70vdj09!19sChIJTzzTFcmJ2TERxYTM_CzBnPQ?authuser=0&hl=en&rclk=1,0,Hospitality,Indonesia.Batam.Hotel.202408042041.db,1.11271,104.0207,duplicate_cross_file
5760,Perumahan Permata Laguna Batam,4.3,43,0,Apartment complex,,"Jl. Permata Laguna No.2 Blok Aa, Tj. Uncang, Kec. Batu Aji, Kota Batam, Kepulauan Riau 29425, Indonesia",[object Object],,1.0570325,103.941115,https://www.google.com/maps/place/Perumahan+Permata+Laguna+Batam/data=!4m7!3m6!1s0x31d98d46241aa269:0xabd9af702787f47f!8m2!3d1.0570325!4d103.941115!16s%2Fg%2F11jnlhwt5x!19sChIJaaIaJEaN2TERf_SHJ3Cv2as?authuser=0&hl=en&rclk=1,0,Hospitality,Indonesia.Batam.Hotel.202408042041.db,1.05703,103.94112,duplicate_cross_file
5761,Perumahan permata laguna,4.0,1,0,Housing development,,"Blk. B5 No.16, Tj. Uncang, Kec. Batu Aji, Kota Batam, Kepulauan Riau 29425, Indonesia",[object Object],,1.0562859,103.9420479,"https://www.google.com/maps/place/Perumahan+permata+laguna/@1.0562859,103.9420479,17z/data=!3m1!4b1!4m6!3m5!1s0x31d98d4581de4929:0x90926ab917a8b1cf!8m2!3d1.0562859!4d103.9420479!16s%2Fg%2F11k9s58h9t?authuser=0&hl=en&entry=ttu&g_ep=EgoyMDI0MDgyOC4wIKXMDSoASAFQAw%3D%3D",0,Hospitality,Indonesia.Batam.Hotel.202408042041.db,1.05629,103.94205,duplicate_cross_file
5859,Eska Wellness Kepri Mall,4.9,311,0,Wellness center,,"Ruko Kepri Mall 27-34, Sukajadi, Kec. Batam Kota, Kota Batam, Kepulauan Riau 29432, Indonesia",[object Object],+62 811-7046-876,1.1022157,104.0362401,"https://www.google.com/maps/place/Eska+Wellness+Kepri+Mall/@1.1022157,104.0362401,17z/data=!3m1!4b1!4m6!3m5!1s0x31d98ecb5598cf47:0x6df2f85416c1dfbe!8m2!3d1.1022157!4d104.0362401!16s%2Fg%2F11f4wbjwcc?authuser=0&hl=en&entry=ttu&g_ep=EgoyMDI0MDgyOC4wIKXMDSoASAFQAw%3D%3D",0,Hospitality,Indonesia.Batam.Hotel.202408042041.db,1.10222,104.03624,duplicate_cross_file
5869,Greenland Hotel,4.2,375,0,,,"Komplek, Jl. Ruko Greenland No.10 - 16 Blok J, Teluk Tering, Batam Kota, Batam City, Riau Islands 29432, Indonesia",[object Object],+62 778 468991,1.1246442,104.0486972,https://www.google.com/maps/place/Greenland+Hotel/data=!4m10!3m9!1s0x31d9891eb7a30ee5:0x2cf8d2c5ac4991e1!5m2!4m1!1i2!8m2!3d1.1246442!4d104.0486972!16s%2Fg%2F11hbr81jgq!19sChIJ5Q6jtx6J2TER4ZFJrMXS-Cw?authuser=0&hl=en&rclk=1,0,Hospitality,Indonesia.Batam.Hotel.202408042041.db,1.12464,104.0487,duplicate_cross_file
5929,Mega Mall Batam Centre,4.5,20580,0,Shopping mall,,"Jl. Engku Putri No.1, Belian, Kec. Batam Kota, Kota Batam, Kepulauan Riau 29461, Indonesia",[object Object],+62 778 470100,1.1293427,104.0558822,https://www.google.com/maps/place/Mega+Mall+Batam+Centre/data=!4m7!3m6!1s0x31d9890f4063bf6b:0x6ddfa519f79fed7c!8m2!3d1.1293427!4d104.0558822!16s%2Fg%2F112yfdnqw!19sChIJa79jQA-J2TERfO2f9xml320?authuser=0&hl=en&rclk=1,0,Hospitality,Indonesia.Batam.Hotel.202408042041.db,1.12934,104.05588,duplicate_cross_file
9,Baloi Centre blok D 110  jl  Nusa indah,1.0,1,0,Beauty salon,[],"42J3+V56, Jl. Nusa Indah, Baloi Indah, Kec. Lubuk Baja, Kota Batam, Kepulauan Riau 29444, Indonesia",[],,1.1321709,104.0029006,"https://www.google.com/maps/place/Baloi+Centre+blok+D+110,+jl.+Nusa+indah/data=!4m7!3m6!1s0x31d98b9b9c32db59:0xb163d3d6a6c39e53!8m2!3d1.1321709!4d104.0029006!16s%2Fg%2F11q8sh2lfy!19sChIJWdsynJuL2TERU57DptbTY7E?authuser=0&hl=en&rclk=1",0.0,Healthcare,Indonesia.Batam.Kesehatan.202408050759.db,1.13217,104.0029,duplicate_cross_file
72,Caths Beauty House,5.0,108,0,Beauty salon,[],"Permata Baloi Blok B2 No. 11, Baloi Indah, Kec. Lubuk Baja, Kota Batam, Kepulauan Riau 29444, Indonesia","[{ day: 'Monday', hours: '08:00 – 22:00' }, { day: 'Tuesday', hours: '08:00 – 22:00' }, { day: 'Wednesday', hours: '08:00 – 22:00' }, { day: 'Thursday', hours: '08:00 – 22:00' }, { day: 'Friday', hours: '08:00 – 22:00' }, { day: 'Saturday', hours: '08:00 – 22:00' }, { day: 'Sunday', hours: '08:00 – 22:00' }]",+62 812-7008-6027,1.130495,104.0129352,https://www.google.com/maps/place/Caths+Beauty+House/data=!4m7!3m6!1s0x31d989826b676d7d:0x720afc59c76983d8!8m2!3d1.130495!4d104.0129352!16s%2Fg%2F11f677d6xg!19sChIJfW1na4KJ2TER2INpx1n8CnI?authuser=0&hl=en&rclk=1,4.0,Healthcare,Indonesia.Batam.Kesehatan.202408050759.db,1.1305,104.01294,duplicate_cross_file
146,Chantika Salon,4.5,21,0,Beauty salon,[],"Ruko Tering Raya, Jalan Yos Sudarso Blok B, Tj. Sengkuang, Kec. Batu Ampar, Kota Batam, Kepulauan Riau 29452, Indonesia",[],+62 852-7223-0741,1.171119,104.0178608,https://www.google.com/maps/place/Chantika+Salon/data=!4m7!3m6!1s0x31d989fb5be3fd13:0xcb0798de6a90867e!8m2!3d1.171119!4d104.0178608!16s%2Fg%2F11b7rtpt33!19sChIJE_3jW_uJ2TERfoaQat6YB8s?authuser=0&hl=en&rclk=1,0.0,Healthcare,Indonesia.Batam.Kesehatan.202408050759.db,1.17112,104.01786,duplicate_cross_file
162,Klinik Skintastic,4.9,13,0,Skin care clinic,[],"Ruko golden city, Sederet dengan KASTA cafe, Blk. D No.11-12, Bengkong Laut, Kota Batam, Kepulauan Riau 29444, Indonesia","[{ day: 'Monday', hours: '10:00 – 19:00' }, { day: 'Tuesday', hours: '10:00 – 19:00' }, { day: 'Wednesday', hours: '10:00 – 19:00' }, { day: 'Thursday', hours: '10:00 – 19:00' }, { day: 'Friday', hours: '10:00 – 19:00' }, { day: 'Saturday', hours: '10:00 – 19:00' }, { day: 'Sunday', hours: '10:00 – 19:00' }]",+62 811-7565-522,1.1631801,104.0392682,https://www.google.com/maps/place/Klinik+Skintastic/data=!4m7!3m6!1s0x31d9894189b63f6f:0xea8268b84cb38a3e!8m2!3d1.1631801!4d104.0392682!16s%2Fg%2F11sbnx7gzv!19sChIJbz-2iUGJ2TERPoqzTLhoguo?authuser=0&hl=en&rclk=1,4.0,Healthcare,Indonesia.Batam.Kesehatan.202408050759.db,1.16318,104.03927,duplicate_cross_file
190,Sabun kedas beauty,5.0,1,0,Cosmetics store,"['In-store shopping', 'In-store pick-up', 'Delivery']","Apartement happy green town lantai 2 B7, bengkong green town, Bengkong Laut, Kec. Bengkong, Kota Batam, Kepulauan Riau 29444, Indonesia",[],+62 813-7286-4579,1.1557018,104.0225002,https://www.google.com/maps/place/Sabun+kedas+beauty/data=!4m7!3m6!1s0x31d9891088149585:0x7170095b05688b7c!8m2!3d1.1557018!4d104.0225002!16s%2Fg%2F11qrdhnbrh!19sChIJhZUUiBCJ2TERfItoBVsJcHE?authuser=0&hl=en&rclk=1,5.0,Healthcare,Indonesia.Batam.Kesehatan.202408050759.db,1.1557,104.0225,duplicate_cross_file
207,MONI COSMETIC CABANG BENGKONG,5.0,53,0,Beauty salon,[],"deretan top 100, Komplek STM Al Jabar, BENGKONG LAUT, Komp. Ruko kelurahan No.01-03 07, RT.: 05/RW.:, :, kecamatan :, Kec. Bengkong, Kota Batam, Indonesia","[{ day: 'Monday', hours: '08:30 – 22:30' }, { day: 'Tuesday', hours: '08:30 – 22:30' }, { day: 'Wednesday', hours: '08:30 – 22:30' }, { day: 'Thursday', hours: '08:30 – 22:30' }, { day: 'Friday', hours: '08:30 – 22:30' }, { day: 'Saturday', hours: '08:30 – 22:30' }, { day: 'Sunday', hours: '08:30 – 22:30' }]",+62 823-9260-5115,1.1552715,104.0240816,https://www.google.com/maps/place/MONI+COSMETIC+CABANG+BENGKONG/data=!4m7!3m6!1s0x31d989001fd171c1:0xf81f09c0a90eab71!8m2!3d1.1552715!4d104.0240816!16s%2Fg%2F11y4zw541k!19sChIJwXHRHwCJ2TERcasOqcAJH_g?authuser=0&hl=en&rclk=1,-1.0,Healthcare,Indonesia.Batam.Kesehatan.202408050759.db,1.15527,104.02408,duplicate_cross_file
249,Ayangku Beauty,5.0,4,0,Beauty salon,[],"Blok A-12 no. 2 Rt.005 Rw. 10 Bengkong, Sadai, Kec. Batam Kota, Kota Batam, Kepulauan Riau 29444, Indonesia","[{ day: 'Monday', hours: '09:00 – 20:00' }, { day: 'Tuesday', hours: '09:00 – 20:00' }, { day: 'Wednesday', hours: '09:00 – 20:00' }, { day: 'Thursday', hours: '09:00 – 20:00' }, { day: 'Friday', hours: '09:00 – 20:00' }, { day: 'Saturday', hours: '09:00 – 18:00' }, { day: 'Sunday', hours: '09:00 – 18:00' }]",+62 811-7781-124,1.1554152,104.0410918,https://www.google.com/maps/place/Ayangku+Beauty/data=!4m7!3m6!1s0x31d989d79ddcbd93:0xdc29072866d27875!8m2!3d1.1554152!4d104.0410918!16s%2Fg%2F11j8smv_s3!19sChIJk73cndeJ2TERdXjSZigHKdw?authuser=0&hl=en&rclk=1,5.0,Healthcare,Indonesia.Batam.Kesehatan.202408050759.db,1.15542,104.04109,duplicate_cross_file
288,BOSRUM COSMETICS,5.0,18,0,Cosmetics and perfumes supplier,[],"Ruko, Jl. Raya Aljabar No.E09, Bengkong Indah, Kec. Bengkong, Kota Batam, Kepulauan Riau 29444, Indonesia","[{ day: 'Monday', hours: '09:30 – 21:30' }, { day: 'Tuesday', hours: '09:30 – 21:30' }, { day: 'Wednesday', hours: '09:30 – 21:30' }, { day: 'Thursday', hours: '09:30 – 21:30' }, { day: 'Friday', hours: '09:30 – 21:30' }, { day: 'Saturday', hours: '09:30 – 21:30' }, { day: 'Sunday', hours: '09:30 – 21:30' }]",+62 811-1112-6262,1.1500922,104.0241059,https://www.google.com/maps/place/BOSRUM+COSMETICS/data=!4m7!3m6!1s0x31d98915bed66bbf:0x45797e12a7b0c7e1!8m2!3d1.1500922!4d104.0241059!16s%2Fg%2F11twtmtkkj!19sChIJv2vWvhWJ2TER4cewpxJ-eUU?authuser=0&hl=en&rclk=1,-1.0,Healthcare,Indonesia.Batam.Kesehatan.202408050759.db,1.15009,104.02411,duplicate_cross_file
304,Mybatamshopp,5.0,2,0,Beauty supply store,"['In-store shopping', 'In-store pick-up', 'Delivery']","Jl. Bengkong Baru No.23 blok d, Bengkong Indah, Kec. Bengkong, Kota Batam, Kepulauan Riau 29458, Indonesia","[{ day: 'Monday', hours: '09:30 – 21:30' }, { day: 'Tuesday', hours: '09:30 – 21:30' }, { day: 'Wednesday', hours: '09:30 – 21:30' }, { day: 'Thursday', hours: '09:30 – 21:30' }, { day: 'Friday', hours: '09:30 – 21:30' }, { day: 'Saturday', hours: '09:30 – 21:30' }, { day: 'Sunday', hours: '09:30 – 21:30' }]",+62 813-6384-6920,1.1492475,104.0273468,https://www.google.com/maps/place/Mybatamshopp/data=!4m7!3m6!1s0x31d9890d03e32479:0xa7a150d1621b6ae!8m2!3d1.1492475!4d104.0273468!16s%2Fg%2F11rhz1pxj5!19sChIJeSTjAw2J2TERrrYhFg0Vego?authuser=0&hl=en&rclk=1,0.0,Healthcare,Indonesia.Batam.Kesehatan.202408050759.db,1.14925,104.02735,duplicate_cross_file
320,FASHIONMIX,5.0,2,0,Cosmetics store,"['In-store pick-up', 'Delivery']","Jl. Bengkong Harapan 1 Blk. C No.78 A1, Bengkong Indah, Kec. Bengkong, Kota Batam, Kepulauan Riau 29444, Indonesia","[{ day: 'Monday', hours: '10:00 – 21:00' }, { day: 'Tuesday', hours: '10:00 – 21:00' }, { day: 'Wednesday', hours: '10:00 – 21:00' }, { day: 'Thursday', hours: '10:00 – 21:00' }, { day: 'Friday', hours: '10:00 – 21:00' }, { day: 'Saturday', hours: '10:00 – 21:00' }, { day: 'Sunday', hours: '10:00 – 21:00' }]",+62 821-3335-9988,1.1505127,104.0258454,https://www.google.com/maps/place/FASHIONMIX/data=!4m7!3m6!1s0x31d9893c341f2b39:0xb52ad32cdb36f5e5!8m2!3d1.1505127!4d104.0258454!16s%2Fg%2F11nxfyjprf!19sChIJOSsfNDyJ2TER5fU22yzTKrU?authuser=0&hl=en&rclk=1,0.0,Healthcare,Indonesia.Batam.Kesehatan.202408050759.db,1.15051,104.02585,duplicate_cross_file
328,Brokoji Pomade Homestore,4.5,35,0,Beauty supply store,"['In-store shopping', 'In-store pick-up', 'Delivery']","Jl. Bengkong Harapan II No.5 Blok N, Bengkong Indah, Kec. Bengkong, Kota Batam, Kepulauan Riau 29458, Indonesia","[{ day: 'Monday', hours: '09:00 – 20:00' }, { day: 'Tuesday', hours: '09:00 – 20:00' }, { day: 'Wednesday', hours: '09:00 – 20:00' }, { day: 'Thursday', hours: '09:00 – 20:00' }, { day: 'Friday', hours: '09:00 – 20:00' }, { day: 'Saturday', hours: '09:00 – 20:00' }, { day: 'Sunday', hours: '09:00 – 20:00' }]",+62 822-6877-0070,1.1501294,104.0316144,https://www.google.com/maps/place/Brokoji+Pomade+Homestore/data=!4m7!3m6!1s0x31d989be1aba1029:0xaf9e36d2376dce4!8m2!3d1.1501294!4d104.0316144!16s%2Fg%2F11c425tr9d!19sChIJKRC6Gr6J2TER5Nx2I23j-Qo?authuser=0&hl=en&rclk=1,4.0,Healthcare,Indonesia.Batam.Kesehatan.202408050759.db,1.15013,104.03161,duplicate_cross_file
335,Enny Salon Ruko Gratinda,5.0,1,0,Beauty salon,[],"Harapan River, Sekupang, Batam City, Riau Islands 29424, Indonesia","[{ day: 'Monday', hours: '07:00 – 23:00' }, { day: 'Tuesday', hours: '07:00 – 23:00' }, { day: 'Wednesday', hours: '07:00 – 23:00' }, { day: 'Thursday', hours: '07:00 – 23:00' }, { day: 'Friday', hours: '07:00 – 23:00' }, { day: 'Saturday', hours: '07:00 – 23:00' }, { day: 'Sunday', hours: '07:00 – 23:00' }]",+62 813-7235-9606,1.1112112,103.9619315,https://www.google.com/maps/place/Enny+Salon+Ruko+Gratinda/data=!4m7!3m6!1s0x31d98be11417b1f5:0x3a43e495b766994d!8m2!3d1.1112112!4d103.9619315!16s%2Fg%2F11hyv784lz!19sChIJ9bEXFOGL2TERTZlmt5XkQzo?authuser=0&hl=en&rclk=1,5.0,Healthcare,Indonesia.Batam.Kesehatan.202408050759.db,1.11121,103.96193,duplicate_cross_file
386,Sr12 herbal skincare batu aji,5.0,2,0,Health and beauty shop,"['In-store shopping', 'In-store pick-up', 'Delivery']","Pendawa blok d4, Blk. O No.3, Buliang, Kec. Batu Aji, Kota Batam, Kepulauan Riau 29438, Indonesia","[{ day: 'Monday', hours: '08:00 – 21:00' }, { day: 'Tuesday', hours: '08:00 – 21:00' }, { day: 'Wednesday', hours: '08:00 – 21:00' }, { day: 'Thursday', hours: '08:00 – 21:00' }, { day: 'Friday', hours: '08:00 – 21:00' }, { day: 'Saturday', hours: '08:00 – 21:00' }, { day: 'Sunday', hours: '08:00 – 21:00' }]",+62 812-6820-8683,1.0477692,103.9719525,https://www.google.com/maps/place/Sr12+herbal+skincare+batu+aji/data=!4m7!3m6!1s0x31d98d2299a20b51:0x5c441f6ff1eb3970!8m2!3d1.0477692!4d103.9719525!16s%2Fg%2F11fpfzptby!19sChIJUQuimSKN2TERcDnr8W8fRFw?authuser=0&hl=en&rclk=1,0.0,Healthcare,Indonesia.Batam.Kesehatan.202408050759.db,1.04777,103.97195,duplicate_cross_file
415,Apotek Faras Farma,4.8,5,0,Pharmacy,['In-store shopping'],"Perum GMP, Blk. F No.107, Duriangkang, Sei Beduk, Batam City, Riau Islands 29433, Indonesia",[],,1.0280824,104.0605446,https://www.google.com/maps/place/Apotek+Faras+Farma/data=!4m7!3m6!1s0x31d98fd66b5563a1:0x92a117678cb9c796!8m2!3d1.0280824!4d104.0605446!16s%2Fg%2F11c5_3lkvx!19sChIJoWNVa9aP2TERlse5jGcXoZI?authuser=0&hl=en&rclk=1,0.0,Healthcare,Indonesia.Batam.Kesehatan.202408050759.db,1.02808,104.06054,duplicate_cross_file
417,Produk k-link batam,4.9,8,0,Health and beauty shop,"['In-store shopping', 'Delivery']","Tembesi, Sagulung, Batam City, Riau Islands 29424, Indonesia","[{ day: 'Monday', hours: '08:00 – 22:00' }, { day: 'Tuesday', hours: '08:00 – 22:00' }, { day: 'Wednesday', hours: '08:00 – 22:00' }, { day: 'Thursday', hours: '08:00 – 22:00' }, { day: 'Friday', hours: '08:00 – 22:00' }, { day: 'Saturday', hours: '08:00 – 22:00' }, { day: 'Sunday', hours: '08:00 – 22:00' }]",+62 813-7276-8883,1.0358859,104.0050061,https://www.google.com/maps/place/Produk+k-link+batam/data=!4m7!3m6!1s0x31d98dfd2c1f736b:0x58fa5a2dd4fbcdb1!8m2!3d1.0358859!4d104.0050061!16s%2Fg%2F11f4qlmgq5!19sChIJa3MfLP2N2TERsc371C1a-lg?authuser=0&hl=en&rclk=1,4.0,Healthcare,Indonesia.Batam.Kesehatan.202408050759.db,1.03589,104.00501,duplicate_cross_file
427,Nelly Salon MUA Batu Aji BATAM,4.5,26,0,Beauty salon,[],"Nelly salon MUA, RKT Jl. Aviari Griya Pratama Ruko Arta Mandiri No.7, Buliang, Kec. Batu Aji, Kota Batam, Kepulauan Riau 29424, Indonesia",[],+62 813-6434-7237,1.0521926,103.9787289,https://www.google.com/maps/place/Nelly+Salon+MUA+Batu+Aji+BATAM/data=!4m7!3m6!1s0x31d98dcc008a25b7:0xaf94e072793a1c33!8m2!3d1.0521926!4d103.9787289!16s%2Fg%2F11f6ctcrgn!19sChIJtyWKAMyN2TERMxw6eXLglK8?authuser=0&hl=en&rclk=1,-1.0,Healthcare,Indonesia.Batam.Kesehatan.202408050759.db,1.05219,103.97873,duplicate_cross_file
435,ADELIA FITRI Pelaminan,5.0,2,0,Beauty salon,[],"Perum Bukit Sakinah Blok Hiro I No. 9 & 12, Buliang, Kec. Batu Aji, Kota Batam, Kepulauan Riau 29425, Indonesia",[],+62 812-7773-8803,1.0565327,103.9725627,https://www.google.com/maps/place/ADELIA+FITRI+Pelaminan/data=!4m7!3m6!1s0x31d98db0200d9965:0x96619f5672e83129!8m2!3d1.0565327!4d103.9725627!16s%2Fg%2F11c48mmv6p!19sChIJZZkNILCN2TERKTHoclafYZY?authuser=0&hl=en&rclk=1,4.0,Healthcare,Indonesia.Batam.Kesehatan.202408050759.db,1.05653,103.97256,duplicate_cross_file
477,Mahira Beauty Batam,5.0,3,0,Health and beauty shop,"['In-store shopping', 'Delivery']","Perum Pancur Biru Lestari II, Blk. C No.21, Duriangkang, Kec. Sei Beduk, Kota Batam, Kepulauan Riau 29437, Indonesia","[{ day: 'Monday', hours: '09:00 – 17:00' }, { day: 'Tuesday', hours: '09:00 – 17:00' }, { day: 'Wednesday', hours: '09:00 – 17:00' }, { day: 'Thursday', hours: '09:00 – 17:00' }, { day: 'Friday', hours: '09:00 – 17:00' }, { day: 'Saturday', hours: '09:00 – 17:00' }, { day: 'Sunday', hours: '09:00 – 17:00' }]",+62 887-6962-168,1.0308049,104.0563049,https://www.google.com/maps/place/Mahira+Beauty+Batam/data=!4m7!3m6!1s0x31d98f7541c52c63:0xc3a7ba8e7b8368c7!8m2!3d1.0308049!4d104.0563049!16s%2Fg%2F11h3_js6ch!19sChIJYyzFQXWP2TERx2iDe466p8M?authuser=0&hl=en&rclk=1,4.0,Healthcare,Indonesia.Batam.Kesehatan.202408050759.db,1.0308,104.0563,duplicate_cross_file
545,Agen Resmi Minyak Kutus Kutus Batu Ampar,5.0,1,0,Health and beauty shop,"['In-store shopping', 'In-store pick-up', 'Delivery']","Sakura Garden Blok 3 No 3B RT01 RW04, Kp. Seraya, Kec. Batu Ampar, Kota Batam, Kepulauan Riau 29454, Indonesia","[{ day: 'Monday', hours: '07:00 – 20:00' }, { day: 'Tuesday', hours: '07:00 – 20:00' }, { day: 'Wednesday', hours: '07:00 – 20:00' }, { day: 'Thursday', hours: '07:00 – 20:00' }, { day: 'Friday', hours: '07:00 – 20:00' }, { day: 'Saturday', hours: '07:00 – 20:00' }, { day: 'Sunday', hours: '07:00 – 20:00' }]",+62 857-6522-4027,1.1565368,104.017022,https://www.google.com/maps/place/Agen+Resmi+Minyak+Kutus+Kutus+Batu+Ampar/data=!4m7!3m6!1s0x31d9898d90ff1e29:0x69ed8c5098990548!8m2!3d1.1565368!4d104.017022!16s%2Fg%2F11fp34w467!19sChIJKR7_kI2J2TERSAWZmFCM7Wk?authuser=0&hl=en&rclk=1,5.0,Healthcare,Indonesia.Batam.Kesehatan.202408050759.db,1.15654,104.01702,duplicate_cross_file
607,Sognaíle Beauty Studio,5.0,7,0,Nail salon,[],"Komplek Seraya Mas Center, Didalam Toko Anugrah Wijaya, Blk. D No.6, Kp. Seraya, Kec. Batu Ampar, Kota Batam, Kepulauan Riau 29454, Indonesia","[{ day: 'Monday', hours: '08:00 – 17:00' }, { day: 'Tuesday', hours: '08:00 – 17:00' }, { day: 'Wednesday', hours: '08:00 – 17:00' }, { day: 'Thursday', hours: '08:00 – 17:00' }, { day: 'Friday', hours: '08:00 – 17:00' }, { day: 'Saturday', hours: '08:00 – 16:00' }, { day: 'Sunday', hours: '08:00 – 16:00' }]",+62 853-7753-1399,1.1482628,104.0146323,https://www.google.com/maps/place/Sogna%C3%ADle+Beauty+Studio/data=!4m7!3m6!1s0x31d989a76e0b0a5b:0x41a25651297b5aab!8m2!3d1.1482628!4d104.0146323!16s%2Fg%2F11vr6tgxly!19sChIJWwoLbqeJ2TERq1p7KVFWokE?authuser=0&hl=en&rclk=1,4.0,Healthcare,Indonesia.Batam.Kesehatan.202408050759.db,1.14826,104.01463,duplicate_cross_file
624,SPO Batam,4.0,2,0,Cosmetics store,"['In-store shopping', 'In-store pick-up', 'Delivery']","Perumahan Buana View Blok Mawar No 5, Kibing, Kec. Batu Aji, Kota Batam, Kepulauan Riau 29422, Indonesia","[{ day: 'Monday', hours: '08:00 – 21:00' }, { day: 'Tuesday', hours: '08:00 – 21:00' }, { day: 'Wednesday', hours: '08:00 – 21:00' }, { day: 'Thursday', hours: '08:00 – 21:00' }, { day: 'Friday', hours: '08:00 – 21:00' }, { day: 'Saturday', hours: '08:00 – 21:00' }, { day: 'Sunday', hours: '08:00 – 21:00' }]",+62 812-7058-282,1.0496088,103.9817745,https://www.google.com/maps/place/SPO+Batam/data=!4m7!3m6!1s0x31d98d1ed78f0191:0x5a14439cdadda533!8m2!3d1.0496088!4d103.9817745!16s%2Fg%2F11fnr8v5nw!19sChIJkQGP1x6N2TERM6Xd2pxDFFo?authuser=0&hl=en&rclk=1,-1.0,Healthcare,Indonesia.Batam.Kesehatan.202408050759.db,1.04961,103.98177,duplicate_cross_file
639,Wulan Skincare,5.0,2,0,Cosmetics store,"['In-store shopping', 'In-store pick-up', 'Delivery']","Kampung bumi permai No.57, Kibing, Kec. Batu Aji, Kota Batam, Kepulauan Riau 29424, Indonesia","[{ day: 'Monday', hours: '08:00 – 22:00' }, { day: 'Tuesday', hours: '08:00 – 22:00' }, { day: 'Wednesday', hours: '08:00 – 22:00' }, { day: 'Thursday', hours: '08:00 – 22:00' }, { day: 'Friday', hours: '08:00 – 22:00' }, { day: 'Saturday', hours: '08:00 – 22:00' }, { day: 'Sunday', hours: '08:00 – 22:00' }]",+62 895-1064-3588,1.0565116,103.9812198,https://www.google.com/maps/place/Wulan+Skincare/data=!4m7!3m6!1s0x31d98d16b89c7c6b:0x26f5b9c2a1b81f16!8m2!3d1.0565116!4d103.9812198!16s%2Fg%2F11t808tzfz!19sChIJa3ycuBaN2TERFh-4ocK59SY?authuser=0&hl=en&rclk=1,5.0,Healthcare,Indonesia.Batam.Kesehatan.202408050759.db,1.05651,103.98122,duplicate_cross_file
672,NIUM Skin - Batam,4.8,5,0,Health and beauty shop,"['In-store pick-up', 'Delivery']","Jalan Letjend R Suprapto, Simpang Dam, Ruko No. 03 & 04 Kel. Muka Kuning, Kec. Sei Beduk, Kota Batam, Kepulauan Riau 29437, Indonesia","[{ day: 'Monday', hours: '12:00 – 06:00' }, { day: 'Tuesday', hours: '09:30 – 19:00' }, { day: 'Wednesday', hours: '09:30 – 19:00' }, { day: 'Thursday', hours: '09:30 – 19:00' }, { day: 'Friday', hours: '09:30 – 19:00' }, { day: 'Saturday', hours: '09:30 – 19:00' }, { day: 'Sunday', hours: '09:30 – 00:00' }]",,1.0650744,104.0220275,https://www.google.com/maps/place/NIUM+Skin+-+Batam/data=!4m7!3m6!1s0x31d98f54d68d4495:0xada1374255d0e15c!8m2!3d1.0650744!4d104.0220275!16s%2Fg%2F11tcjbs2lr!19sChIJlUSN1lSP2TERXOHQVUI3oa0?authuser=0&hl=en&rclk=1,5.0,Healthcare,Indonesia.Batam.Kesehatan.202408050759.db,1.06507,104.02203,duplicate_cross_file
692,Miracle Aesthetic Clinic Batam,5.0,700,0,Skin care clinic,[],"Komplek Mahkota Raya Blok C No. 9-11, Tlk. Tering, Kec. Batam Kota, Kota Batam, Kepulauan Riau 29432, Indonesia","[{ day: 'Monday', hours: '10:00 – 19:00' }, { day: 'Tuesday', hours: '10:00 – 19:00' }, { day: 'Wednesday', hours: '10:00 – 19:00' }, { day: 'Thursday', hours: '10:00 – 19:00' }, { day: 'Friday', hours: '10:00 – 19:00' }, { day: 'Saturday', hours: '10:00 – 19:00' }, { day: 'Sunday', hours: '10:00 – 19:00' }]",,1.1299479,104.0381177,https://www.google.com/maps/place/Miracle+Aesthetic+Clinic+Batam/data=!4m7!3m6!1s0x31d98e3fffffffff:0xed698b069bc4fd78!8m2!3d1.1299479!4d104.0381177!16s%2Fg%2F12vss4vm4!19sChIJ_____z-O2TEReP3EmwaLae0?authuser=0&hl=en&rclk=1,4.0,Healthcare,Indonesia.Batam.Kesehatan.202408050759.db,1.12995,104.03812,duplicate_cross_file
695,SHINE Beauty Clinic,4.5,68,0,Beauty salon,[],"Komplek central aladin 2 blok B no 1 batam center, Indonesia","[{ day: 'Monday', hours: '09:00 – 21:00' }, { day: 'Tuesday', hours: '09:00 – 21:00' }, { day: 'Wednesday', hours: '09:00 – 21:00' }, { day: 'Thursday', hours: '09:00 – 21:00' }, { day: 'Friday', hours: '09:00 – 21:00' }, { day: 'Saturday', hours: '09:00 – 21:00' }, { day: 'Sunday', hours: '09:00 – 21:00' }]",+62 812-6705-3339,1.1091737,104.0792541,https://www.google.com/maps/place/SHINE+Beauty+Clinic/data=!4m7!3m6!1s0x31d989205a6e8363:0xa1962aac12100a25!8m2!3d1.1091737!4d104.0792541!16s%2Fg%2F11sgr5njdv!19sChIJY4NuWiCJ2TERJQoQEqwqlqE?authuser=0&hl=en&rclk=1,1.0,Healthcare,Indonesia.Batam.Kesehatan.202408050759.db,1.10917,104.07925,duplicate_cross_file
707,Areum Beauty Panbil,5.0,11,0,Beauty salon,[],"ruko panbil mall blok B no 3A, kelurahan muka kuning, Kec. Sei Beduk, Kota Batam, Kepulauan Riau 29433, Indonesia","[{ day: 'Monday', hours: '10:00 – 21:00' }, { day: 'Tuesday', hours: '10:00 – 21:00' }, { day: 'Wednesday', hours: '10:00 – 21:00' }, { day: 'Thursday', hours: '10:00 – 21:00' }, { day: 'Friday', hours: '10:00 – 21:00' }, { day: 'Saturday', hours: '10:00 – 21:00' }, { day: 'Sunday', hours: '10:00 – 21:00' }]",+62 822-6836-5880,1.0730953,104.0248546,https://www.google.com/maps/place/Areum+Beauty+Panbil/data=!4m7!3m6!1s0x31d98f7ecf70151f:0xff34360c10323ec2!8m2!3d1.0730953!4d104.0248546!16s%2Fg%2F11vyhwjcky!19sChIJHxVwz36P2TERwj4yEAw2NP8?authuser=0&hl=en&rclk=1,4.0,Healthcare,Indonesia.Batam.Kesehatan.202408050759.db,1.0731,104.02485,duplicate_cross_file
714,Clubhouse  Villa Panbil,4.4,328,2,Cafe,"['Dine-in', 'Takeaway']","Villa Panbil, Jl. Ahmad Yani, Muka Kuning, Kecamatan Nongsa, Kota Batam, Kepulauan Riau 29433, Indonesia","[{ day: 'Monday', hours: '09:00 – 22:00' }, { day: 'Tuesday', hours: '09:00 – 22:00' }, { day: 'Wednesday', hours: '09:00 – 22:00' }, { day: 'Thursday', hours: '09:00 – 22:00' }, { day: 'Friday', hours: '09:00 – 23:00' }, { day: 'Saturday', hours: '08:00 – 23:00' }, { day: 'Sunday', hours: '08:00 – 22:00' }]",+62 821-7007-7227,1.0898055,104.0267252,"https://www.google.com/maps/place/Clubhouse,+Villa+Panbil/data=!4m7!3m6!1s0x31d98eb9a1220fcb:0xcc02ac459630b7b4!8m2!3d1.0898055!4d104.0267252!16s%2Fg%2F11by_dzt73!19sChIJyw8iobmO2TERtLcwlkWsAsw?authuser=0&hl=en&rclk=1",5.0,Healthcare,Indonesia.Batam.Kesehatan.202408050759.db,1.08981,104.02673,duplicate_cross_file
739,Eiko Skincare Batam,5.0,49,0,Beautician,[],"Monde Junction, Ruko, Jl. Pasir Putih No.8 Blok A, Sadai, Kec. Bengkong, Kota Batam, Kepulauan Riau, Indonesia","[{ day: 'Monday', hours: '10:00 – 21:00' }, { day: 'Tuesday', hours: '10:00 – 21:00' }, { day: 'Wednesday', hours: '10:00 – 21:00' }, { day: 'Thursday', hours: '10:00 – 21:00' }, { day: 'Friday', hours: '10:00 – 21:00' }, { day: 'Saturday', hours: '10:00 – 21:00' }, { day: 'Sunday', hours: '10:00 – 21:00' }]",+62 821-3197-7046,1.1437829,104.0499576,https://www.google.com/maps/place/Eiko+Skincare+Batam/data=!4m7!3m6!1s0x31d98d8298b8b33f:0xa2684fb06b9dcbf1!8m2!3d1.1437829!4d104.0499576!16s%2Fg%2F11t_gv6_tr!19sChIJP7O4mIKN2TER8cuda7BPaKI?authuser=0&hl=en&rclk=1,5.0,Healthcare,Indonesia.Batam.Kesehatan.202408050759.db,1.14378,104.04996,duplicate_cross_file
762,Kalluna,4.7,36,0,Beauty supply store,"['In-store pick-up', 'Delivery']","Kampung utama 3 blok h no 10, Lubuk Baja Kota, Lubuk Baja, Batam City, Riau Islands 29444, Indonesia","[{ day: 'Monday', hours: '10:00 – 21:00' }, { day: 'Tuesday', hours: '10:00 – 21:00' }, { day: 'Wednesday', hours: '10:00 – 21:00' }, { day: 'Thursday', hours: '10:00 – 21:00' }, { day: 'Friday', hours: '10:00 – 21:00' }, { day: 'Saturday', hours: '10:00 – 21:00' }, { day: 'Sunday', hours: '10:00 – 21:00' }]",+62 822-8840-5722,1.141331,104.0144396,https://www.google.com/maps/place/Kalluna/data=!4m7!3m6!1s0x31d98964b87e5c2b:0x499823f182e6929d!8m2!3d1.141331!4d104.0144396!16s%2Fg%2F11jn4wr060!19sChIJK1x-uGSJ2TERnZLmgvEjmEk?authuser=0&hl=en&rclk=1,5.0,Healthcare,Indonesia.Batam.Kesehatan.202408050759.db,1.14133,104.01444,duplicate_cross_file
770,Cimuka Batam,5.0,23,0,Beauty salon,[],"Komp. Nagoya Thamrin City Blok E 11, Indonesia","[{ day: 'Monday', hours: '10:00 – 21:00' }, { day: 'Tuesday', hours: '10:00 – 21:00' }, { day: 'Wednesday', hours: '10:00 – 21:00' }, { day: 'Thursday', hours: '10:00 – 21:00' }, { day: 'Friday', hours: '10:00 – 21:00' }, { day: 'Saturday', hours: '10:00 – 21:00' }, { day: 'Sunday', hours: '10:00 – 21:00' }]",+62 811-1112-7733,1.144997,104.0145448,https://www.google.com/maps/place/Cimuka+Batam/data=!4m7!3m6!1s0x31d989004858b80f:0x569365664c6a5519!8m2!3d1.144997!4d104.0145448!16s%2Fg%2F11vpp89gv_!19sChIJD7hYSACJ2TERGVVqTGZlk1Y?authuser=0&hl=en&rclk=1,4.0,Healthcare,Indonesia.Batam.Kesehatan.202408050759.db,1.145,104.01454,duplicate_cross_file
774,Akyla Beauty Batu Aji,4.8,21,0,Cosmetics store,"['In-store pick-up', 'Delivery']","Ruko ABC, Blk. A Jl. Batu Aji No.3, Sagulung Kota, Kec. Sagulung, Kota Batam, Kepulauan Riau 29425, Indonesia","[{ day: 'Monday', hours: '09:00 – 21:00' }, { day: 'Tuesday', hours: '09:00 – 21:00' }, { day: 'Wednesday', hours: '09:00 – 21:00' }, { day: 'Thursday', hours: '09:00 – 21:00' }, { day: 'Friday', hours: '09:00 – 21:00' }, { day: 'Saturday', hours: '09:00 – 21:00' }, { day: 'Sunday', hours: '09:00 – 21:00' }]",+62 812-6784-2499,1.0457946,103.9573932,https://www.google.com/maps/place/Akyla+Beauty+Batu+Aji/data=!4m7!3m6!1s0x31d98d978494a72b:0x6f17404ca8433693!8m2!3d1.0457946!4d103.9573932!16s%2Fg%2F11rvbsbhj7!19sChIJK6eUhJeN2TERkzZDqExAF28?authuser=0&hl=en&rclk=1,4.0,Healthcare,Indonesia.Batam.Kesehatan.202408050759.db,1.04579,103.95739,duplicate_cross_file
856,STOKIS NASA BATAM_ITA,5.0,2,0,Health and beauty shop,"['In-store shopping', 'Kerbside pickup', 'Delivery']","Perumahan Mutiara Hijau, Blok A2 No.6 RT/RW. 001, 006, Duriangkang, Kec. Sei Beduk, Kota Batam, Kepulauan Riau 29437, Indonesia",[],+62 852-6439-9525,1.0285345,104.05573,https://www.google.com/maps/place/STOKIS+NASA+BATAM_ITA/data=!4m7!3m6!1s0x31d98f39e2358271:0x693fa539753bf312!8m2!3d1.0285345!4d104.05573!16s%2Fg%2F11rvlzwhr1!19sChIJcYI14jmP2TEREvM7dTmlP2k?authuser=0&hl=en&rclk=1,4.0,Healthcare,Indonesia.Batam.Kesehatan.202408050759.db,1.02853,104.05573,duplicate_cross_file
1150,Endar Aesthetic,5.0,22,0,Cosmetics store,[],"Komplek town house, Jl. Ciptaland Blk. Melati No.23, Tiban Indah, Kec. Sekupang, Kota Batam, Kepulauan Riau 29427, Indonesia","[{ day: 'Monday', hours: '08:00 – 00:00' }, { day: 'Tuesday', hours: '12:00 – 06:30' }, { day: 'Wednesday', hours: '12:00 – 06:30' }, { day: 'Thursday', hours: '12:00 – 06:30' }, { day: 'Friday', hours: '08:00 – 17:00' }, { day: 'Saturday', hours: '08:00 – 00:00' }, { day: 'Sunday', hours: '12:00 – 06:00' }]",+62 895-3915-44570,1.1318088,103.97733,https://www.google.com/maps/place/Endar+Aesthetic/data=!4m7!3m6!1s0x31d98bab54133a5f:0x99de139a51abdf34!8m2!3d1.1318088!4d103.97733!16s%2Fg%2F11y6mc5q3m!19sChIJXzoTVKuL2TERNN-rUZoT3pk?authuser=0&hl=en&rclk=1,5.0,Healthcare,Indonesia.Batam.Kesehatan.202408050759.db,1.13181,103.97733,duplicate_cross_file
1175,Toko Benings Rosie,5.0,1,0,Cosmetics store,[],"4X8H+J2R, Jl. Tiban Indah Permai, Tiban Indah, Kec. Sekupang, Kota Batam, Kepulauan Riau, Indonesia",[],,1.1166097,103.9775236,https://www.google.com/maps/place/Toko+Benings+Rosie/data=!4m7!3m6!1s0x31d98bfdf5fd197b:0x41e31d4112e11afd!8m2!3d1.1166097!4d103.9775236!16s%2Fg%2F11vlqgw_f4!19sChIJexn99f2L2TER_RrhEkEd40E?authuser=0&hl=en&rclk=1,5.0,Healthcare,Indonesia.Batam.Kesehatan.202408050759.db,1.11661,103.97752,duplicate_cross_file
1279,Homestay Rumah Cantik,2.1,8,0,,[],"Tiban bukit Asri blok B no 1-3, Tiban Baru, Kec. Sekupang, Kota Batam, Kepulauan Riau 29424, Indonesia",[],,1.1085775,103.962102,https://www.google.com/maps/place/Homestay+Rumah+Cantik/data=!4m7!3m6!1s0x31d98b81fdaf1c19:0x860faf4c1f9182b0!8m2!3d1.1085775!4d103.962102!16s%2Fg%2F11gc883q4v!19sChIJGRyv_YGL2TERsIKRH0yvD4Y?authuser=0&hl=en&rclk=1,5.0,Healthcare,Indonesia.Batam.Kesehatan.202408050759.db,1.10858,103.9621,duplicate_cross_file
1292,BG Skin Store Batam,5.0,14,0,Skin care products vending machine,[],"Jl. Tiban Indah No..20 Blok R, Tiban Indah, Sekupang, Batam City, Riau Islands 29424, Indonesia","[{ day: 'Monday', hours: '08:00 – 20:00' }, { day: 'Tuesday', hours: '08:00 – 20:00' }, { day: 'Wednesday', hours: '08:00 – 20:00' }, { day: 'Thursday', hours: '08:00 – 20:00' }, { day: 'Friday', hours: '08:00 – 20:00' }, { day: 'Saturday', hours: '08:00 – 20:00' }, { day: 'Sunday', hours: '08:00 – 20:00' }]",+62 852-8403-1919,1.1157224,103.9811744,https://www.google.com/maps/place/BG+Skin+Store+Batam/data=!4m7!3m6!1s0x31d98b015d4a6065:0x437d0d393cb45252!8m2!3d1.1157224!4d103.9811744!16s%2Fg%2F11sy_8qp1j!19sChIJZWBKXQGL2TERUlK0PDkNfUM?authuser=0&hl=en&rclk=1,-1.0,Healthcare,Indonesia.Batam.Kesehatan.202408050759.db,1.11572,103.98117,duplicate_cross_file
1324,Komp Tiban Makmur Tahap 1,4.4,34,0,Housing complex,[],"Makmur Blok H,, Jl. Laksamana Bintan No.1, Tiban Lama, Batam Kota, Batam City, Riau Islands 29444, Indonesia",[],,1.1261703,103.970572,https://www.google.com/maps/place/Komp+Tiban+Makmur+Tahap+1/data=!4m7!3m6!1s0x31d98ba4d3362da9:0x83ad98d1de92f9cb!8m2!3d1.1261703!4d103.970572!16s%2Fg%2F11c60jkp0g!19sChIJqS0206SL2TERy_mS3tGYrYM?authuser=0&hl=en&rclk=1,5.0,Healthcare,Indonesia.Batam.Kesehatan.202408050759.db,1.12617,103.97057,duplicate_cross_file
1325,Tiban Makmur Residence Tahap 2,4.3,36,0,Housing complex,[],"4XGC+MC, Tiban Makmur Residence, Block S No. 12, Patam Lestari, Sekupang, Batam City, Riau Islands 29424, Indonesia",[],,1.1275992,103.9720389,https://www.google.com/maps/place/Tiban+Makmur+Residence+Tahap+2/data=!4m7!3m6!1s0x31d98b90d5f15dd7:0xb8a8baefa6ec4bd!8m2!3d1.1275992!4d103.9720389!16s%2Fg%2F11j6whrf2_!19sChIJ113x1ZCL2TERvcRu-q6Ligs?authuser=0&hl=en&rclk=1,4.0,Healthcare,Indonesia.Batam.Kesehatan.202408050759.db,1.1276,103.97204,duplicate_cross_file
1413,Stokis Herbal Shangratu Batam,5.0,11,0,Health and beauty shop,"['In-store shopping', 'In-store pick-up', 'Delivery']","Perumahan Green Boulevard blok B no 28, Kel, Tiban Baru, Kec. Sekupang, Kota Batam, Kepulauan Riau 29424, Indonesia","[{ day: 'Monday', hours: '06:00 – 22:00' }, { day: 'Tuesday', hours: '06:00 – 21:30' }, { day: 'Wednesday', hours: '06:00 – 22:00' }, { day: 'Thursday', hours: '06:00 – 22:00' }, { day: 'Friday', hours: '06:00 – 22:00' }, { day: 'Saturday', hours: '06:00 – 22:00' }, { day: 'Sunday', hours: '06:00 – 22:00' }]",+62 812-7081-9067,1.1056881,103.9581673,https://www.google.com/maps/place/Stokis+Herbal+Shangratu+Batam/data=!4m7!3m6!1s0x31d98bacda1e840f:0x5d4955f7293694fd!8m2!3d1.1056881!4d103.9581673!16s%2Fg%2F11jdyzqxb6!19sChIJD4Qe2qyL2TER_ZQ2KfdVSV0?authuser=0&hl=en&rclk=1,4.0,Healthcare,Indonesia.Batam.Kesehatan.202408050759.db,1.10569,103.95817,duplicate_cross_file
1465,British Propolis Batam,5.0,10,0,Vitamin & supplements store,"['In-store shopping', 'In-store pick-up', 'Delivery']","Cluster taman raya blok CTI no 27, RT.001/RW.XXXII, Belian, Kec. Batam Kota, Kota Batam, Kepulauan Riau 29432, Indonesia",[],,1.1238114,104.094577,https://www.google.com/maps/place/British+Propolis+Batam/data=!4m7!3m6!1s0x31d9898e7be834b5:0xe3d0d03303155558!8m2!3d1.1238114!4d104.094577!16s%2Fg%2F11j7bpsfd1!19sChIJtTToe46J2TERWFUVAzPQ0OM?authuser=0&hl=en&rclk=1,5.0,Healthcare,Indonesia.Batam.Kesehatan.202408050759.db,1.12381,104.09458,duplicate_cross_file
1485,Derma Express Batam,5.0,1,0,Skin care clinic,[],"Ruko Grand Niaga Mas, Blok A No.29, Kota Batam, Kepulauan Riau 29444, Indonesia","[{ day: 'Monday', hours: '11:00 – 20:00' }, { day: 'Tuesday', hours: '11:00 – 20:00' }, { day: 'Wednesday', hours: '11:00 – 20:00' }, { day: 'Thursday', hours: '11:00 – 20:00' }, { day: 'Friday', hours: '11:00 – 20:00' }, { day: 'Saturday', hours: '09:00 – 20:00' }, { day: 'Sunday', hours: '09:00 – 20:00' }]",,1.1157531,104.0592828,https://www.google.com/maps/place/Derma+Express+Batam/data=!4m7!3m6!1s0x31d989fafc259fbb:0x9aa145566fb35bd5!8m2!3d1.1157531!4d104.0592828!16s%2Fg%2F11shh6qv_w!19sChIJu58l_PqJ2TER1Vuzb1ZFoZo?authuser=0&hl=en&rclk=1,5.0,Healthcare,Indonesia.Batam.Kesehatan.202408050759.db,1.11575,104.05928,duplicate_cross_file
1520,Akyla Beauty Batam Centre,4.2,5,0,Cosmetics wholesaler,[],"Ruko Tunas Bizpark Blok B No. 3A, Deretan Top 100 KDA, Kota Batam, Kepulauan Riau 29464, Indonesia","[{ day: 'Monday', hours: '10:00 – 22:00' }, { day: 'Tuesday', hours: '10:00 – 22:00' }, { day: 'Wednesday', hours: '10:00 – 22:00' }, { day: 'Thursday', hours: '10:00 – 22:00' }, { day: 'Friday', hours: '10:00 – 22:00' }, { day: 'Saturday', hours: '10:00 – 22:00' }, { day: 'Sunday', hours: '10:00 – 22:00' }]",+62 821-6902-7604,1.1055608,104.0762907,https://www.google.com/maps/place/Akyla+Beauty+Batam+Centre/data=!4m7!3m6!1s0x31d98925b143d969:0xe8611cb1e28fab20!8m2!3d1.1055608!4d104.0762907!16s%2Fg%2F11txgy9g4w!19sChIJadlDsSWJ2TERIKuP4rEcYeg?authuser=0&hl=en&rclk=1,0.0,Healthcare,Indonesia.Batam.Kesehatan.202408050759.db,1.10556,104.07629,duplicate_cross_file
1531,BENING’S BATAM RAINY,5.0,1,0,Health and beauty shop,['Delivery'],"Jl Perumnas Sagulung Griya Sagulung permai Blok B No 33 Batu Aji, dekat pasar, Kec. Sagulung, Kota Batam, Kepulauan Riau 29425, Indonesia","[{ day: 'Monday', hours: '09:00 – 21:00' }, { day: 'Tuesday', hours: '09:00 – 21:00' }, { day: 'Wednesday', hours: '09:00 – 21:00' }, { day: 'Thursday', hours: '09:00 – 21:00' }, { day: 'Friday', hours: '09:00 – 21:00' }, { day: 'Saturday', hours: '09:00 – 21:00' }, { day: 'Sunday', hours: '09:00 – 21:00' }]",+62 812-6883-1945,1.0476735,103.9524527,https://www.google.com/maps/place/BENING%E2%80%99S+BATAM+RAINY/data=!4m7!3m6!1s0x31d98d9365bec0a7:0xdcc8ee3692c4ff0b!8m2!3d1.0476735!4d103.9524527!16s%2Fg%2F11tb8fsnb6!19sChIJp8C-ZZON2TERC__EkjbuyNw?authuser=0&hl=en&rclk=1,5.0,Healthcare,Indonesia.Batam.Kesehatan.202408050759.db,1.04767,103.95245,duplicate_cross_file
1638,Pelita,4.7,12,0,,[],"42RC+V4V, Kampung Pelita, Lubuk Baja, Batam City, Riau Islands 29444, Indonesia",[],,1.1422386,104.0202948,https://www.google.com/maps/place/Pelita/data=!4m7!3m6!1s0x31d989120e4517b5:0x5a8c566d753f24d8!8m2!3d1.1422386!4d104.0202948!16s%2Fg%2F11h7pscjp7!19sChIJtRdFDhKJ2TER2CQ_dW1WjFo?authuser=0&hl=en&rclk=1,5.0,Healthcare,Indonesia.Batam.Kesehatan.202408050759.db,1.14224,104.02029,duplicate_cross_file
1708,Apotek Windsor Farma,5.0,3,0,Pharmacy,['In-store shopping'],"Komplek Windsor Central, Lubuk Baja Kota, Kec. Lubuk Baja, Kota Batam, Kepulauan Riau 29432, Indonesia",[],+62 812-6819-9998,1.1416481,104.0130951,https://www.google.com/maps/place/Apotek+Windsor+Farma/data=!4m7!3m6!1s0x31d989bfa2ab0acf:0xb3ff086bfb391b0!8m2!3d1.1416481!4d104.0130951!16s%2Fg%2F11v3ls5q1t!19sChIJzwqror-J2TERsJGzv4bwPws?authuser=0&hl=en&rclk=1,5.0,Healthcare,Indonesia.Batam.Kesehatan.202408050759.db,1.14165,104.0131,duplicate_cross_file
1710,Boston Nagoya Hill,4.0,4,0,Health and beauty shop,"['In-store shopping', 'Delivery']","Nagoya Hill Lower Ground level, Lubuk Baja Kota, Kec. Lubuk Baja, Kota Batam, Kepulauan Riau 29444, Indonesia","[{ day: 'Monday', hours: '10:00 – 22:00' }, { day: 'Tuesday', hours: '10:00 – 22:00' }, { day: 'Wednesday', hours: '10:00 – 22:00' }, { day: 'Thursday', hours: '10:00 – 22:00' }, { day: 'Friday', hours: '10:00 – 22:00' }, { day: 'Saturday', hours: '10:00 – 22:00' }, { day: 'Sunday', hours: '10:00 – 22:00' }]",+62 821-7544-2638,1.1465273,104.0124012,https://www.google.com/maps/place/Boston+Nagoya+Hill/data=!4m7!3m6!1s0x31d989c559d9bd8b:0xb75df8292c440d8b!8m2!3d1.1465273!4d104.0124012!16s%2Fg%2F11hzhc5jdb!19sChIJi73ZWcWJ2TERiw1ELCn4Xbc?authuser=0&hl=en&rclk=1,4.0,Healthcare,Indonesia.Batam.Kesehatan.202408050759.db,1.14653,104.0124,duplicate_cross_file
1712,Vitka Fitness & Aerobic Windsor Central,4.2,37,0,Gym and Fitness Centre,[],"Jl. Imam Bondjol Komp. Windsor Central No.3 blok B, RW.4, Lubuk Baja Kota, Kec. Lubuk Baja, Kota Batam, Kepulauan Riau 29444, Indonesia","[{ day: 'Monday', hours: '07:00 – 22:00' }, { day: 'Tuesday', hours: '07:00 – 22:00' }, { day: 'Wednesday', hours: '07:00 – 22:00' }, { day: 'Thursday', hours: '07:00 – 22:00' }, { day: 'Friday', hours: '07:00 – 22:00' }, { day: 'Saturday', hours: '07:00 – 22:00' }, { day: 'Sunday', hours: '07:00 – 22:00' }]",+62 878-1855-2288,1.1416775,104.0120641,https://www.google.com/maps/place/Vitka+Fitness+%26+Aerobic+Windsor+Central/data=!4m7!3m6!1s0x31d989bccdd3fa75:0x8057da9e2bf5f907!8m2!3d1.1416775!4d104.0120641!16s%2Fg%2F11fqtwy_lx!19sChIJdfrTzbyJ2TERB_n1K57aV4A?authuser=0&hl=en&rclk=1,5.0,Healthcare,Indonesia.Batam.Kesehatan.202408050759.db,1.14168,104.01206,duplicate_cross_file
1716,Ekles Clinic Batam,5.0,320,0,Skin care clinic,[],"Ruko Unit 42, Jl. Batam Park Blok R 6 & MG 4, Lubuk Baja Kota, Kec. Lubuk Baja, Kota Batam, Kepulauan Riau 29444, Indonesia","[{ day: 'Monday', hours: '10:00 – 18:00' }, { day: 'Tuesday', hours: '10:00 – 18:00' }, { day: 'Wednesday', hours: '10:00 – 18:00' }, { day: 'Thursday', hours: '10:00 – 18:00' }, { day: 'Friday', hours: '10:00 – 18:00' }, { day: 'Saturday', hours: '10:00 – 18:00' }, { day: 'Sunday', hours: '10:00 – 18:00' }]",+62 811-9651-0199,1.1416498,104.011322,https://www.google.com/maps/place/Ekles+Clinic+Batam/data=!4m7!3m6!1s0x31d98fdd3ca5a625:0x7c4c0a6590e1aa2f!8m2!3d1.1416498!4d104.011322!16s%2Fg%2F11fl498zs5!19sChIJJaalPN2P2TERL6rhkGUKTHw?authuser=0&hl=en&rclk=1,0.0,Healthcare,Indonesia.Batam.Kesehatan.202408050759.db,1.14165,104.01132,duplicate_cross_file
1719,Eska Wellness Nagoya Hill,4.7,2,0,Wellness center,[],"F3 & F3A, Ruko Nagoya Hill Block R4 No.F2, Lubuk Baja Kota, Kec. Lubuk Baja, Kota Batam, Kepulauan Riau, Indonesia",[],+62 811-7046-876,1.1459083,104.0117449,https://www.google.com/maps/place/Eska+Wellness+Nagoya+Hill/data=!4m7!3m6!1s0x31d989860b5ad37b:0x667a3832bae4f1f0!8m2!3d1.1459083!4d104.0117449!16s%2Fg%2F1hm3md1rn!19sChIJe9NaC4aJ2TER8PHkujI4emY?authuser=0&hl=en&rclk=1,0.0,Healthcare,Indonesia.Batam.Kesehatan.202408050759.db,1.14591,104.01174,duplicate_cross_file
1735,GUARDIAN - Nagoya Hills,3.7,15,0,Health and beauty shop,"['In-store shopping', 'In-store pick-up']","Komp. Nagoya Hill Superblock Unit SM R-1, Jl. Teuku Umar No.Kel, Lubuk Baja Kota, Kec. Lubuk Baja, Kota Batam, Kepulauan Riau 29444, Indonesia",[],,1.1466684,104.0128805,https://www.google.com/maps/place/GUARDIAN+-+Nagoya+Hills/data=!4m7!3m6!1s0x31d98938d3158f55:0x5ebbd6a261a2ec06!8m2!3d1.1466684!4d104.0128805!16s%2Fg%2F11fkvnywn3!19sChIJVY8V0ziJ2TERBuyiYaLWu14?authuser=0&hl=en&rclk=1,4.0,Healthcare,Indonesia.Batam.Kesehatan.202408050759.db,1.14667,104.01288,duplicate_cross_file
1745,The Hills Hotel Batam,4.1,715,0,,[],"Jl. Teuku Umar No.1, Kp. Seraya, Kec. Lubuk Baja, Kota Batam, Kepulauan Riau 29444, Indonesia",[],+62 812-6882-8585,1.1484868,104.0128208,https://www.google.com/maps/place/The+Hills+Hotel+Batam/data=!4m7!3m6!1s0x31d98ebffdf55535:0x7277fbfdbc2ea8e1!8m2!3d1.1484868!4d104.0128208!16s%2Fg%2F11bc7tj4yt!19sChIJNVX1_b-O2TER4aguvP37d3I?authuser=0&hl=en&rclk=1,5.0,Healthcare,Indonesia.Batam.Kesehatan.202408050759.db,1.14849,104.01282,duplicate_cross_file
1780,Eska Aesthetic Clinic & Medispa,4.9,206,0,Skin care clinic,[],"Baloi Kusuma Indah Jl. Bunga Raya No.15D Blok A, No. 15C, Batu Selicin, Kec. Lubuk Baja, Kota Batam, Kepulauan Riau 29444, Indonesia","[{ day: 'Monday', hours: '10:00 – 20:00' }, { day: 'Tuesday', hours: '10:00 – 20:00' }, { day: 'Wednesday', hours: '10:00 – 20:00' }, { day: 'Thursday', hours: '10:00 – 20:00' }, { day: 'Friday', hours: '10:00 – 20:00' }, { day: 'Saturday', hours: '10:00 – 20:00' }, { day: 'Sunday', hours: '10:00 – 20:00' }]",,1.1318055,104.0074607,https://www.google.com/maps/place/Eska+Aesthetic+Clinic+%26+Medispa/data=!4m7!3m6!1s0x31d9897d7f161f65:0x639c419211282e4!8m2!3d1.1318055!4d104.0074607!16s%2Fg%2F11b7r502kr!19sChIJZR8Wf32J2TER5IISIRnEOQY?authuser=0&hl=en&rclk=1,5.0,Healthcare,Indonesia.Batam.Kesehatan.202408050759.db,1.13181,104.00746,duplicate_cross_file
1786,Toko Obat Paradise,4.1,15,0,Herbal medicine store,[],"KOMPLEK Nagoya Paradise, Jl. Imam Bonjol No.8, Batu Selicin, Kec. Lubuk Baja, Kota Batam, Kepulauan Riau 29444, Indonesia","[{ day: 'Monday', hours: '08:30 – 18:30' }, { day: 'Tuesday', hours: '08:30 – 18:30' }, { day: 'Wednesday', hours: '08:30 – 18:30' }, { day: 'Thursday', hours: '08:30 – 18:30' }, { day: 'Friday', hours: '08:30 – 18:30' }, { day: 'Saturday', hours: '08:30 – 18:30' }, { day: 'Sunday', hours: '08:30 – 18:30' }]",,1.1417086,104.0057296,https://www.google.com/maps/place/Toko+Obat+Paradise/data=!4m7!3m6!1s0x31d98a2a5d5c1edd:0x70a4c1bcb29ee8eb!8m2!3d1.1417086!4d104.0057296!16s%2Fg%2F1hm316q5b!19sChIJ3R5cXSqK2TER6-iesrzBpHA?authuser=0&hl=en&rclk=1,4.0,Healthcare,Indonesia.Batam.Kesehatan.202408050759.db,1.14171,104.00573,duplicate_cross_file
1790,Eudora Aesthetic Clinic - BCS MAll,3.3,6,0,Skin care clinic,[],"Batam City Square, Jl. Bunga Raya, Batu Selicin, Lubuk Baja, Batam City, Riau Islands 29442, Indonesia",[],+62 823-8777-1172,1.1321944,104.0108329,https://www.google.com/maps/place/Eudora+Aesthetic+Clinic+-+BCS+MAll/data=!4m7!3m6!1s0x31d989d9b62a12c9:0xcd735600fea2db1!8m2!3d1.1321944!4d104.0108329!16s%2Fg%2F11svb7qy3b!19sChIJyRIqttmJ2TERsS3qD2A11ww?authuser=0&hl=en&rclk=1,-1.0,Healthcare,Indonesia.Batam.Kesehatan.202408050759.db,1.13219,104.01083,duplicate_cross_file
1794,MIMO Beauty Studio,5.0,26,0,Beauty salon,[],"Komplek Penuin Permai Blok A No 1, Batu Selicin, Kec. Lubuk Baja, Kota Batam, Kepulauan Riau 29444, Indonesia",[],+62 812-6999-2725,1.1350842,104.0107448,https://www.google.com/maps/place/MIMO+Beauty+Studio/data=!4m7!3m6!1s0x31d989482257cb71:0x8b0f0fd9177e6a30!8m2!3d1.1350842!4d104.0107448!16s%2Fg%2F11fj87kpb1!19sChIJcctXIkiJ2TERMGp-F9kPD4s?authuser=0&hl=en&rclk=1,5.0,Healthcare,Indonesia.Batam.Kesehatan.202408050759.db,1.13508,104.01074,duplicate_cross_file
1852,21Batamnest 燕窝工厂批发 Batam Bird Nest Wholesale Factory,4.7,16,0,Food producer,[],"Next to Reborn Massage Penuin, Jl. Komp. Penuin Centre No.2 Blok R, Lubuk Baja, Batam City, Riau Islands 29444, Indonesia",[],+62 812-2000-0398,1.1339968,104.0102351,https://www.google.com/maps/place/21Batamnest+%E7%87%95%E7%AA%9D%E5%B7%A5%E5%8E%82%E6%89%B9%E5%8F%91+Batam+Bird+Nest+Wholesale+Factory/data=!4m7!3m6!1s0x31d98bbdbcb95227:0x44d6c384f2a25f4b!8m2!3d1.1339968!4d104.0102351!16s%2Fg%2F11g7z6xc3f!19sChIJJ1K5vL2L2TERS1-i8oTD1kQ?authuser=0&hl=en&rclk=1,5.0,Healthcare,Indonesia.Batam.Kesehatan.202408050759.db,1.134,104.01024,duplicate_cross_file
1863,Juwis Optical,5.0,1,0,Eye care center,[],"422Q+92G, Ground Floor Kepri Mall, JL. Jenderal Sudirman, Simpang Kabil, Sukajadi, Kec. Batam Kota, Kota Batam, Kepulauan Riau 29444, Indonesia",[],,1.1009254,104.0375877,https://www.google.com/maps/place/Juwis+Optical/data=!4m7!3m6!1s0x31d98eccb7ba52ef:0xf54408bcfc4ef11e!8m2!3d1.1009254!4d104.0375877!16s%2Fg%2F1pzqrspkp!19sChIJ71K6t8yO2TERHvFO_LwIRPU?authuser=0&hl=en&rclk=1,5.0,Healthcare,Indonesia.Batam.Kesehatan.202408050759.db,1.10093,104.03759,duplicate_cross_file
1872,Club House   Central,4.1,36,0,Beauty salon,[],"Jl. Central Raya No.16, Sukajadi, Kec. Batam Kota, Kota Batam, Kepulauan Riau 29444, Indonesia","[{ day: 'Monday', hours: '08:00 – 21:00' }, { day: 'Tuesday', hours: '08:00 – 21:00' }, { day: 'Wednesday', hours: '08:00 – 21:00' }, { day: 'Thursday', hours: '08:00 – 21:00' }, { day: 'Friday', hours: '08:00 – 21:00' }, { day: 'Saturday', hours: '08:00 – 21:00' }, { day: 'Sunday', hours: '08:00 – 21:00' }]",,1.1005382,104.0338898,https://www.google.com/maps/place/Club+House+@+Central/data=!4m7!3m6!1s0x31d98ecb23b74f19:0xe726f5101537f79a!8m2!3d1.1005382!4d104.0338898!16s%2Fg%2F1hm3rz7dm!19sChIJGU-3I8uO2TERmvc3FRD1Juc?authuser=0&hl=en&rclk=1,5.0,Healthcare,Indonesia.Batam.Kesehatan.202408050759.db,1.10054,104.03389,duplicate_cross_file
1883,Stokis Shannen Batam,5.0,1,0,Cosmetics store,"['In-store pick-up', 'Delivery']","423G+MG3, Sukajadi, Batam Kota, Batam City, Riau Islands 29444, Indonesia",[],,1.1041301,104.0263049,https://www.google.com/maps/place/Stokis+Shannen+Batam/data=!4m7!3m6!1s0x31d989c923289eaf:0xabc2866d5c043e27!8m2!3d1.1041301!4d104.0263049!16s%2Fg%2F11hz9hry4v!19sChIJr54oI8mJ2TERJz4EXG2Gwqs?authuser=0&hl=en&rclk=1,5.0,Healthcare,Indonesia.Batam.Kesehatan.202408050759.db,1.10413,104.0263,duplicate_cross_file
1899,Spa Central Batam - Nagoya Hill Branch,4.8,1,0,Day spa,[],"Ruko Nagoya Hill Blok R4 No. D6-7, Lubuk Baja Kota, Kec. Lubuk Baja, Kota Batam, Kepulauan Riau 29432, Indonesia","[{ day: 'Monday', hours: '10:00 – 21:00' }, { day: 'Tuesday', hours: '10:00 – 21:00' }, { day: 'Wednesday', hours: '10:00 – 21:00' }, { day: 'Thursday', hours: '10:00 – 21:00' }, { day: 'Friday', hours: '10:00 – 22:00' }, { day: 'Saturday', hours: '10:00 – 22:00' }, { day: 'Sunday', hours: '10:00 – 22:00' }]",+62 811-7785-508,1.1468322,104.0113629,https://www.google.com/maps/place/Spa+Central+Batam+-+Nagoya+Hill+Branch/data=!4m7!3m6!1s0x31d989f175d082b5:0x119c9f8562fe84ef!8m2!3d1.1468322!4d104.0113629!16s%2Fg%2F11f5v9g7v2!19sChIJtYLQdfGJ2TER74T-YoWfnBE?authuser=0&hl=en&rclk=1,0.0,Healthcare,Indonesia.Batam.Kesehatan.202408050759.db,1.14683,104.01136,duplicate_cross_file
1910,Grand Eska Hotel & Suites Batam,4.4,325,0,,[],"Jl. Prambanan No.1, Sungai Jodoh, Kec. Batu Ampar, Kota Batam, Kepulauan Riau 29444, Indonesia",[],+62 811-6915-353,1.1530997,104.0080091,https://www.google.com/maps/place/Grand+Eska+Hotel+%26+Suites+Batam/data=!4m7!3m6!1s0x31d9892294873efb:0xcdee2fcb148cd80e!8m2!3d1.1530997!4d104.0080091!16s%2Fg%2F11hz19p7p6!19sChIJ-z6HlCKJ2TERDtiMFMsv7s0?authuser=0&hl=en&rclk=1,5.0,Healthcare,Indonesia.Batam.Kesehatan.202408050759.db,1.1531,104.00801,duplicate_cross_file
1919,Kepri Mall,4.3,4,0,Shopping mall,[],"Kepri Mall Batam, Lt. UG Unit 42-44, Jl. Sudirman No.25-35, Sukajadi, Kec. Batam Kota, Kota Batam, Kepulauan Riau 29444, Indonesia",[],,1.1011245,104.0371199,https://www.google.com/maps/place/Kepri+Mall/data=!4m7!3m6!1s0x31d98fd52fe0a60f:0xb9f8b1b286a1cdcd!8m2!3d1.1011245!4d104.0371199!16s%2Fg%2F11kpzqf50w!19sChIJD6bgL9WP2TERzc2hhrKx-Lk?authuser=0&hl=en&rclk=1,5.0,Healthcare,Indonesia.Batam.Kesehatan.202408050759.db,1.10112,104.03712,duplicate_cross_file
2202,Naavagreen Natural Skin Care Batam,4.2,223,0,Skin care clinic,[],"Ruko Sentral Aladddin 1 Blok A no. 1 &2A, Jl. Raja Alikelana, Belian, Kec. Batam Kota, Kota Batam, Kepulauan Riau 29432, Indonesia","[{ day: 'Monday', hours: '09:00 – 18:00' }, { day: 'Tuesday', hours: '09:00 – 18:00' }, { day: 'Wednesday', hours: '09:00 – 18:00' }, { day: 'Thursday', hours: '09:00 – 18:00' }, { day: 'Friday', hours: '09:00 – 18:00' }, { day: 'Saturday', hours: '09:00 – 18:00' }, { day: 'Sunday', hours: '09:00 – 17:00' }]",,1.1072368,104.0790119,https://www.google.com/maps/place/Naavagreen+Natural+Skin+Care+Batam/data=!4m7!3m6!1s0x31d988b65cd0aaaf:0xfe9ff50e06baf78d!8m2!3d1.1072368!4d104.0790119!16s%2Fg%2F11d_pw87mb!19sChIJr6rQXLaI2TERjfe6Bg71n_4?authuser=0&hl=en&rclk=1,-1.0,Healthcare,Indonesia.Batam.Kesehatan.202408050759.db,1.10724,104.07901,duplicate_cross_file
2278,Klinik dan Apotek Biocare,4.1,157,0,Medical clinic,[],"Komp. Ruko Tunas Regency Blok A1 No. 12 Tj. Uncang, Sungai Binti, Kec. Sagulung, Kota Batam, Kepulauan Riau 29425, Indonesia",[],+62 822-1722-0000,1.0490754,103.9335786,https://www.google.com/maps/place/Klinik+dan+Apotek+Biocare/data=!4m7!3m6!1s0x31d98d3ebcd2128d:0xf7843b4d367beed2!8m2!3d1.0490754!4d103.9335786!16s%2Fg%2F11cjhrblqb!19sChIJjRLSvD6N2TER0u57Nk07hPc?authuser=0&hl=en&rclk=1,0.0,Healthcare,Indonesia.Batam.Kesehatan.202408050759.db,1.04908,103.93358,duplicate_cross_file
2376,Pustu Sei Jodoh Batam (Public medical center),0.0,0,0,,,"5244+7WF, Jodoh River, Batu Ampar, Batam City, Riau Islands 29444",[object Object],,1.1556834,104.0073114,https://www.google.com/maps/place/Pustu+Sei+Jodoh+Batam/data=!4m7!3m6!1s0x31d9890cfeab3bbb:0x27b02b8eb81d2b3d!8m2!3d1.1556834!4d104.0073114!16s%2Fg%2F11jr95x8d4!19sChIJuzur_gyJ2TERPSsduI4rsCc?authuser=0&hl=en&rclk=1,5.0,Healthcare,Indonesia.Batam.Kesehatan.202408050759.db,1.15568,104.00731,duplicate_cross_file
2428,AGEN ERTO'S BATAM,4.5,13,0,Health and beauty shop,,"Central Residence Sukajadi No.166, Batam Kota, Sukajadi, Kec. Batam Kota, Kota Batam, Kepulauan Riau 29444",[object Object],0858-3436-3436,1.1009179,104.0346969,https://www.google.com/maps/place/AGEN+ERTO%27S+BATAM/data=!4m7!3m6!1s0x31d98ecb4816a9cd:0x428c940fe7b4a2dd!8m2!3d1.1009179!4d104.0346969!16s%2Fg%2F11hbjhmf_g!19sChIJzakWSMuO2TER3aK05w-UjEI?authuser=0&hl=en&rclk=1,5.0,Healthcare,Indonesia.Batam.Kesehatan.202408050759.db,1.10092,104.0347,duplicate_cross_file
2560,Stokist Sari Uncariae Batam,5.0,1,0,Herbal medicine store,,"Mangsang Lestari Blok A.241, Tj. Piayu, Kec. Sei Beduk, Kota Batam, Kepulauan Riau 29433, Indonesia",[object Object],+62 813-7263-8088,1.0368244,104.0714371,https://www.google.com/maps/place/Stokist+Sari+Uncariae+Batam/data=!4m7!3m6!1s0x31d98fed88cb2147:0x148f8af20791b16d!8m2!3d1.0368244!4d104.0714371!16s%2Fg%2F11h4nrwp7y!19sChIJRyHLiO2P2TERbbGRB_KKjxQ?authuser=0&hl=en&rclk=1,4.0,Healthcare,Indonesia.Batam.Kesehatan.202408050759.db,1.03682,104.07144,duplicate_cross_file
2613,Apotek Kimia Farma Simpang Kara,4.3,76,0,Pharmacy,,"Housing, Komplek, Jl. Golden Land Jl. Ahmad Yani No.3 Blok L No, Taman Baloi, Kec. Batam Kota, Kota Batam, Kepulauan Riau 29432","[{""day"": ""Wednesday"", ""hours"": ""07:00 - 22:00""}, {""day"": ""Thursday"", ""hours"": ""07:00 - 22:00""}, {""day"": ""Friday"", ""hours"": ""07:00 - 22:00""}, {""day"": ""Saturday"", ""hours"": ""07:00 - 22:00""}, {""day"": ""Sunday"", ""hours"": ""07:00 - 22:00""}, {""day"": ""Monday"", ""hours"": ""07:00 - 22:00""}, {""day"": ""Tuesday"", ""hours"": ""07:00 - 22:00""}]",0822-6885-9926,1.1103961,104.0409899,https://www.google.com/maps/place/Apotek+Kimia+Farma+Simpang+Kara/data=!4m7!3m6!1s0x31d98936af7993df:0xa033829b1d4ac1a2!8m2!3d1.1103961!4d104.0409899!16s%2Fg%2F11mxjbjnfr!19sChIJ35N5rzaJ2TERosFKHZuCM6A?authuser=0&hl=en&rclk=1,5.0,Healthcare,Indonesia.Batam.Kesehatan.202408050759.db,1.1104,104.04099,duplicate_cross_file
2659,PT Buana sehat sentosa (Medical office),0.0,0,0,,,,"[{""day"": ""Wednesday"", ""hours"": ""08:00 - 16:00""}, {""day"": ""Thursday"", ""hours"": ""08:00 - 16:00""}, {""day"": ""Friday"", ""hours"": ""08:00 - 16:00""}, {""day"": ""Saturday"", ""hours"": ""20:00 - 00:00""}, {""day"": ""Sunday"", ""hours"": ""00:00 - 16:00""}, {""day"": ""Monday"", ""hours"": ""08:00 - 16:00""}, {""day"": ""Tuesday"", ""hours"": ""08:00 - 16:00""}]",0812-7741-5566,0.837166,104.053115,https://www.google.com/maps/place/PT.Buana+sehat+sentosa/data=!4m7!3m6!1s0x62d166f309b25b01:0x4c89e5528b222e9!8m2!3d0.837166!4d104.053115!16s%2Fg%2F11trzpchmt!19sChIJAVuyCfNm0WIR6SKyKFWeyAQ?authuser=0&hl=en&rclk=1,4.0,Healthcare,Indonesia.Batam.Kesehatan.202408050759.db,0.83717,104.05312,duplicate_cross_file
2680,PT BERKAH ANEKA KARYA (Health and beauty shop),0.0,0,0,,,,[object Object],0811-7040-171,0.837166,104.053115,https://www.google.com/maps/place/PT+BERKAH+ANEKA+KARYA/data=!4m7!3m6!1s0x8f7aa9338a8f6fcb:0x6bab38586cdf1f05!8m2!3d0.837166!4d104.053115!16s%2Fg%2F11v6fj6565!19sChIJy2-PijOpeo8RBR_fbFg4q2s?authuser=0&hl=en&rclk=1,5.0,Healthcare,Indonesia.Batam.Kesehatan.202408050759.db,0.83717,104.05312,duplicate_cross_file
2697,IIS SALON,5.0,1,0,Beauty salon,,"2XH5+FM9, Jl. Dapur 12 Jl. Kav Bukit Kamboja, Sei Pelunggut, Kec. Sagulung, Kota Batam, Kepulauan Riau 29439",[object Object],,1.028673,103.9592299,https://www.google.com/maps/place/IIS+SALON/data=!4m7!3m6!1s0x31d98d7fbfb2ebcb:0x34f82004e79655ef!8m2!3d1.028673!4d103.9592299!16s%2Fg%2F11vpjk_m3r!19sChIJy-uyv3-N2TER71WW5wQg-DQ?authuser=0&hl=en&rclk=1,4.0,Healthcare,Indonesia.Batam.Kesehatan.202408050759.db,1.02867,103.95923,duplicate_cross_file
2701,SR12 Herbal Batam (Cosmetics store),0.0,0,0,,,,[object Object],0819-9111-9203,1.7012151,106.2211275,https://www.google.com/maps/place/SR12+Herbal+Batam/data=!4m7!3m6!1s0x31d98b7f95a5db73:0x8f1fe07d8819b361!8m2!3d1.7012151!4d106.2211275!16s%2Fg%2F11g_sydsdn!19sChIJc9ullX-L2TERYbMZiH3gH48?authuser=0&hl=en&rclk=1,5.0,Healthcare,Indonesia.Batam.Kesehatan.202408050759.db,1.70122,106.22113,duplicate_cross_file
2722,Baba Parfume Batam,5.0,5,0,Cosmetics store,,"Kavling Bukit Seroja Blok I No 132-133 RT03/RW08, Sei Pelunggut, Kec. Sagulung, Kota Batam, Kepulauan Riau 29465",[object Object],0857-6780-6536,1.0405246,103.9489388,https://www.google.com/maps/place/Baba+Parfume+Batam/data=!4m7!3m6!1s0x31d987936a8d03b7:0xe82e61492b9359c0!8m2!3d1.0405246!4d103.9489388!16s%2Fg%2F11q3f0jtq3!19sChIJtwONapOH2TERwFmTK0lhLug?authuser=0&hl=en&rclk=1,4.0,Healthcare,Indonesia.Batam.Kesehatan.202408050759.db,1.04052,103.94894,duplicate_cross_file
2726,Distributor SYR Glowing (Stock),0.0,0,0,,,,[object Object],0812-6643-2048,-2.44565,117.8888,https://www.google.com/maps/place/Distributor+SYR+Glowing/data=!4m7!3m6!1s0x31d98bcce5666b5d:0x31cd9595a650b499!8m2!3d-2.44565!4d117.8888!16s%2Fg%2F11j6s01c17!19sChIJXWtm5cyL2TERmbRQppWVzTE?authuser=0&hl=en&rclk=1,0,Healthcare,Indonesia.Batam.Kesehatan.202408050759.db,-2.44565,117.8888,duplicate_cross_file
2760,RH Radiantz Batam,5.0,5,0,Health and beauty shop,,"Batam Center, Graha Mas, Komplek Rezeki, Blk. A No.5, Sungai Panas, Kec. Batam Kota, Kota Batam, Kepulauan Riau 29461","[{""day"": ""Wednesday"", ""hours"": ""09:00 - 18:30""}, {""day"": ""Thursday"", ""hours"": ""09:00 - 18:30""}, {""day"": ""Friday"", ""hours"": ""09:00 - 18:30""}, {""day"": ""Saturday"", ""hours"": ""09:00 - 18:30""}, {""day"": ""Sunday"", ""hours"": ""09:00 - 12:00""}, {""day"": ""Monday"", ""hours"": ""09:00 - 18:30""}, {""day"": ""Tuesday"", ""hours"": ""09:00 - 18:30""}]",0813-6313-7363,1.1254697,104.0250095,https://www.google.com/maps/place/RH+Radiantz+Batam/data=!4m7!3m6!1s0x31d989f573ea7451:0xdd9fdc32855f773a!8m2!3d1.1254697!4d104.0250095!16s%2Fg%2F11fsvkc194!19sChIJUXTqc_WJ2TEROndfhTLcn90?authuser=0&hl=en&rclk=1,5.0,Healthcare,Indonesia.Batam.Kesehatan.202408050759.db,1.12547,104.02501,duplicate_cross_file
2789,HWI - Distribution Centre Batam,5.0,5,0,Beauty product supplier,,"Ruko Aku Tahu Blok F No.8, Sungai Panas, Kec. Batam Kota, Kota Batam, Kepulauan Riau 29433","[{""day"": ""Wednesday"", ""hours"": ""10:00 - 18:00""}, {""day"": ""Thursday"", ""hours"": ""10:00 - 18:00""}, {""day"": ""Friday"", ""hours"": ""10:00 - 18:00""}, {""day"": ""Saturday"", ""hours"": ""10:00 - 18:00""}, {""day"": ""Sunday"", ""hours"": ""10:00 - 17:00""}, {""day"": ""Monday"", ""hours"": ""10:00 - 18:00""}, {""day"": ""Tuesday"", ""hours"": ""10:00 - 18:00""}]",0895-1522-0027,1.1339753,104.0337903,https://www.google.com/maps/place/HWI+-+Distribution+Centre+Batam/data=!4m7!3m6!1s0x31d98918d8a9996b:0xa8ea5438f77233ee!8m2!3d1.1339753!4d104.0337903!16s%2Fg%2F11grbzcpwd!19sChIJa5mp2BiJ2TER7jNy9zhU6qg?authuser=0&hl=en&rclk=1,5.0,Healthcare,Indonesia.Batam.Kesehatan.202408050759.db,1.13398,104.03379,duplicate_cross_file
2803,KOORA Aesthetic Clinic Batam,4.8,99,0,Skin care clinic,,"Ruko Orchid Batam Center blok B1 No 7-10, Panas River, Batam Kota, Batam City, Riau Islands 29433","[{""day"": ""Wednesday"", ""hours"": ""10:00 - 19:00""}, {""day"": ""Thursday"", ""hours"": ""10:00 - 19:00""}, {""day"": ""Friday"", ""hours"": ""10:00 - 19:00""}, {""day"": ""Saturday"", ""hours"": ""10:00 - 19:00""}, {""day"": ""Sunday"", ""hours"": ""10:00 - 19:00""}, {""day"": ""Monday"", ""hours"": ""10:00 - 19:00""}, {""day"": ""Tuesday"", ""hours"": ""10:00 - 19:00""}]",0811-7772-258,1.1254905,104.0272761,"https://www.google.com/maps/place/KOORA+Aesthetic+Clinic+Batam/@1.1254905,104.0272761,17z/data=!3m1!4b1!4m6!3m5!1s0x31d98f027ac80c89:0xde8a9e54d6233ce5!8m2!3d1.1254905!4d104.0272761!16s%2Fg%2F11fg48zmj9?authuser=0&hl=en&entry=ttu",5.0,Healthcare,Indonesia.Batam.Kesehatan.202408050759.db,1.12549,104.02728,duplicate_cross_file
2811,Skinderma Aesthetic Clinic,5.0,24,0,Skin care clinic,,"Jl. Ruko Greenland No.7 blok c, Tlk. Tering, Kec. Batam Kota, Kota Batam, Kepulauan Riau 29444","[{""day"": ""Wednesday"", ""hours"": ""10:00 - 19:00""}, {""day"": ""Thursday"", ""hours"": ""10:00 - 19:00""}, {""day"": ""Friday"", ""hours"": ""10:00 - 19:00""}, {""day"": ""Saturday"", ""hours"": ""10:00 - 19:00""}, {""day"": ""Sunday"", ""hours"": ""10:00 - 19:00""}, {""day"": ""Monday"", ""hours"": ""10:00 - 19:00""}, {""day"": ""Tuesday"", ""hours"": ""10:00 - 19:00""}]",0812-6188-4912,1.1243397,104.0475553,https://www.google.com/maps/place/Skinderma+Aesthetic+Clinic/data=!4m7!3m6!1s0x31d9897c7fc6f321:0xcb9652daea1608cf!8m2!3d1.1243397!4d104.0475553!16s%2Fg%2F11sw_qcwjv!19sChIJIfPGf3yJ2TERzwgW6tpSlss?authuser=0&hl=en&rclk=1,5.0,Healthcare,Indonesia.Batam.Kesehatan.202408050759.db,1.12434,104.04756,duplicate_cross_file
2818,Eudora Aesthetic Clinic - Batam Centre,4.6,150,0,Health and beauty shop,,"Jl. Raja Haji Fisabilillah No.12 B Komp. Ruko Mahkota Raya A No.19-20, Teluk Tering, Batam Kota, Batam City, Riau Islands 29444","[{""day"": ""Wednesday"", ""hours"": ""09:00 - 21:00""}, {""day"": ""Thursday"", ""hours"": ""09:00 - 21:00""}, {""day"": ""Friday"", ""hours"": ""09:00 - 21:00""}, {""day"": ""Saturday"", ""hours"": ""09:00 - 21:00""}, {""day"": ""Sunday"", ""hours"": ""09:00 - 21:00""}, {""day"": ""Monday"", ""hours"": ""09:00 - 21:00""}, {""day"": ""Tuesday"", ""hours"": ""09:00 - 21:00""}]",0811-7777-619,1.1292062,104.0372111,https://www.google.com/maps/place/Eudora+Aesthetic+Clinic+-+Batam+Centre/data=!4m7!3m6!1s0x31d98948c3acf85d:0x8b45a4eceb6aefd2!8m2!3d1.1292062!4d104.0372111!16s%2Fg%2F11fksw0rtz!19sChIJXfisw0iJ2TER0u9q6-ykRYs?authuser=0&hl=en&rclk=1,5.0,Healthcare,Indonesia.Batam.Kesehatan.202408050759.db,1.12921,104.03721,duplicate_cross_file
2837,Natasha Skin Clinic Centre,4.8,293,0,Skin care clinic,,"Mega Mall Batam Center First Floor No. 261-262, Jl. Engku Putri, Tlk. Tering, Kec. Batam Kota, Kota Batam, Kepulauan Riau 29461","[{""day"": ""Wednesday"", ""hours"": ""10:00 - 21:00""}, {""day"": ""Thursday"", ""hours"": ""10:00 - 21:00""}, {""day"": ""Friday"", ""hours"": ""10:00 - 21:00""}, {""day"": ""Saturday"", ""hours"": ""10:00 - 21:00""}, {""day"": ""Sunday"", ""hours"": ""10:00 - 21:00""}, {""day"": ""Monday"", ""hours"": ""10:00 - 21:00""}, {""day"": ""Tuesday"", ""hours"": ""10:00 - 21:00""}]",(0778) 470282,1.1290439,104.0560382,https://www.google.com/maps/place/Natasha+Skin+Clinic+Centre/data=!4m7!3m6!1s0x31d988cb9d3ac5cd:0x31abc6a4100c963e!8m2!3d1.1290439!4d104.0560382!16s%2Fg%2F12qf__zy_!19sChIJzcU6ncuI2TERPpYMEKTGqzE?authuser=0&hl=en&rclk=1,4.0,Healthcare,Indonesia.Batam.Kesehatan.202408050759.db,1.12904,104.05604,duplicate_cross_file
2838,PUSATT OOBATT AABORRSIII KAANDUNGAAN CYTTOOTTEC (Drug store),0.0,0,0,,,"Komp, Indonesia Batam centre, Jl. Ruko Greenland No.12 Blk. A5, Tlk. Tering, Kec. Batam Kota, Kota Batam, Kepulauan Riau 29444",[object Object],,1.1256651,104.0481281,https://www.google.com/maps/place/PUSATT+OOBATT+AABORRSIII+KAANDUNGAAN+CYTTOOTTEC/data=!4m7!3m6!1s0x31d989007c3ca293:0x58578502e89b91ec!8m2!3d1.1256651!4d104.0481281!16s%2Fg%2F11vt8b5cpq!19sChIJk6I8fACJ2TER7JGb6AKFV1g?authuser=0&hl=en&rclk=1,4.0,Healthcare,Indonesia.Batam.Kesehatan.202408050759.db,1.12567,104.04813,duplicate_cross_file
2844,Dr's Clinique,4.9,1585,0,Skin care clinic,,"Ruko Mitra Junction Blok B1 No.12-12B, Teluk Tering, Batam Kota, Batam City, Riau Islands 29461","[{""day"": ""Wednesday"", ""hours"": ""09:30 - 19:00""}, {""day"": ""Thursday"", ""hours"": ""09:30 - 19:00""}, {""day"": ""Friday"", ""hours"": ""09:30 - 19:00""}, {""day"": ""Saturday"", ""hours"": ""09:30 - 19:00""}, {""day"": ""Sunday"", ""hours"": ""09:30 - 18:00""}, {""day"": ""Monday"", ""hours"": ""09:30 - 19:00""}, {""day"": ""Tuesday"", ""hours"": ""09:30 - 19:00""}]",(0778) 465565,1.1252707,104.0418317,https://www.google.com/maps/place/Dr%27s+Clinique/data=!4m7!3m6!1s0x31d9891bfd59a695:0xf4b7b06559f008fb!8m2!3d1.1252707!4d104.0418317!16s%2Fg%2F11b6gdmglj!19sChIJlaZZ_RuJ2TER-wjwWWWwt_Q?authuser=0&hl=en&rclk=1,4.0,Healthcare,Indonesia.Batam.Kesehatan.202408050759.db,1.12527,104.04183,duplicate_cross_file
2857,GUARDIAN - Batam Mega Mall,3.2,20,0,Health and beauty shop,,"Jl. Engku Putri, Kel.Teluk Tering, Kec.Nongsa, Batam, Kepulauan Ruai, 29432, TELUK TERING, NONGSA, Teluk Tering, Batam Kota, Batam City, Riau Islands 29432","[{""day"": ""Wednesday"", ""hours"": ""10:00 - 21:00""}, {""day"": ""Thursday"", ""hours"": ""10:00 - 21:00""}, {""day"": ""Friday"", ""hours"": ""10:00 - 21:00""}, {""day"": ""Saturday"", ""hours"": ""10:00 - 21:00""}, {""day"": ""Sunday"", ""hours"": ""10:00 - 21:00""}, {""day"": ""Monday"", ""hours"": ""10:00 - 21:00""}, {""day"": ""Tuesday"", ""hours"": ""10:00 - 21:00""}]",(0778) 47235253,1.129233,104.055845,"https://www.google.com/maps/place/GUARDIAN+-+Batam+Mega+Mall/@1.129233,104.055845,17z/data=!3m1!4b1!4m6!3m5!1s0x31d988e2cd56774f:0x8da41f3bc1e8914c!8m2!3d1.129233!4d104.055845!16s%2Fg%2F11g87gf8r2?authuser=0&hl=en&entry=ttu",-1.0,Healthcare,Indonesia.Batam.Kesehatan.202408050759.db,1.12923,104.05584,duplicate_cross_file
2864,Lviors Beauty Clinic Batam,5.0,23,0,Skin care clinic,,"Komplek Ruko Mitra Junction Blok A No. 1 & 2, Tlk. Tering, Kec. Batam Kota, Kota Batam, Kepulauan Riau 29461","[{""day"": ""Wednesday"", ""hours"": ""10:00 - 19:00""}, {""day"": ""Thursday"", ""hours"": ""10:00 - 19:00""}, {""day"": ""Friday"", ""hours"": ""10:00 - 19:00""}, {""day"": ""Saturday"", ""hours"": ""10:00 - 19:00""}, {""day"": ""Sunday"", ""hours"": ""10:00 - 19:00""}, {""day"": ""Monday"", ""hours"": ""10:00 - 19:00""}, {""day"": ""Tuesday"", ""hours"": ""10:00 - 19:00""}]",(0778) 4160938,1.1247965,104.0414985,"https://www.google.com/maps/place/Lviors+Beauty+Clinic+Batam/@1.1247965,104.0414985,17z/data=!3m1!4b1!4m6!3m5!1s0x31d989c84faef04d:0x67cc93616d263959!8m2!3d1.1247965!4d104.0414985!16s%2Fg%2F11pqvgj1h2?authuser=0&hl=en&entry=ttu",4.0,Healthcare,Indonesia.Batam.Kesehatan.202408050759.db,1.1248,104.0415,duplicate_cross_file
2877,TRIDI MEDICAL CENTRE (KLINIK TRIDI MEDICAL CENTRE),4.6,202,0,Doctor,,"Kepri Mall, Sukajadi, Batam Kota, Batam City, Riau Islands 29444",[object Object],(0778) 7490500,1.1023825,104.0354965,https://www.google.com/maps/place/TRIDI+MEDICAL+CENTRE/data=!4m7!3m6!1s0x31d98934a34d01c5:0xcff4f42d4ac34503!8m2!3d1.1023825!4d104.0354965!16s%2Fg%2F11c37n10t4!19sChIJxQFNozSJ2TERA0XDSi309M8?authuser=0&hl=en&rclk=1,0.0,Healthcare,Indonesia.Batam.Kesehatan.202408050759.db,1.10238,104.0355,duplicate_cross_file
2888,Eska Wellness Spa Massage and Salon (Eska Wellness Mega Mall),4.9,1509,0,Wellness center,,"Batam Centre, Mega Mall Lantai, Jl. Engku Putri No.2, Kota Batam, Kepulauan Riau 29461",[object Object],0811-7046-876,1.1296938,104.0566811,https://www.google.com/maps/place/Eska+Wellness+Spa+Massage+and+Salon/data=!4m7!3m6!1s0x31d988fd2c3a2ced:0xb9258a9885756f0f!8m2!3d1.1296938!4d104.0566811!16s%2Fg%2F11byhjztl7!19sChIJ7Sw6LP2I2TERD291hZiKJbk?authuser=0&hl=en&rclk=1,5.0,Healthcare,Indonesia.Batam.Kesehatan.202408050759.db,1.12969,104.05668,duplicate_cross_file
2920,RUKO MITRA RAYA BLOK C NO 6,5.0,3,0,Pharmacy,,"Jl. Mitra Raya No.6, Tlk. Tering, Kec. Batam Kota, Kota Batam, Kepulauan Riau 29444",[object Object],,1.1200584,104.0421072,https://www.google.com/maps/place/RUKO+MITRA+RAYA+BLOK+C+NO+6/data=!4m7!3m6!1s0x31d9891304817c33:0x8806669bb8a5040a!8m2!3d1.1200584!4d104.0421072!16s%2Fg%2F11j79gwp3l!19sChIJM3yBBBOJ2TERCgSluJtmBog?authuser=0&hl=en&rclk=1,0.0,Healthcare,Indonesia.Batam.Kesehatan.202408050759.db,1.12006,104.04211,duplicate_cross_file
2942,Azarine Beauty House Salon,4.9,14,0,Beauty salon,,"Jl. Ruko Greenland Blok B No 8, Teluk Tering, Batam Kota, Batam City, Riau Islands 29444","[{""day"": ""Wednesday"", ""hours"": ""09:00 - 21:00""}, {""day"": ""Thursday"", ""hours"": ""09:00 - 21:00""}, {""day"": ""Friday"", ""hours"": ""09:00 - 21:00""}, {""day"": ""Saturday"", ""hours"": ""09:00 - 21:00""}, {""day"": ""Sunday"", ""hours"": ""09:00 - 21:00""}, {""day"": ""Monday"", ""hours"": ""09:00 - 21:00""}, {""day"": ""Tuesday"", ""hours"": ""09:00 - 21:00""}]",0812-6629-6481,1.1247805,104.0470089,https://www.google.com/maps/place/Azarine+Beauty+House+Salon/data=!4m7!3m6!1s0x31d98900694103dd:0x6f11919c0f6d7919!8m2!3d1.1247805!4d104.0470089!16s%2Fg%2F11y5bh149d!19sChIJ3QNBaQCJ2TERGXltD5yREW8?authuser=0&hl=en&rclk=1,5.0,Healthcare,Indonesia.Batam.Kesehatan.202408050759.db,1.12478,104.04701,duplicate_cross_file
2944,Naavagreen Natural Skincare Tiban Batam,4.8,59,0,Skin care clinic,,"Jl. Gajah Mada, Patam Lestari, Kec. Sekupang, Kota Batam, Kepulauan Riau 29424, Indonesia",[object Object],+62 811-6669-093,1.1126486,103.9764693,https://www.google.com/maps/place/Naavagreen+Natural+Skincare+Tiban+Batam/data=!4m7!3m6!1s0x31d98b339eb8018f:0xc5c5a6fbd569b0f8!8m2!3d1.1126486!4d103.9764693!16s%2Fg%2F11pl5qc8b6!19sChIJjwG4njOL2TER-LBp1fumxcU?authuser=0&hl=en&rclk=1,5.0,Healthcare,Indonesia.Batam.Kesehatan.202408050759.db,1.11265,103.97647,duplicate_cross_file
2955,Akyla Beauty,4.5,8,0,Beauty supply store,,"One Batam Mall, B1-08A, Underground Floor, Tlk. Tering, Kec. Batam Kota, Kota Batam, Kepulauan Riau 29444","[{""day"": ""Wednesday"", ""hours"": ""10:00 - 22:00""}, {""day"": ""Thursday"", ""hours"": ""10:00 - 22:00""}, {""day"": ""Friday"", ""hours"": ""10:00 - 22:00""}, {""day"": ""Saturday"", ""hours"": ""10:00 - 22:00""}, {""day"": ""Sunday"", ""hours"": ""10:00 - 22:00""}, {""day"": ""Monday"", ""hours"": ""10:00 - 22:00""}, {""day"": ""Tuesday"", ""hours"": ""10:00 - 22:00""}]",,1.1301167,104.045759,https://www.google.com/maps/place/Akyla+Beauty/data=!4m7!3m6!1s0x31d989ad42b86cdb:0x5b1967e11e62f717!8m2!3d1.1301167!4d104.045759!16s%2Fg%2F11s2lc7zmq!19sChIJ22y4Qq2J2TERF_diHuFnGVs?authuser=0&hl=en&rclk=1,5.0,Healthcare,Indonesia.Batam.Kesehatan.202408050759.db,1.13012,104.04576,duplicate_cross_file
3012,Ionizer Alkali Water Batam,5.0,1,0,Health and beauty shop,,"Tiban Indah BTN, Blok : T, No. 51, Kota Batam, Kepulauan Riau, Indonesia",[object Object],+62 813-7822-2377,1.1207497,103.9810943,https://www.google.com/maps/place/Ionizer+Alkali+Water+Batam/data=!4m7!3m6!1s0x31d98b4d65631cf1:0x6e66eec7fe10d4cf!8m2!3d1.1207497!4d103.9810943!16s%2Fg%2F11h2pg41t6!19sChIJ8RxjZU2L2TERz9QQ_sfuZm4?authuser=0&hl=en&rclk=1,5.0,Healthcare,Indonesia.Batam.Kesehatan.202408050759.db,1.12075,103.98109,duplicate_cross_file
1528,Sei lekop,3.6,8,0,Housing society,[],"Blk. D No.14, Sungai Lekop, Kec. Sagulung, Kota Batam, Kepulauan Riau 29425, Indonesia",[],,1.0284147,103.9466862,https://www.google.com/maps/place/Sei+lekop/data=!4m7!3m6!1s0x31d98d576dc65161:0xd0981a79c9ddf6ef!8m2!3d1.0284147!4d103.9466862!16s%2Fg%2F11sd50c3vj!19sChIJYVHGbVeN2TER7_bdyXkamNA?authuser=0&hl=en&rclk=1,-1.0,F&B,Indonesia.Batam.Kuliner.202406162232.db,1.02841,103.94669,duplicate_cross_file
4231,Batu ampar,5.0,2,0,Greenhouse & Equipment Supplier,[],"52C9+QQF, Tanjung Sengkuang, Batu Ampar, Batam City, Riau Islands, Indonesia",[],,1.171941,104.0194278,https://www.google.com/maps/place/Batu+ampar/data=!4m7!3m6!1s0x31d989d09b3635ef:0x6b3c3d120117dc87!8m2!3d1.171941!4d104.0194278!16s%2Fg%2F11t6x3ybnt!19sChIJ7zU2m9CJ2TERh9wXARI9PGs?authuser=0&hl=en&rclk=1,2.0,F&B,Indonesia.Batam.Kuliner.202406162232.db,1.17194,104.01943,duplicate_cross_file
4316,Batu merah,0.0,0,0,Tourist attraction,[],"52H3+9PG, Batu Merah, Batu Ampar, Batam City, Riau Islands, Indonesia",[],,1.1784466,104.0043327,https://www.google.com/maps/place/Batu+merah/data=!4m7!3m6!1s0x31da2100087ff3d5:0xc6ca662a9d95aee8!8m2!3d1.1784466!4d104.0043327!16s%2Fg%2F11vqdqf3y3!19sChIJ1fN_CAAh2jER6K6VnSpmysY?authuser=0&hl=en&rclk=1,-1.0,F&B,Indonesia.Batam.Kuliner.202406162232.db,1.17845,104.00433,duplicate_cross_file
4515,Bengkong laut,5.0,4,0,Market,[],"524G+FCH, Bengkong Laut, Bengkong, Batam City, Riau Islands, Indonesia",[],,1.1561898,104.0260997,https://www.google.com/maps/place/Bengkong+laut/data=!4m7!3m6!1s0x31d9893c040b76b7:0x48fd015bc222bf7b!8m2!3d1.1561898!4d104.0260997!16s%2Fg%2F11k3kqf4zc!19sChIJt3YLBDyJ2TERe78iwlsB_Ug?authuser=0&hl=en&rclk=1,-1.0,F&B,Indonesia.Batam.Kuliner.202406162232.db,1.15619,104.0261,duplicate_cross_file
4798,Grosmart Piayu,4.2,654,0,Supermarket,[],"Duriangkang, Sei Beduk, Batam City, Riau Islands 29433, Indonesia","[{ day: 'Monday', hours: '09:00 – 22:00' }, { day: 'Tuesday', hours: '09:00 – 22:00' }, { day: 'Wednesday', hours: '09:00 – 22:00' }, { day: 'Thursday', hours: '09:00 – 22:00' }, { day: 'Friday', hours: '09:00 – 22:00' }, { day: 'Saturday', hours: '09:00 – 22:00' }, { day: 'Sunday', hours: '09:00 – 22:00' }]",,1.0260498,104.0624353,https://www.google.com/maps/place/Grosmart+Piayu/data=!4m7!3m6!1s0x31d99028331f711d:0x8981a1e113099ee2!8m2!3d1.0260498!4d104.0624353!16s%2Fg%2F11bw5xtgtl!19sChIJHXEfMyiQ2TER4p4JE-GhgYk?authuser=0&hl=en&rclk=1,2.0,F&B,Indonesia.Batam.Kuliner.202406162232.db,1.02605,104.06244,duplicate_cross_file
4840,Molen Keju,0.0,0,0,Health food store,['Delivery'],"23J3+FG9, Jl. Ruko Piayu Asri II, Duriangkang, Kec. Sei Beduk, Kota Batam, Kepulauan Riau 29433, Indonesia","[{ day: 'Monday', hours: '05:00 – 22:00' }, { day: 'Tuesday', hours: '05:00 – 22:00' }, { day: 'Wednesday', hours: '05:00 – 22:00' }, { day: 'Thursday', hours: '05:00 – 22:00' }, { day: 'Friday', hours: '05:00 – 22:00' }, { day: 'Saturday', hours: '05:00 – 22:00' }, { day: 'Sunday', hours: '05:00 – 22:00' }]",+62 858-5351-8850,1.0311674,104.053844,https://www.google.com/maps/place/Molen+Keju/data=!4m7!3m6!1s0x31d98fd4aa38a45b:0xa014bc1e2997928c!8m2!3d1.0311674!4d104.053844!16s%2Fg%2F11cmgqw657!19sChIJW6Q4qtSP2TERjJKXKR68FKA?authuser=0&hl=en&rclk=1,2.0,F&B,Indonesia.Batam.Kuliner.202406162232.db,1.03117,104.05384,duplicate_cross_file
4868,RM  Kesehatan Jawara,0.0,0,0,Diner,"['Dine-in', 'Kerbside pickup']","Perum Barelang sejati.blok B no. 10 Tanjung Uncang Ruko, Jl. Central Raya Blk. B No.10, Kota Batam, Kepulauan Riau 29433, Indonesia","[{ day: 'Monday', hours: '03:30 – 23:30' }, { day: 'Tuesday', hours: '09:00 – 17:00' }, { day: 'Wednesday', hours: '09:00 – 17:00' }, { day: 'Thursday', hours: '09:00 – 17:00' }, { day: 'Friday', hours: '09:00 – 17:00' }, { day: 'Saturday', hours: '09:00 – 17:00' }, { day: 'Sunday', hours: '04:00 – 23:30' }]",+62 811-7033-380,1.0269302,104.0596797,https://www.google.com/maps/place/RM.+Kesehatan+Jawara/data=!4m7!3m6!1s0x31d98f8ed7dc8013:0x7d5f226fd1f4b69c!8m2!3d1.0269302!4d104.0596797!16s%2Fg%2F11vc2wsf8m!19sChIJE4Dc146P2TERnLb00W8iX30?authuser=0&hl=en&rclk=1,-1.0,F&B,Indonesia.Batam.Kuliner.202406162232.db,1.02693,104.05968,duplicate_cross_file
4878,duriangkang,4.4,7,0,Clothing store,"['In-store shopping', 'In-store pick-up']","23H6+622, Unnamed Road,, Duriangkang, Kec. Sei Beduk, Kota Batam, Kepulauan Riau 29433, Indonesia","[{ day: 'Monday', hours: '07:00 – 22:00' }, { day: 'Tuesday', hours: '07:00 – 22:00' }, { day: 'Wednesday', hours: '07:00 – 22:00' }, { day: 'Thursday', hours: '07:00 – 22:00' }, { day: 'Friday', hours: '07:00 – 22:00' }, { day: 'Saturday', hours: '07:00 – 22:00' }, { day: 'Sunday', hours: '07:00 – 22:00' }]",+62 853-2222-5605,1.028003,104.0600036,https://www.google.com/maps/place/duriangkang/data=!4m7!3m6!1s0x31d98fd60cd87309:0xac1f9bed7d01270e!8m2!3d1.028003!4d104.0600036!16s%2Fg%2F11c4kb0sml!19sChIJCXPYDNaP2TERDicBfe2bH6w?authuser=0&hl=en&rclk=1,5.0,F&B,Indonesia.Batam.Kuliner.202406162232.db,1.028,104.06,duplicate_cross_file
5111,Kampung seraya,4.7,11,0,Homestay,[],"5228+9X8, Unnamed Road, Kp. Seraya, Kec. Batu Ampar, Kota Batam, Kepulauan Riau 29444, Indonesia",[],,1.150919,104.0174612,https://www.google.com/maps/place/Kampung+seraya/data=!4m7!3m6!1s0x31d9899fb71ba303:0x9f3424f920ee0a90!8m2!3d1.150919!4d104.0174612!16s%2Fg%2F11m40d42ck!19sChIJA6Mbt5-J2TERkAruIPkkNJ8?authuser=0&hl=en&rclk=1,2.0,F&B,Indonesia.Batam.Kuliner.202406162232.db,1.15092,104.01746,duplicate_cross_file
5293,Komplek Pasar dan Pertokoan Punggur Centre,4.3,198,0,Produce market,['Delivery'],"347F+55C, Kabil, Nongsa, Batam City, Riau Islands 29467, Indonesia","[{ day: 'Monday', hours: '04:00 – 16:00' }, { day: 'Tuesday', hours: '04:00 – 16:00' }, { day: 'Wednesday', hours: '04:00 – 16:00' }, { day: 'Thursday', hours: '04:00 – 16:00' }, { day: 'Friday', hours: '04:00 – 16:00' }, { day: 'Saturday', hours: '04:00 – 16:00' }, { day: 'Sunday', hours: '04:00 – 16:00' }]",,1.0629314,104.1228844,https://www.google.com/maps/place/Komplek+Pasar+dan+Pertokoan+Punggur+Centre/data=!4m7!3m6!1s0x31d985754ee9aee3:0xb9db4153f1c10dd2!8m2!3d1.0629314!4d104.1228844!16s%2Fg%2F11h9rbw4x9!19sChIJ467pTnWF2TER0g3B8VNB27k?authuser=0&hl=en&rclk=1,2.0,F&B,Indonesia.Batam.Kuliner.202406162232.db,1.06293,104.12288,duplicate_cross_file
5419,RedDoorz   Hokkie Hotel Punggur Batam,4.3,4,0,,[],"Jl. Patimura, Kabil, Kecamatan Nongsa, Kota Batam, Kepulauan Riau 29467, Indonesia",[],+62 21 80629666,1.0628326,104.1184705,https://www.google.com/maps/place/RedDoorz+@+Hokkie+Hotel+Punggur+Batam/data=!4m10!3m9!1s0x31d98594f2849a99:0x4ed24792fd0116ad!5m2!4m1!1i2!8m2!3d1.0628326!4d104.1184705!16s%2Fg%2F11j94kf7t9!19sChIJmZqE8pSF2TERrRYB_ZJH0k4?authuser=0&hl=en&rclk=1,5.0,F&B,Indonesia.Batam.Kuliner.202406162232.db,1.06283,104.11847,duplicate_cross_file
5426,Hokkie Hotel - Batam Kabil Punggur,4.2,468,0,,[],"Jl. Patimura, Kabil, Kecamatan Nongsa, Kota Batam, Kepulauan Riau 29467, Indonesia",[],,1.0632466,104.122324,https://www.google.com/maps/place/Hokkie+Hotel+-+Batam+Kabil+Punggur/data=!4m10!3m9!1s0x31d985755b2b60ed:0xf2cf40ccc0198131!5m2!4m1!1i2!8m2!3d1.0632466!4d104.122324!16s%2Fg%2F11gf3fz87s!19sChIJ7WArW3WF2TERMYEZwMxAz_I?authuser=0&hl=en&rclk=1,2.0,F&B,Indonesia.Batam.Kuliner.202406162232.db,1.06325,104.12232,duplicate_cross_file
5432,Alfamart,4.1,26,0,Convenience store,"['In-store pick-up', 'Delivery']","Jl.Hang Kesturi - Punggur Rt.02, Kel, RT.02/RW.21, Kabil, Nongsa, Batam City, Riau Islands 29467, Indonesia","[{ day: 'Monday', hours: '07:00 – 22:00' }, { day: 'Tuesday', hours: '07:00 – 22:00' }, { day: 'Wednesday', hours: '07:00 – 22:00' }, { day: 'Thursday', hours: '07:00 – 22:00' }, { day: 'Friday', hours: '07:00 – 22:00' }, { day: 'Saturday', hours: '07:00 – 22:00' }, { day: 'Sunday', hours: '07:00 – 22:00' }]",,1.070106,104.1202027,https://www.google.com/maps/place/Alfamart/data=!4m7!3m6!1s0x31d9859903399c41:0xac11afdb04c2d667!8m2!3d1.070106!4d104.1202027!16s%2Fg%2F11c5bllzgn!19sChIJQZw5A5mF2TERZ9bCBNuvEaw?authuser=0&hl=en&rclk=1,2.0,F&B,Indonesia.Batam.Kuliner.202406162232.db,1.07011,104.1202,duplicate_cross_file
5532,TPU Muslim Sei Temiang,4.3,7,0,Cemetery,[],"3X89+M43 TPU Temiang, Tj. Riau, Kec. Sekupang, Kota Batam, Kepulauan Riau 29425, Indonesia","[{ day: 'Monday', hours: '06:00 – 23:00' }, { day: 'Tuesday', hours: '06:00 – 23:00' }, { day: 'Wednesday', hours: '06:00 – 23:00' }, { day: 'Thursday', hours: '06:00 – 23:00' }, { day: 'Friday', hours: '06:00 – 23:00' }, { day: 'Saturday', hours: '06:00 – 23:00' }, { day: 'Sunday', hours: '06:00 – 23:00' }]",,1.0666392,103.9677966,https://www.google.com/maps/place/TPU+Muslim+Sei+Temiang/data=!4m7!3m6!1s0x31d98dc152f8c927:0x794dabce433ee59a!8m2!3d1.0666392!4d103.9677966!16s%2Fg%2F11kvqv2qx_!19sChIJJ8n4UsGN2TERmuU-Q86rTXk?authuser=0&hl=en&rclk=1,5.0,F&B,Indonesia.Batam.Kuliner.202406162232.db,1.06664,103.9678,duplicate_cross_file
6481,Kambing Batam Com (Shofiyyah Catering),5.0,5,0,Staple food package,[],"Puskopkar blok A 13 no. 16, Bukit Tempayan, Batu Aji, Kandang Shofiyyah Catering, Instalasi Ternak BP Batam, Sei Temiang, Tanjung Riau, Kota Batam, Kepulauan Riau 29425, Indonesia","[{ day: 'Tuesday', hours: '07:30 – 17:00' }, { day: 'Wednesday', hours: '07:30 – 17:00' }, { day: 'Thursday', hours: '07:30 – 17:00' }, { day: 'Friday', hours: '07:30 – 17:00' }, { day: 'Saturday', hours: '07:30 – 17:00' }, { day: 'Sunday', hours: '07:30 – 17:00' }, { day: 'Monday', hours: '07:30 – 17:00' }]",+62 859-7449-8557,1.0480132,103.9647737,https://www.google.com/maps/place/Kambing+Batam+Com+%28Shofiyyah+Catering%29/data=!4m7!3m6!1s0x31d98d640b582135:0xb67f0d34ff65b845!8m2!3d1.0480132!4d103.9647737!16s%2Fg%2F11q3l8gdn_!19sChIJNSFYC2SN2TERRbhl_zQNf7Y?authuser=0&hl=en&rclk=1,-1.0,F&B,Indonesia.Batam.Kuliner.202406162232.db,1.04801,103.96477,duplicate_cross_file
6513,Dessert box Batam,5.0,1,0,Health food store,"['In-store shopping', 'In-store pick-up', 'Delivery']","Jl. Bambu Kuning No.13 blok b23, Bukit Tempayan, Kec. Batu Aji, Kota Batam, Kepulauan Riau 29438, Indonesia",[],+62 822-8680-5077,1.0476466,103.9652809,https://www.google.com/maps/place/Dessert+box+Batam/data=!4m7!3m6!1s0x31d98d0b902cbff3:0x4984a9004490aa4f!8m2!3d1.0476466!4d103.9652809!16s%2Fg%2F11s967bczc!19sChIJ878skAuN2TERT6qQRACphEk?authuser=0&hl=en&rclk=1,2.0,F&B,Indonesia.Batam.Kuliner.202406162232.db,1.04765,103.96528,duplicate_cross_file
8074,Kavling sei lekop,5.0,10,0,Housing development,,"2WFX+R49, Lekop River, Sagulung, Batam City, Riau Islands 29472, Indonesia",[object Object],,1.0245507,103.947855,https://www.google.com/maps/place/Kavling+sei+lekop/data=!4m7!3m6!1s0x31d993374f2dd657:0x12e6bfd1aab6b486!8m2!3d1.0245507!4d103.947855!16s%2Fg%2F11t27c8g04!19sChIJV9YtTzeT2TERhrS2qtG_5hI?authuser=0&hl=en&rclk=1,-1.0,F&B,Indonesia.Batam.Kuliner.202406162232.db,1.02455,103.94786,duplicate_cross_file
8133,Alfamart sei pelunggut,3.5,2,0,Convenience store,,"2XM5+2FQ, Jl. Dapur 12, Sungai Pelunggut, Kec. Sagulung, Kota Batam, Kepulauan Riau, Indonesia",[object Object],,1.0325765,103.9587367,https://www.google.com/maps/place/Alfamart+sei+pelunggut/data=!4m7!3m6!1s0x31d98d0f4051a753:0x42fc9aa260ba554b!8m2!3d1.0325765!4d103.9587367!16s%2Fg%2F11tcw6h7p2!19sChIJU6dRQA-N2TERS1W6YKKa_EI?authuser=0&hl=en&rclk=1,2.0,F&B,Indonesia.Batam.Kuliner.202406162232.db,1.03258,103.95874,duplicate_cross_file
8195,Sei Temiang Cemetery (Pemakaman Sei Temiang),4.4,30,0,Cemetery,,"SEI TEMIANG, MARINA, Tj. Riau, Kec. Sekupang, Kota Batam, Kepulauan Riau 29424, Indonesia",[object Object],,1.0667769,103.9664249,https://www.google.com/maps/place/Sei+Temiang+Cemetery/data=!4m7!3m6!1s0x31d98dacd9d504d1:0xa31b8c17b88f068d!8m2!3d1.0667769!4d103.9664249!16s%2Fg%2F11cn0mjhmg!19sChIJ0QTV2ayN2TERjQaPuBeMG6M?authuser=0&hl=en&rclk=1,0.0,F&B,Indonesia.Batam.Kuliner.202406162232.db,1.06678,103.96642,duplicate_cross_file
8575,BAR Teluk Bakau,4.6,14,0,Homestay,,"445G+87P, Batu Besar, Nongsa, Batam City, Riau Islands 29467",[object Object],0859-6029-7650,1.1082781,104.1257473,https://www.google.com/maps/place/BAR+Teluk+Bakau/data=!4m7!3m6!1s0x31d987a431e93485:0x1a59eb8ae2fc24e4!8m2!3d1.1082781!4d104.1257473!16s%2Fg%2F11t29fwq8l!19sChIJhTTpMaSH2TER5CT84orrWRo?authuser=0&hl=en&rclk=1,2.0,F&B,Indonesia.Batam.Kuliner.202406162232.db,1.10828,104.12575,duplicate_cross_file
8620,Warung Barokah arlina,5.0,2,0,Diner,,"Jl. Pelita VI, Kp. Pelita, Kec. Lubuk Baja, Kota Batam, Kepulauan Riau 29444, Indonesia",[object Object],+62 821-3565-2058,1.1401187,104.0193151,"https://www.google.com/maps/place/Warung+Barokah+arlina/@1.1401187,104.0193151,17z/data=!3m1!4b1!4m6!3m5!1s0x31d989646d9b713d:0x4cff46f253fed6c4!8m2!3d1.1401187!4d104.0193151!16s%2Fg%2F11pzg3jsnb?authuser=0&hl=en&entry=ttu",0.0,F&B,Indonesia.Batam.Kuliner.202406162232.db,1.14012,104.01932,duplicate_cross_file
8730,Pantai Elyora,4.5,964,0,Beach,,"Galang Baru, Galang, Batam City, Riau Islands 29487",[object Object],0822-8413-5838,0.6232613,104.285354,https://www.google.com/maps/place/Pantai+Elyora/data=!4m7!3m6!1s0x31d900823c068987:0x2eb5b0fd4bb5dbc2!8m2!3d0.6232613!4d104.285354!16s%2Fg%2F11f3l4x09f!19sChIJh4kGPIIA2TERwtu1S_2wtS4?authuser=0&hl=en&rclk=1,2.0,F&B,Indonesia.Batam.Kuliner.202406162232.db,0.62326,104.28535,duplicate_cross_file
8755,Kelong Almira Resort,4.4,163,0,,,"Q5HH+49R, Sijantung, Galang, Batam City, Riau Islands 29481",[object Object],,0.7778551,104.1784043,https://www.google.com/maps/place/Kelong+Almira+Resort/data=!4m10!3m9!1s0x31d9a554e3220ae9:0x3c28549504c6f6d2!5m2!4m1!1i2!8m2!3d0.7778551!4d104.1784043!16s%2Fg%2F11g4hpz7d3!19sChIJ6Qoi41Sl2TER0vbGBJVUKDw?authuser=0&hl=en&rclk=1,0.0,F&B,Indonesia.Batam.Kuliner.202406162232.db,0.77786,104.1784,duplicate_cross_file
8766,SBS Resort,4.1,338,0,,,"Sembulang, Galang, Batam City, Riau Islands 29481",[object Object],0812-7059-879,0.7857741,104.1699829,"https://www.google.com/maps/place/SBS+Resort/@0.7857741,104.1699829,17z/data=!3m1!4b1!4m9!3m8!1s0x31d9a41545c9e685:0x7c7d718a6a1a764c!5m2!4m1!1i2!8m2!3d0.7857741!4d104.1699829!16s%2Fg%2F11cjh_q30n?authuser=0&hl=en&entry=ttu",0.0,F&B,Indonesia.Batam.Kuliner.202406162232.db,0.78577,104.16998,duplicate_cross_file
8816,Pulau Subangmas,4.8,13,0,Island,,"Subang Mas, Galang, Batam City, Riau Islands",[object Object],,0.9333333,104.1666667,https://www.google.com/maps/place/Pulau+Subangmas/data=!4m7!3m6!1s0x31d99914d6bd8ced:0xe8548639ca2ddc09!8m2!3d0.9333333!4d104.1666667!16s%2Fg%2F11b_02zwyc!19sChIJ7Yy91hSZ2TERCdwtyjmGVOg?authuser=0&hl=en&rclk=1,5.0,F&B,Indonesia.Batam.Kuliner.202406162232.db,0.93333,104.16667,duplicate_cross_file
8941,Bukit indah sukajadi,4.4,18,0,Housing society,,"Jl. Cemara Tiang No.52, Sukajadi, Kec. Batam Kota, Kota Batam, Kepulauan Riau 29444, Indonesia",[object Object],,1.1127053,104.0206955,https://www.google.com/maps/place/Bukit+indah+sukajadi/data=!4m7!3m6!1s0x31d989c915d33c4f:0xf49cc12cfccc84c5!8m2!3d1.1127053!4d104.0206955!16s%2Fg%2F11r70vdj09!19sChIJTzzTFcmJ2TERxYTM_CzBnPQ?authuser=0&hl=en&rclk=1,2.0,F&B,Indonesia.Batam.Kuliner.202406162232.db,1.11271,104.0207,duplicate_cross_file
8943,Bukit Indah Sukajadi Mosque (Masjid Bukit Indah Sukajadi),4.8,1424,0,Mosque,,"Club House, Jl. Bukit Indah Raya II Jl. Bukit Indah Raya No.1A, Sukajadi, Kec. Batam Kota, Kota Batam, Kepulauan Riau 29444, Indonesia",[object Object],+62 778 450660,1.1055531,104.0305536,https://www.google.com/maps/place/Bukit+Indah+Sukajadi+Mosque/data=!4m7!3m6!1s0x31d98935f83e1c4f:0xbe15d57ae62a66b!8m2!3d1.1055531!4d104.0305536!16s%2Fg%2F1hm4jj1y3!19sChIJTxw--DWJ2TERa6Zirldd4Qs?authuser=0&hl=en&rclk=1,5.0,F&B,Indonesia.Batam.Kuliner.202406162232.db,1.10555,104.03055,duplicate_cross_file
9093,Ikan bakar greenland,4.3,142,0,Seafood restaurant,,"42FX+CH5, Teluk Tering, Batam Kota, Batam City, Riau Islands 29444, Indonesia",[object Object],+62 852-6557-1747,1.123507,104.0489912,https://www.google.com/maps/place/Ikan+bakar+greenland/data=!4m7!3m6!1s0x31d9891eba82e6af:0xbda7c952a4f311d2!8m2!3d1.123507!4d104.0489912!16s%2Fg%2F11c58g_tnl!19sChIJr-aCuh6J2TER0hHzpFLJp70?authuser=0&hl=en&rclk=1,-1.0,F&B,Indonesia.Batam.Kuliner.202406162232.db,1.12351,104.04899,duplicate_cross_file
9361,Nagoya Baru Traditional Market (Pasar Nagoya Baru),4.2,1262,0,Traditional market,,"42W4+C5X, Jalan Kompleks Business Center, Lubuk Baja Kota, Kec. Lubuk Baja, Kota Batam, Kepulauan Riau 29432, Indonesia",[object Object],,1.146113,104.005493,"https://www.google.com/maps/place/Nagoya+Baru+Traditional+Market/@1.146113,104.005493,17z/data=!3m1!4b1!4m6!3m5!1s0x31d98a28495eb943:0xc8bdca529c40ddbf!8m2!3d1.146113!4d104.005493!16s%2Fg%2F11btv680f2?authuser=0&hl=en&entry=ttu&g_ep=EgoyMDI0MDgyOC4wIKXMDSoASAFQAw%3D%3D",2.0,F&B,Indonesia.Batam.Kuliner.202406162232.db,1.14611,104.00549,duplicate_cross_file
9689,Mega Wisata Ocarina Batam,4.2,3341,0,Amusement center,,"Sadai, Bengkong, Batam City, Riau Islands 29444, Indonesia",[object Object],,1.1527286,104.0554331,https://www.google.com/maps/place/Mega+Wisata+Ocarina+Batam/data=!4m7!3m6!1s0x31d989b3171d42eb:0xe12de96a78d48c4a!8m2!3d1.1527286!4d104.0554331!16s%2Fg%2F11h1sy5l0!19sChIJ60IdF7OJ2TERSozUeGrpLeE?authuser=0&hl=en&rclk=1,-1.0,F&B,Indonesia.Batam.Kuliner.202406162232.db,1.15273,104.05543,duplicate_cross_file
9847,ASTON INN,4.6,4447,0,,,"No.1 Blok AA, Jl. Komp. Penuin Centre, Batu Selicin, Kec. Lubuk Baja, Kota Batam, Kepulauan Riau 29444, Indonesia",[object Object],+62 778 430420,1.1347741,104.0104571,"https://www.google.com/maps/place/ASTON+INN/@1.1347741,104.0104571,17z/data=!3m1!4b1!4m9!3m8!1s0x31d9897e7e16d1af:0x671d6c5a376fae89!5m2!4m1!1i2!8m2!3d1.1347741!4d104.0104571!16s%2Fg%2F1jkvx_rhw?authuser=0&hl=en&entry=ttu&g_ep=EgoyMDI0MDgyOC4wIKXMDSoASAFQAw%3D%3D",0.0,F&B,Indonesia.Batam.Kuliner.202406162232.db,1.13477,104.01046,duplicate_cross_file
9848,Sinar penuin,5.0,1,0,Housing complex,,"Jl. Bunga Raya No.6, Batu Selicin, Kec. Lubuk Baja, Kota Batam, Kepulauan Riau 29444, Indonesia",[object Object],,1.1335295,104.0118083,https://www.google.com/maps/place/Sinar+penuin/data=!4m7!3m6!1s0x31d9890046a013b3:0x7a85fc5fb16f283f!8m2!3d1.1335295!4d104.0118083!16s%2Fg%2F11vpsfs7qq!19sChIJsxOgRgCJ2TERPyhvsV_8hXo?authuser=0&hl=en&rclk=1,2.0,F&B,Indonesia.Batam.Kuliner.202406162232.db,1.13353,104.01181,duplicate_cross_file
9853,Hotel Harapan Baru,4.3,264,0,,,"Komplek Penuin Center, Kompleks Jl. Bunga Raya Blok OC No. 1 & 2, Batu Selicin, Kec. Lubuk Baja, Kota Batam, Kepulauan Riau 29441, Indonesia",[object Object],+62 821-7355-8899,1.1340373,104.0110473,https://www.google.com/maps/place/Hotel+Harapan+Baru/data=!4m10!3m9!1s0x31d9897c27a42145:0x7574149fd87c2ca3!5m2!4m1!1i2!8m2!3d1.1340373!4d104.0110473!16s%2Fg%2F1hm4jtvd6!19sChIJRSGkJ3yJ2TERoyx82J8UdHU?authuser=0&hl=en&rclk=1,-1.0,F&B,Indonesia.Batam.Kuliner.202406162232.db,1.13404,104.01105,duplicate_cross_file
9970,Indomaret Ruko KDA,4.4,118,0,Convenience store,,"Ruko Kurnia Djaya Alam Komp. Taman Kurnia Djaja Trade Centra, Jalan Taman Kurnia Jaya Alam Blok A No.12 Belian, Batam 29464, Belian, Batam Kota, Batam City, Riau Islands 29433, Indonesia",[object Object],,1.1035793,104.0786962,https://www.google.com/maps/place/Indomaret+Ruko+KDA/data=!4m7!3m6!1s0x31d988b50a224433:0x4a30160ebd91ac10!8m2!3d1.1035793!4d104.0786962!16s%2Fg%2F11fzf2xkl8!19sChIJM0QiCrWI2TEREKyRvQ4WMEo?authuser=0&hl=en&rclk=1,2.0,F&B,Indonesia.Batam.Kuliner.202406162232.db,1.10358,104.0787,duplicate_cross_file
9982,Perumahan Permata Laguna Batam,4.3,43,0,Apartment complex,,"Jl. Permata Laguna No.2 Blok Aa, Tj. Uncang, Kec. Batu Aji, Kota Batam, Kepulauan Riau 29425, Indonesia",[object Object],,1.0570325,103.941115,"https://www.google.com/maps/place/Perumahan+Permata+Laguna+Batam/@1.0570325,103.941115,17z/data=!3m1!4b1!4m6!3m5!1s0x31d98d46241aa269:0xabd9af702787f47f!8m2!3d1.0570325!4d103.941115!16s%2Fg%2F11jnlhwt5x?authuser=0&hl=en&entry=ttu&g_ep=EgoyMDI0MDgyOC4wIKXMDSoASAFQAw%3D%3D",2.0,F&B,Indonesia.Batam.Kuliner.202406162232.db,1.05703,103.94112,duplicate_cross_file
10039,Taman Duta Mas,4.3,257,0,Housing complex,,"Jl. Sudirman, Baloi Permai, Kec. Batam Kota, Kota Batam, Kepulauan Riau 29464, Indonesia",[object Object],,1.1078065,104.0445653,"https://www.google.com/maps/place/Taman+Duta+Mas/@1.1078065,104.0445653,17z/data=!3m1!4b1!4m6!3m5!1s0x31d98ed327f6fdf9:0xc5abfa11e25ece9c!8m2!3d1.1078065!4d104.0445653!16s%2Fg%2F11b7y9nrls?authuser=0&hl=en&entry=ttu&g_ep=EgoyMDI0MDgyOC4wIKXMDSoASAFQAw%3D%3D",2.0,F&B,Indonesia.Batam.Kuliner.202406162232.db,1.10781,104.04457,duplicate_cross_file
10051,Villa Panbil,4.4,292,0,Housing complex,,"Jl. Ahmad Yani, Muka Kuning, Kec. Sei Beduk, Kota Batam, Kepulauan Riau 29433, Indonesia",[object Object],+62 778 371333,1.0908078,104.0260507,https://www.google.com/maps/place/Villa+Panbil/data=!4m7!3m6!1s0x31d98ebfe8a19dab:0x13fc826e550b7e60!8m2!3d1.0908078!4d104.0260507!16s%2Fg%2F11byl0h0n3!19sChIJq52h6L-O2TERYH4LVW6C_BM?authuser=0&hl=en&rclk=1,0.0,F&B,Indonesia.Batam.Kuliner.202406162232.db,1.09081,104.02605,duplicate_cross_file
10053,Panbil Mall,4.5,3695,0,Shopping mall,,"Jl. Ahmad Yani, Muka Kuning, Kec. Sei Beduk, Kota Batam, Kepulauan Riau 29433, Indonesia",[object Object],,1.0718645,104.0236371,https://www.google.com/maps/place/Panbil+Mall/data=!4m7!3m6!1s0x31d98fbaa588a097:0xabf44d1b3ee995a1!8m2!3d1.0718645!4d104.0236371!16s%2Fg%2F1hc0gm9fx!19sChIJl6CIpbqP2TERoZXpPhtN9Ks?authuser=0&hl=en&rclk=1,-1.0,F&B,Indonesia.Batam.Kuliner.202406162232.db,1.07186,104.02364,duplicate_cross_file
10193,Pertokoan Greenland Batam Centre,4.3,6,0,Restaurant,,"42FX+J83, Unnamed Road, Teluk Tering, Batam Kota, Batam City, Riau Islands 29444, Indonesia",[object Object],,1.1240174,104.0483088,https://www.google.com/maps/place/Pertokoan+Greenland+Batam+Centre/data=!4m7!3m6!1s0x31d9893a6619a92b:0xdb2a470625c4fd43!8m2!3d1.1240174!4d104.0483088!16s%2Fg%2F11h_4sf2p3!19sChIJK6kZZjqJ2TERQ_3EJQZHKts?authuser=0&hl=en&rclk=1,2.0,F&B,Indonesia.Batam.Kuliner.202406162232.db,1.12402,104.04831,duplicate_cross_file
10250,Inul Vizta Kepri Mall | Family Karaoke Batam,4.3,1535,0,Karaoke bar,,"Ruko Kepri Mall, Jl. Ahmad Yani, Sukajadi, Batam Kota, Batam City, Riau Islands 29444, Indonesia",[object Object],+62 778 7490088,1.102667,104.0353408,"https://www.google.com/maps/place/Inul+Vizta+Kepri+Mall+%7C+Family+Karaoke+Batam/@1.102667,104.0353408,17z/data=!3m1!4b1!4m6!3m5!1s0x31d98934a2d35e85:0x7ac54604a4768e72!8m2!3d1.102667!4d104.0353408!16s%2Fg%2F11b7skq77b?authuser=0&hl=en&entry=ttu&g_ep=EgoyMDI0MDgyOC4wIKXMDSoASAFQAw%3D%3D",2.0,F&B,Indonesia.Batam.Kuliner.202406162232.db,1.10267,104.03534,duplicate_cross_file
10391,Pasar Second Jodoh Batam,4.3,1979,0,Market,,"42X3+CXJ, Lubuk Baja Kota, Lubuk Baja, Batam City, Riau Islands 29444","[{""day"": ""Sunday"", ""hours"": ""05:00 - 23:00""}, {""day"": ""Monday"", ""hours"": ""05:00 - 23:00""}, {""day"": ""Tuesday"", ""hours"": ""05:00 - 23:00""}, {""day"": ""Wednesday"", ""hours"": ""05:00 - 23:00""}, {""day"": ""Thursday"", ""hours"": ""05:00 - 23:00""}, {""day"": ""Friday"", ""hours"": ""05:00 - 23:00""}, {""day"": ""Saturday"", ""hours"": ""05:00 - 23:00""}]",,1.1485911,104.0048939,"https://www.google.com/maps/place/Pasar+Second+Jodoh+Batam/@1.1485911,104.0048939,17z/data=!3m1!4b1!4m6!3m5!1s0x31d98a281469a4ff:0x4eebb794081c99ff!8m2!3d1.1485911!4d104.0048939!16s%2Fg%2F11f0kvr_h1?authuser=0&hl=en&entry=ttu&g_ep=EgoyMDI0MDgyOC4wIKXMDSoASAFQAw%3D%3D",2.0,F&B,Indonesia.Batam.Kuliner.202406162232.db,1.14859,104.00489,duplicate_cross_file
10453,Pasar Tanjung Pantun Jodoh,4.2,429,0,Produce market,,"42X4+M6F Wira Mustika Nagoya, Ruko, Jodoh River, Batu Ampar, Batam City, Riau Islands 29444",[object Object],,1.1498149,104.0059654,"https://www.google.com/maps/place/Pasar+Tanjung+Pantun+Jodoh/@1.1498149,104.0059654,17z/data=!3m1!4b1!4m6!3m5!1s0x31d98a27103d9ec5:0xbf39f57c92f0d7c7!8m2!3d1.1498149!4d104.0059654!16s%2Fg%2F11f3n6ktlc?authuser=0&hl=en&entry=ttu&g_ep=EgoyMDI0MDgyOC4wIKXMDSoASAFQAw%3D%3D",2.0,F&B,Indonesia.Batam.Kuliner.202406162232.db,1.14981,104.00597,duplicate_cross_file
10478,Jodoh Centre Supermarket,4.2,417,0,Discount supermarket,,"Blok G, No. 15, Komplek Tanjung Pantun, Sungai Jodoh, Kec. Batu Ampar, Kota Batam, Kepulauan Riau 29444","[{""day"": ""Sunday"", ""hours"": ""08:30 - 22:00""}, {""day"": ""Monday"", ""hours"": ""08:30 - 22:00""}, {""day"": ""Tuesday"", ""hours"": ""08:30 - 22:00""}, {""day"": ""Wednesday"", ""hours"": ""08:30 - 22:00""}, {""day"": ""Thursday"", ""hours"": ""08:30 - 22:00""}, {""day"": ""Friday"", ""hours"": ""08:30 - 22:00""}, {""day"": ""Saturday"", ""hours"": ""08:30 - 22:00""}]",(0778) 454189,1.1499621,104.0051915,https://www.google.com/maps/place/Jodoh+Centre+Supermarket/data=!4m7!3m6!1s0x31d98a27a3995699:0xbbd4f2493b9599f6!8m2!3d1.1499621!4d104.0051915!16s%2Fg%2F1hm4zddqy!19sChIJmVaZoyeK2TER9pmVO0ny1Ls?authuser=0&hl=en&rclk=1,-1.0,F&B,Indonesia.Batam.Kuliner.202406162232.db,1.14996,104.00519,duplicate_cross_file
10481,Nite & Day Hotel Batam - Jodoh Square,4.1,701,0,,,"Komp. Jodoh Square, Jl. Raja Ali H. No.56, Sungai Jodoh, Kec. Batu Ampar, Kota Batam, Kepulauan Riau 29444",[object Object],(0778) 426826,1.1528996,104.0052124,https://www.google.com/maps/place/Nite+%26+Day+Hotel+Batam+-+Jodoh+Square/data=!4m10!3m9!1s0x31d98a2733b736d1:0x8822c7ce7baee9bf!5m2!4m1!1i2!8m2!3d1.1528996!4d104.0052124!16s%2Fg%2F11bvtc9xfn!19sChIJ0Ta3MyeK2TERv-mue87HIog?authuser=0&hl=en&rclk=1,2.0,F&B,Indonesia.Batam.Kuliner.202406162232.db,1.1529,104.00521,duplicate_cross_file
10504,Alfamart,4.5,131,0,Convenience store,,"Jl.Sungai Panas Bukit Jodoh Ii No.71 Komp.Ruko Saudara Hasta Mandiri No.2-3-4 Kel, Panas River, Batam Kota, Batam City, Riau Islands 29433","[{""day"": ""Sunday"", ""hours"": ""07:00 - 22:00""}, {""day"": ""Monday"", ""hours"": ""07:00 - 22:00""}, {""day"": ""Tuesday"", ""hours"": ""07:00 - 22:00""}, {""day"": ""Wednesday"", ""hours"": ""07:00 - 22:00""}, {""day"": ""Thursday"", ""hours"": ""07:00 - 22:00""}, {""day"": ""Friday"", ""hours"": ""07:00 - 22:00""}, {""day"": ""Saturday"", ""hours"": ""07:00 - 22:00""}]",1 500 959,1.1402144,104.0273834,"https://www.google.com/maps/place/Alfamart/@1.1402144,104.0273834,17z/data=!3m1!4b1!4m6!3m5!1s0x31d98905b455b345:0x9f8483ccbbbac005!8m2!3d1.1402144!4d104.0273834!16s%2Fg%2F11k92wbdts?authuser=0&hl=en&entry=ttu&g_ep=EgoyMDI0MDgyOC4wIKXMDSoASAFQAw%3D%3D",0.0,F&B,Indonesia.Batam.Kuliner.202406162232.db,1.14021,104.02738,duplicate_cross_file
11415,TOKO VICTORIA TIBAN KAMPUNG,4.2,522,0,Supermarket,,"4X6P+P7Q, Tiban Lama, Sekupang, Batam City, Riau Islands 29424, Indonesia",[object Object],,1.1118275,103.9857242,https://www.google.com/maps/place/TOKO+VICTORIA+TIBAN+KAMPUNG/data=!4m7!3m6!1s0x31d98bed6986ad05:0xa5f9fc57ce4ecc15!8m2!3d1.1118275!4d103.9857242!16s%2Fg%2F11dx8_mbnp!19sChIJBa2Gae2L2TERFcxOzlf8-aU?authuser=0&hl=en&rclk=1,2.0,F&B,Indonesia.Batam.Kuliner.202406162232.db,1.11183,103.98572,duplicate_cross_file
11622,KOMPLEK TIBAN CENTRE,4.5,65,0,Shopping mall,,"Tiban Center, Jl. Gajah Mada, Tiban Indah, Sekupang, Batam City, Riau Islands 29421, Indonesia",[object Object],,1.113192,103.981274,https://www.google.com/maps/place/KOMPLEK+TIBAN+CENTRE/data=!4m7!3m6!1s0x31d98be253ddd78b:0xa73494c72eef5e9f!8m2!3d1.113192!4d103.981274!16s%2Fg%2F11m_pktrsr!19sChIJi9fdU-KL2TERn17vLseUNKc?authuser=0&hl=en&rclk=1,2.0,F&B,Indonesia.Batam.Kuliner.202406162232.db,1.11319,103.98127,duplicate_cross_file
14,Baloi View Apartment,4.3,396,0,,[],"Jl. Gajah Mada, Baloi Indah, Kec. Lubuk Baja, Kota Batam, Kepulauan Riau 29432, Indonesia",[],,1.122718,104.0078601,https://www.google.com/maps/place/Baloi+View+Apartment/data=!4m10!3m9!1s0x31d9896034b0ad49:0x4f95ce4150204a36!5m2!4m1!1i2!8m2!3d1.122718!4d104.0078601!16s%2Fg%2F1hm3zj63_!19sChIJSa2wNGCJ2TERNkogUEHOlU8?authuser=0&hl=en&rclk=1,2.0,Company,Indonesia.Batam.PT.202408042212.db,1.12272,104.00786,duplicate_cross_file
27,RedDoorz   Baloi Batam,4.3,159,0,,[],"Komplek Pertokoan Wahana 757 No, RT.1/RW.5, Baloi Indah, Kec. Lubuk Baja, Kota Batam, Kepulauan Riau 29444, Indonesia",[],+62 21 80629666,1.1275023,104.0053897,https://www.google.com/maps/place/RedDoorz+@+Baloi+Batam/data=!4m10!3m9!1s0x31d98b120b8037eb:0x705107f72cef1d6a!5m2!4m1!1i2!8m2!3d1.1275023!4d104.0053897!16s%2Fg%2F11gyc05kx7!19sChIJ6zeACxKL2TERah3vLPcHUXA?authuser=0&hl=en&rclk=1,2.0,Company,Indonesia.Batam.PT.202408042212.db,1.1275,104.00539,duplicate_cross_file
33,Permata Baloi Green,4.3,45,0,,[],"Jl. Permata Baloi B3 No.5, Baloi Indah, Lubuk Baja, Batam City, Riau Islands, Indonesia",[],+62 823-9277-3131,1.1311234,104.0127902,https://www.google.com/maps/place/Permata+Baloi+Green/data=!4m10!3m9!1s0x31d98972696298d1:0xe34c6a5be7e97929!5m2!4m1!1i2!8m2!3d1.1311234!4d104.0127902!16s%2Fg%2F11fmrl6sms!19sChIJ0ZhiaXKJ2TERKXnp51tqTOM?authuser=0&hl=en&rclk=1,2.0,Company,Indonesia.Batam.PT.202408042212.db,1.13112,104.01279,duplicate_cross_file
64,Batu ampar,5.0,2,0,Greenhouse & Equipment Supplier,[],"52C9+QQF, Tanjung Sengkuang, Batu Ampar, Batam City, Riau Islands, Indonesia",[],,1.171941,104.0194278,https://www.google.com/maps/place/Batu+ampar/data=!4m7!3m6!1s0x31d989d09b3635ef:0x6b3c3d120117dc87!8m2!3d1.171941!4d104.0194278!16s%2Fg%2F11t6x3ybnt!19sChIJ7zU2m9CJ2TERh9wXARI9PGs?authuser=0&hl=en&rclk=1,4.0,Company,Indonesia.Batam.PT.202408042212.db,1.17194,104.01943,duplicate_cross_file
95,Tiga Benua  PT,4.3,4,0,Manufacturer,[],"Komplek Repindo Blok B-2/10-11, Batu Merah, Kec. Batu Ampar, Kota Batam, Kepulauan Riau 29432, Indonesia",[],,1.167624,104.009604,https://www.google.com/maps/place/Tiga+Benua.+PT/data=!4m7!3m6!1s0x31d989f8312a4ccf:0xfecfdab640834457!8m2!3d1.167624!4d104.009604!16s%2Fg%2F1pzrp382c!19sChIJz0wqMfiJ2TERV0SDQLbaz_4?authuser=0&hl=en&rclk=1,4.0,Company,Indonesia.Batam.PT.202408042212.db,1.16762,104.0096,duplicate_cross_file
113,PT  Pacific Batam Perkasa,3.8,5,0,Wholesale grocer,[],"5295+6WV, Batu Merah, Batu Ampar, Batam City, Riau Islands, Indonesia",[],,1.1681128,104.0098118,https://www.google.com/maps/place/PT.+Pacific+Batam+Perkasa/data=!4m7!3m6!1s0x31d989c6f11a14f9:0x77c50d08709fde78!8m2!3d1.1681128!4d104.0098118!16s%2Fg%2F11f70wn700!19sChIJ-RQa8caJ2TEReN6fcAgNxXc?authuser=0&hl=en&rclk=1,4.0,Company,Indonesia.Batam.PT.202408042212.db,1.16811,104.00981,duplicate_cross_file
127,Bengkong laut,5.0,4,0,Market,[],"524G+FCH, Bengkong Laut, Bengkong, Batam City, Riau Islands, Indonesia",[],,1.1561898,104.0260997,https://www.google.com/maps/place/Bengkong+laut/data=!4m7!3m6!1s0x31d9893c040b76b7:0x48fd015bc222bf7b!8m2!3d1.1561898!4d104.0260997!16s%2Fg%2F11k3kqf4zc!19sChIJt3YLBDyJ2TERe78iwlsB_Ug?authuser=0&hl=en&rclk=1,4.0,Company,Indonesia.Batam.PT.202408042212.db,1.15619,104.0261,duplicate_cross_file
168,Golden Prawn 933,4.2,6,2,Seafood restaurant,"['Dine-in', 'Takeaway', 'No-contact delivery']","525P+XV9, Jl. Golden Prawn, Tj. Buntung, Kec. Bengkong, Kota Batam, Kepulauan Riau 29458, Indonesia","[{ day: 'Sunday', hours: '09:30 – 23:00' }, { day: 'Monday', hours: '09:30 – 23:00' }, { day: 'Tuesday', hours: '09:30 – 23:00' }, { day: 'Wednesday', hours: '09:30 – 23:00' }, { day: 'Thursday', hours: '09:30 – 23:00' }, { day: 'Friday', hours: '09:30 – 23:00' }, { day: 'Saturday', hours: '09:30 – 23:00' }]",,1.159912,104.037245,https://www.google.com/maps/place/Golden+Prawn+933/data=!4m7!3m6!1s0x31d989c6dc78aff1:0x8afe85ba8fdb2587!8m2!3d1.159912!4d104.037245!16s%2Fg%2F1yh4g683w!19sChIJ8a943MaJ2TERhyXbj7qF_oo?authuser=0&hl=en&rclk=1,4.0,Company,Indonesia.Batam.PT.202408042212.db,1.15991,104.03724,duplicate_cross_file
179,Bengkong ratu,4.8,4,0,Corporate office,[],"525F+4QR, Bengkong Laut, Bengkong, Batam City, Riau Islands 29444, Indonesia",[],,1.1578698,104.024394,https://www.google.com/maps/place/Bengkong+ratu/data=!4m7!3m6!1s0x31d989aab2089635:0xc943f15495e1b20d!8m2!3d1.1578698!4d104.024394!16s%2Fg%2F11p6vb_r86!19sChIJNZYIsqqJ2TERDbLhlVTxQ8k?authuser=0&hl=en&rclk=1,4.0,Company,Indonesia.Batam.PT.202408042212.db,1.15787,104.02439,duplicate_cross_file
197,Bengkong harapan 1 Block E No 45,4.6,9,0,Corporate office,[],"Jl. Bengkong Harapan 1 No.113 Blok E, Bengkong Laut, Kec. Bengkong, Kota Batam, Kepulauan Riau 29458, Indonesia",[],+62 857-6645-1390,1.1503789,104.0257595,https://www.google.com/maps/place/Bengkong+harapan+1+Block+E+No+45/data=!4m7!3m6!1s0x31d989292bf2cf1d:0xf0fe9d915f747487!8m2!3d1.1503789!4d104.0257595!16s%2Fg%2F11h71jq2vy!19sChIJHc_yKymJ2TERh3R0X5Gd_vA?authuser=0&hl=en&rclk=1,4.0,Company,Indonesia.Batam.PT.202408042212.db,1.15038,104.02576,duplicate_cross_file
215,Batam,5.0,1,0,Housing society,[],"Jl. Bengkong Harapan 1 Blk. C No.41, Bengkong Laut, Kec. Bengkong, Kota Batam, Kepulauan Riau 29444, Indonesia",[],,1.1546779,104.0304165,https://www.google.com/maps/place/Batam/data=!4m7!3m6!1s0x31d989d46d6fd20b:0xbbb1d2a7ac45964e!8m2!3d1.1546779!4d104.0304165!16s%2Fg%2F11v68f5146!19sChIJC9JvbdSJ2TERTpZFrKfSsbs?authuser=0&hl=en&rclk=1,4.0,Company,Indonesia.Batam.PT.202408042212.db,1.15468,104.03042,duplicate_cross_file
216,Golden View Hotel,4.3,3,0,,[],"Jl. Bengkong Laut, Tj. Buntung, Kec. Bengkong, Kota Batam, Kepulauan Riau 29433, Indonesia",[],,1.1615452,104.0367054,https://www.google.com/maps/place/Golden+View+Hotel/data=!4m7!3m6!1s0x31d98ebffdf55535:0x420dd58b0afc8022!8m2!3d1.1615452!4d104.0367054!16s%2Fg%2F1tr8j1vy!19sChIJNVX1_b-O2TERIoD8CovVDUI?authuser=0&hl=en&rclk=1,4.0,Company,Indonesia.Batam.PT.202408042212.db,1.16155,104.03671,duplicate_cross_file
236,The Golden Bay Hotel,4.2,1,0,,[],"Tanjung Buntung, Bengkong, Batam City, Riau Islands, Indonesia",[],+62 857-8887-7739,1.1629313,104.040122,https://www.google.com/maps/place/The+Golden+Bay+Hotel/data=!4m7!3m6!1s0x31d989c5c6ba51df:0xc65e3d160cf323a0!8m2!3d1.1629313!4d104.040122!16s%2Fg%2F11c1xdclbx!19sChIJ31G6xsWJ2TERoCPzDBY9XsY?authuser=0&hl=en&rclk=1,4.0,Company,Indonesia.Batam.PT.202408042212.db,1.16293,104.04012,duplicate_cross_file
237,Isagenix Batam,0.0,0,0,Wellness center,[],"42XF+QQJ, Jl. Raya Aljabar, Bengkong Indah, Kec. Bengkong, Kota Batam, Kepulauan Riau 29444, Indonesia",[],,1.149464,104.0243991,https://www.google.com/maps/place/Isagenix+Batam/data=!4m7!3m6!1s0x31d98990cc6209fd:0x8ba473926841c0a9!8m2!3d1.149464!4d104.0243991!16s%2Fg%2F11crtl3py3!19sChIJ_QlizJCJ2TERqcBBaJJzpIs?authuser=0&hl=en&rclk=1,4.0,Company,Indonesia.Batam.PT.202408042212.db,1.14946,104.0244,duplicate_cross_file
312,DAM Duriangkang Reservoir,4.6,15,0,Park,[],"32CV+J2X, Batam Kota, Batam City, Riau Islands 29433, Indonesia",[],,1.0716026,104.0426069,https://www.google.com/maps/place/DAM+Duriangkang+Reservoir/data=!4m7!3m6!1s0x31d98ee7a085f2c9:0xf76c6ddb0d6af794!8m2!3d1.0716026!4d104.0426069!16s%2Fg%2F11cn5r0crg!19sChIJyfKFoOeO2TERlPdqDdttbPc?authuser=0&hl=en&rclk=1,0.0,Company,Indonesia.Batam.PT.202408042212.db,1.0716,104.04261,duplicate_cross_file
327,duriangkang,4.4,7,0,Clothing store,"['In-store shopping', 'In-store pick-up']","23H6+622, Unnamed Road,, Duriangkang, Kec. Sei Beduk, Kota Batam, Kepulauan Riau 29433, Indonesia","[{ day: 'Sunday', hours: '07:00 – 22:00' }, { day: 'Monday', hours: '07:00 – 22:00' }, { day: 'Tuesday', hours: '07:00 – 22:00' }, { day: 'Wednesday', hours: '07:00 – 22:00' }, { day: 'Thursday', hours: '07:00 – 22:00' }, { day: 'Friday', hours: '07:00 – 22:00' }, { day: 'Saturday', hours: '07:00 – 22:00' }]",+62 853-2222-5605,1.028003,104.0600036,https://www.google.com/maps/place/duriangkang/data=!4m7!3m6!1s0x31d98fd60cd87309:0xac1f9bed7d01270e!8m2!3d1.028003!4d104.0600036!16s%2Fg%2F11c4kb0sml!19sChIJCXPYDNaP2TERDicBfe2bH6w?authuser=0&hl=en&rclk=1,0.0,Company,Indonesia.Batam.PT.202408042212.db,1.028,104.06,duplicate_cross_file
400,Kampung seraya,4.7,11,0,Homestay,[],"5228+9X8, Unnamed Road, Kp. Seraya, Kec. Batu Ampar, Kota Batam, Kepulauan Riau 29444, Indonesia",[],,1.150919,104.0174612,https://www.google.com/maps/place/Kampung+seraya/data=!4m7!3m6!1s0x31d9899fb71ba303:0x9f3424f920ee0a90!8m2!3d1.150919!4d104.0174612!16s%2Fg%2F11m40d42ck!19sChIJA6Mbt5-J2TERkAruIPkkNJ8?authuser=0&hl=en&rclk=1,4.0,Company,Indonesia.Batam.PT.202408042212.db,1.15092,104.01746,duplicate_cross_file
403,Kantor Kelurahan Kampung Seraya,5.0,1,0,Government office,[],"5235+3QW, Jl. Raja Ali H., Sungai Jodoh, Kec. Batu Ampar, Kota Batam, Kepulauan Riau 29444, Indonesia",[],,1.1527415,104.0094531,https://www.google.com/maps/place/Kantor+Kelurahan+Kampung+Seraya/data=!4m7!3m6!1s0x31d9898988901bc1:0x2c90dee71a936ea!8m2!3d1.1527415!4d104.0094531!16s%2Fg%2F11c70df2rw!19sChIJwRuQiImJ2TER6japce4NyQI?authuser=0&hl=en&rclk=1,4.0,Company,Indonesia.Batam.PT.202408042212.db,1.15274,104.00945,duplicate_cross_file
424,Seraya Garden,4.5,11,0,Housing complex,[],"5228+F94, Kampung Seraya, Batu Ampar, Batam City, Riau Islands 29444, Indonesia",[],,1.151141,104.0159685,https://www.google.com/maps/place/Seraya+Garden/data=!4m7!3m6!1s0x31d989822a32e997:0xd9a14aeba951de7f!8m2!3d1.151141!4d104.0159685!16s%2Fg%2F11hdv8kxgk!19sChIJl-kyKoKJ2TERf95RqetKodk?authuser=0&hl=en&rclk=1,4.0,Company,Indonesia.Batam.PT.202408042212.db,1.15114,104.01597,duplicate_cross_file
491,PT EX Batam Indonesia,4.9,7,0,Electronics manufacturer,[],"Jl. Beringin No.Lot 216, Muka Kuning, Kec. Sei Beduk, Kota Batam, Kepulauan Riau 29433, Indonesia",[],,1.064286,104.0317133,https://www.google.com/maps/place/PT+EX+Batam+Indonesia/data=!4m7!3m6!1s0x31d98ef55f94da7d:0xce3605f61c49de0f!8m2!3d1.064286!4d104.0317133!16s%2Fg%2F11h9vkg8r4!19sChIJfdqUX_WO2TERD95JHPYFNs4?authuser=0&hl=en&rclk=1,0.0,Company,Indonesia.Batam.PT.202408042212.db,1.06429,104.03171,duplicate_cross_file
492,PT  Philips Industries Batam,4.2,111,0,Electronics manufacturer,[],"Panbil Industrial Estate, Factory B1 Lot 1-6, B2A, Jl. Ahmad Yani No.Lot 12 - 17, Muka Kuning, Nongsa, Batam City, Riau Islands 29433, Indonesia",[],,1.0753039,104.024138,https://www.google.com/maps/place/PT.+Philips+Industries+Batam/data=!4m7!3m6!1s0x31d98e919cad29dd:0xbf03239d9c701463!8m2!3d1.0753039!4d104.024138!16s%2Fg%2F1hm2g414m!19sChIJ3SmtnJGO2TERYxRwnJ0jA78?authuser=0&hl=en&rclk=1,0.0,Company,Indonesia.Batam.PT.202408042212.db,1.0753,104.02414,duplicate_cross_file
525,PT  BATAM KARYA PRIMA,4.1,7,0,Pharmacy,[],"Komp. Panbil Commercial Area Blok A No. 9, Muka Kuning, Kota Batam, Kepulauan Riau, Indonesia",[],,1.0824366,104.0292632,https://www.google.com/maps/place/PT.+BATAM+KARYA+PRIMA/data=!4m7!3m6!1s0x31d98905afde6fbb:0x506ada93d2251b03!8m2!3d1.0824366!4d104.0292632!16s%2Fg%2F11cn6kdtjc!19sChIJu2_erwWJ2TERAxsl0pPaalA?authuser=0&hl=en&rclk=1,2.0,Company,Indonesia.Batam.PT.202408042212.db,1.08244,104.02926,duplicate_cross_file
536,Muka kuning,1.0,2,0,Corporate office,[],"2XRX+649, Kibing, Batu Aji, Batam City, Riau Islands 29424, Indonesia",[],,1.0403613,103.9979597,https://www.google.com/maps/place/Muka+kuning/data=!4m7!3m6!1s0x31d98df2c93533b5:0xd800b4efedc266ea!8m2!3d1.0403613!4d103.9979597!16s%2Fg%2F11l1ydghjd!19sChIJtTM1yfKN2TER6mbC7e-0ANg?authuser=0&hl=en&rclk=1,0.0,Company,Indonesia.Batam.PT.202408042212.db,1.04036,103.99796,duplicate_cross_file
592,PT  Kaliban Punggur,5.0,1,0,Corporate office,[],"3469+7H2, Jl. Kav. Bida, Kabil, Kecamatan Nongsa, Kota Batam, Kepulauan Riau 29467, Indonesia",[],,1.0606375,104.1188888,https://www.google.com/maps/place/PT.+Kaliban+Punggur/data=!4m7!3m6!1s0x31d985d2e078f747:0x4484b2ac286e2fba!8m2!3d1.0606375!4d104.1188888!16s%2Fg%2F11j5d_sz9f!19sChIJR_d44NKF2TERui9uKKyyhEQ?authuser=0&hl=en&rclk=1,-1.0,Company,Indonesia.Batam.PT.202408042212.db,1.06064,104.11889,duplicate_cross_file
604,Kelurahan Sei Pelungut,2.7,10,0,City clerk's office,[],"2XH5+FG2, Jalan Raya Dapur 21, Sungai Pelunggut, Kec. Sagulung, Kota Batam, Kepulauan Riau 29434, Indonesia",[],,1.028628,103.9587596,https://www.google.com/maps/place/Kelurahan+Sei+Pelungut/data=!4m7!3m6!1s0x31d98d7fb84fff95:0xb6779faa0f10a4d7!8m2!3d1.028628!4d103.9587596!16s%2Fg%2F11byp6d8cn!19sChIJlf9PuH-N2TER16QQD6qfd7Y?authuser=0&hl=en&rclk=1,0.0,Company,Indonesia.Batam.PT.202408042212.db,1.02863,103.95876,duplicate_cross_file
608,Ramiro Garden  Sei Temiang  Batu Aji Batam Island,5.0,4,0,Plant nursery,[],"3XJ3+4VP, Jl. KH Ahmad Dahlan, Tj. Riau, Kec. Sekupang, Kota Batam, Kepulauan Riau 29425, Indonesia","[{ day: 'Monday', hours: '07:00 – 17:00' }, { day: 'Tuesday', hours: '07:00 – 17:00' }, { day: 'Wednesday', hours: '07:00 – 17:00' }, { day: 'Thursday', hours: '07:00 – 17:00' }, { day: 'Friday', hours: '07:00 – 17:00' }, { day: 'Saturday', hours: '07:00 – 17:00' }, { day: 'Sunday', hours: '07:00 – 17:00' }]",+62 813-7208-4063,1.0803278,103.9547171,"https://www.google.com/maps/place/Ramiro+Garden,+Sei+Temiang,+Batu+Aji+Batam+Island/data=!4m7!3m6!1s0x31d98cf38616bccf:0xba4338dc2db05029!8m2!3d1.0803278!4d103.9547171!16s%2Fg%2F11g72g2q0y!19sChIJz7wWhvOM2TERKVCwLdw4Q7o?authuser=0&hl=en&rclk=1",-1.0,Company,Indonesia.Batam.PT.202408042212.db,1.08033,103.95472,duplicate_cross_file
609,TPU Muslim Sei Temiang,4.4,8,0,Cemetery,[],"3X89+M43 TPU Temiang, Tj. Riau, Kec. Sekupang, Kota Batam, Kepulauan Riau 29425, Indonesia","[{ day: 'Monday', hours: '06:00 – 23:00' }, { day: 'Tuesday', hours: '06:00 – 23:00' }, { day: 'Wednesday', hours: '06:00 – 23:00' }, { day: 'Thursday', hours: '06:00 – 23:00' }, { day: 'Friday', hours: '06:00 – 23:00' }, { day: 'Saturday', hours: '06:00 – 23:00' }, { day: 'Sunday', hours: '06:00 – 23:00' }]",,1.0666392,103.9677966,https://www.google.com/maps/place/TPU+Muslim+Sei+Temiang/data=!4m7!3m6!1s0x31d98dc152f8c927:0x794dabce433ee59a!8m2!3d1.0666392!4d103.9677966!16s%2Fg%2F11kvqv2qx_!19sChIJJ8n4UsGN2TERmuU-Q86rTXk?authuser=0&hl=en&rclk=1,0.0,Company,Indonesia.Batam.PT.202408042212.db,1.06664,103.9678,duplicate_cross_file
610,PERUMAHAN KAVLING PLUS SEI TEMIANG,4.6,10,0,Gated community,[],"Tanjung Riau, Sekupang, Batam City, Riau Islands 29425, Indonesia",[],+62 812-7767-6019,1.0760263,103.953993,https://www.google.com/maps/place/PERUMAHAN+KAVLING+PLUS+SEI+TEMIANG/data=!4m7!3m6!1s0x31d98d8ea0fe5253:0x2492bd71db7b4c05!8m2!3d1.0760263!4d103.953993!16s%2Fg%2F11k02sjzdk!19sChIJU1L-oI6N2TERBUx723G9kiQ?authuser=0&hl=en&rclk=1,0.0,Company,Indonesia.Batam.PT.202408042212.db,1.07603,103.95399,duplicate_cross_file
611,Pertamina Petrol Station,4.4,281,0,Petrol Station,['Diesel fuel'],"3X69+Q8X, Jl. Diponegoro, Buliang, Kec. Batu Aji, Kota Batam, Kepulauan Riau 29424, Indonesia","[{ day: 'Monday', hours: '06:30 – 22:00' }, { day: 'Tuesday', hours: '06:30 – 22:00' }, { day: 'Wednesday', hours: '06:30 – 22:00' }, { day: 'Thursday', hours: '06:30 – 22:00' }, { day: 'Friday', hours: '06:30 – 22:00' }, { day: 'Saturday', hours: '06:30 – 22:00' }, { day: 'Sunday', hours: '06:30 – 22:00' }]",,1.0619939,103.968352,https://www.google.com/maps/place/Pertamina+Petrol+Station/data=!4m7!3m6!1s0x31d98dac5ec37589:0xe80d29c16d23d7b8!8m2!3d1.0619939!4d103.968352!16s%2Fg%2F11bymxjw64!19sChIJiXXDXqyN2TERuNcjbcEpDeg?authuser=0&hl=en&rclk=1,0.0,Company,Indonesia.Batam.PT.202408042212.db,1.06199,103.96835,duplicate_cross_file
623,Sungai Panas,3.0,2,0,River,[],"Sadai, Bengkong, Batam City, Riau Islands, Indonesia",[],,1.1408443,104.0470216,https://www.google.com/maps/place/Sungai+Panas/data=!4m7!3m6!1s0x31d989a99d110c33:0xeb1502f801dd638a!8m2!3d1.1408443!4d104.0470216!16s%2Fg%2F11j1m2mcpj!19sChIJMwwRnamJ2TERimPdAfgCFes?authuser=0&hl=en&rclk=1,4.0,Company,Indonesia.Batam.PT.202408042212.db,1.14084,104.04702,duplicate_cross_file
660,Tanjung sengkuang,4.7,3,0,Place of worship,[],"52MC+32G, Unnamed Road, Tj. Sengkuang, Kec. Batu Ampar, Kota Batam, Kepulauan Riau 29444, Indonesia",[],,1.1826923,104.0200681,https://www.google.com/maps/place/Tanjung+sengkuang/data=!4m7!3m6!1s0x31da2739eff88609:0xf825799631f1c046!8m2!3d1.1826923!4d104.0200681!16s%2Fg%2F11qg5c_pxk!19sChIJCYb47zkn2jERRsDxMZZ5Jfg?authuser=0&hl=en&rclk=1,4.0,Company,Indonesia.Batam.PT.202408042212.db,1.18269,104.02007,duplicate_cross_file
669,Sumber Sari Sekawan  PT,4.7,6,0,Bakery,['Takeaway'],"komplek union industrial Park blok H.NO 02 BATAM 29451, Tanjung Sengkuang, Batu Ampar, Batam City, Riau Islands 29444, Indonesia","[{ day: 'Monday', hours: '08:00 – 19:00' }, { day: 'Tuesday', hours: '08:00 – 19:00' }, { day: 'Wednesday', hours: '08:00 – 19:00' }, { day: 'Thursday', hours: '08:00 – 19:00' }, { day: 'Friday', hours: '08:00 – 19:00' }, { day: 'Saturday', hours: '08:00 – 19:00' }, { day: 'Sunday', hours: '08:00 – 19:00' }]",,1.1674539,104.0185713,https://www.google.com/maps/place/Sumber+Sari+Sekawan.+PT/data=!4m7!3m6!1s0x31d9899a611eded7:0xba46d9a06df549a6!8m2!3d1.1674539!4d104.0185713!16s%2Fg%2F1pzs6jp0t!19sChIJ194eYZqJ2TERpkn1baDZRro?authuser=0&hl=en&rclk=1,4.0,Company,Indonesia.Batam.PT.202408042212.db,1.16745,104.01857,duplicate_cross_file
680,Lapangan Volly Kampung Melayu Sei Panas,4.7,7,0,Gym and Fitness Centre,[],"42RG+245, Panas River, Batam Kota, Batam City, Riau Islands 29444, Indonesia",[],,1.1400032,104.0253612,https://www.google.com/maps/place/Lapangan+Volly+Kampung+Melayu+Sei+Panas/data=!4m7!3m6!1s0x31d989c582c21c39:0x5ae6a22a4c3e5c62!8m2!3d1.1400032!4d104.0253612!16s%2Fg%2F11qqhzzzs8!19sChIJORzCgsWJ2TERYlw-TCqi5lo?authuser=0&hl=en&rclk=1,4.0,Company,Indonesia.Batam.PT.202408042212.db,1.14,104.02536,duplicate_cross_file
683,Best Mart Sungai Panas,4.7,59,0,Supermarket,[],"Ruko, Nusa Jaya Blok A No.15-16, Sungai Panas, Kec. Batam Kota, Kota Batam, Kepulauan Riau 29444, Indonesia","[{ day: 'Monday', hours: '07:00 – 22:00' }, { day: 'Tuesday', hours: '07:00 – 22:00' }, { day: 'Wednesday', hours: '07:00 – 22:00' }, { day: 'Thursday', hours: '07:00 – 22:00' }, { day: 'Friday', hours: '07:00 – 22:00' }, { day: 'Saturday', hours: '07:00 – 22:00' }, { day: 'Sunday', hours: '07:00 – 22:00' }]",+62 822-8797-6697,1.1358917,104.0343314,https://www.google.com/maps/place/Best+Mart+Sungai+Panas/data=!4m7!3m6!1s0x31d9897e4010f0d7:0x3c22df6f121e83b1!8m2!3d1.1358917!4d104.0343314!16s%2Fg%2F11fsysc71l!19sChIJ1_AQQH6J2TERsYMeEm_fIjw?authuser=0&hl=en&rclk=1,4.0,Company,Indonesia.Batam.PT.202408042212.db,1.13589,104.03433,duplicate_cross_file
697,Tanjung uma,4.0,1,0,Housing development,[],"4XWX+8CJ, Tanjung Uma, Lubuk Baja, Batam City, Riau Islands, Indonesia",[],,1.1458464,103.9985199,https://www.google.com/maps/place/Tanjung+uma/data=!4m7!3m6!1s0x31d98b00781afd47:0x14ae396c8a9a20cc!8m2!3d1.1458464!4d103.9985199!16s%2Fg%2F11ldv4ww89!19sChIJR_0aeACL2TERzCCaimw5rhQ?authuser=0&hl=en&rclk=1,4.0,Company,Indonesia.Batam.PT.202408042212.db,1.14585,103.99852,duplicate_cross_file
699,Tanjung uma,0.0,0,0,Restaurant,"['Dine-in', 'Drive-through', 'No-contact delivery']","4XXW+24 Tg uma, Tj. Uma, Kec. Lubuk Baja, Kota Batam, Kepulauan Riau 23944, Indonesia",[],+62 812-6812-3493,1.1453667,103.9935953,https://www.google.com/maps/place/Tanjung+uma/data=!4m7!3m6!1s0x31d98bc5927fb55d:0xce1f065da5a9dcd4!8m2!3d1.1453667!4d103.9935953!16s%2Fg%2F11tk8s5bf2!19sChIJXbV_ksWL2TER1NyppV0GH84?authuser=0&hl=en&rclk=1,4.0,Company,Indonesia.Batam.PT.202408042212.db,1.14537,103.9936,duplicate_cross_file
727,Restoran Seafood Teluk Air ( kampung berkah),4.4,5,0,Restaurant,"['Dine-in', 'Kerbside pickup', 'Delivery']","Kampung Teluk air, Pulau Setokok, Kec. Bulang, Kota Batam, Kepulauan Riau, Indonesia","[{ day: 'Monday', hours: '09:00 – 20:00' }, { day: 'Tuesday', hours: '09:00 – 20:00' }, { day: 'Wednesday', hours: '09:00 – 20:00' }, { day: 'Thursday', hours: '09:00 – 20:00' }, { day: 'Friday', hours: '09:00 – 22:00' }, { day: 'Saturday', hours: '09:00 – 00:00' }, { day: 'Sunday', hours: '09:00 – 22:00' }]",+62 859-3157-2804,0.9592778,104.072576,https://www.google.com/maps/place/Restoran+Seafood+Teluk+Air+%28+kampung+berkah%29/data=!4m7!3m6!1s0x31d991050d0f9e3b:0xd0bd7595b66017b8!8m2!3d0.9592778!4d104.072576!16s%2Fg%2F11smcpyc_4!19sChIJO54PDQWR2TERuBdgtpV1vdA?authuser=0&hl=en&rclk=1,5.0,Company,Indonesia.Batam.PT.202408042212.db,0.95928,104.07258,duplicate_cross_file
775,Tiban indah,0.0,0,0,Housing complex,[],"4XGG+5JR, Jl. Ciptaland, Tiban Indah, Kec. Sekupang, Kota Batam, Kepulauan Riau, Indonesia",[],,1.1254774,103.9765126,https://www.google.com/maps/place/Tiban+indah/data=!4m7!3m6!1s0x31d98b7c5e0dfc4d:0x854c6c185bb7a1a6!8m2!3d1.1254774!4d103.9765126!16s%2Fg%2F11v6hb72ft!19sChIJTfwNXnyL2TERpqG3WxhsTIU?authuser=0&hl=en&rclk=1,2.0,Company,Indonesia.Batam.PT.202408042212.db,1.12548,103.97651,duplicate_cross_file
777,Tiban indah,0.0,0,0,Housing complex,[],"Perumahan graha permata indah, Lrg. 3 blok H25, Tiban Indah, Kec. Sekupang, Kota Batam, Kepulauan Riau 29424, Indonesia",[],,1.1246776,103.9829927,https://www.google.com/maps/place/Tiban+indah/data=!4m7!3m6!1s0x31d98b005cf1ff83:0xbc6c3f9831a0c011!8m2!3d1.1246776!4d103.9829927!16s%2Fg%2F11vt646pln!19sChIJg__xXACL2TEREcCgMZg_bLw?authuser=0&hl=en&rclk=1,2.0,Company,Indonesia.Batam.PT.202408042212.db,1.12468,103.98299,duplicate_cross_file
788,Top 100 Tiban,4.4,1,0,Shopping mall,[],"4X7G+2WQ, Patam Lestari, Sekupang, Batam City, Riau Islands 29424, Indonesia","[{ day: 'Monday', hours: '10:00 – 21:00' }, { day: 'Tuesday', hours: '10:00 – 21:00' }, { day: 'Wednesday', hours: '10:00 – 21:00' }, { day: 'Thursday', hours: '10:00 – 21:00' }, { day: 'Friday', hours: '10:00 – 21:00' }, { day: 'Saturday', hours: '10:00 – 21:00' }, { day: 'Sunday', hours: '10:00 – 21:00' }]",,1.1125898,103.9773506,https://www.google.com/maps/place/Top+100+Tiban/data=!4m7!3m6!1s0x31d98b9191a622c7:0x28904e8a9ec56d2d!8m2!3d1.1125898!4d103.9773506!16s%2Fg%2F11fxxmd494!19sChIJxyKmkZGL2TERLW3FnopOkCg?authuser=0&hl=en&rclk=1,2.0,Company,Indonesia.Batam.PT.202408042212.db,1.11259,103.97735,duplicate_cross_file
804,Tiban lama,0.0,0,0,Housing complex,[],"4X5Q+H27, Tiban Lama, Sekupang, Batam City, Riau Islands 29424, Indonesia",[],,1.1089035,103.987544,https://www.google.com/maps/place/Tiban+lama/data=!4m7!3m6!1s0x31d98b007aae5e99:0xc58f2932e8549344!8m2!3d1.1089035!4d103.987544!16s%2Fg%2F11y3wf8b2k!19sChIJmV6uegCL2TERRJNU6DIpj8U?authuser=0&hl=en&rclk=1,2.0,Company,Indonesia.Batam.PT.202408042212.db,1.1089,103.98754,duplicate_cross_file
806,KOMPLEK TIBAN CENTRE,4.5,64,0,Shopping mall,[],"Tiban Center, Jl. Gajah Mada, Tiban Indah, Sekupang, Batam City, Riau Islands 29421, Indonesia",[],,1.113192,103.981274,https://www.google.com/maps/place/KOMPLEK+TIBAN+CENTRE/data=!4m7!3m6!1s0x31d98be253ddd78b:0xa73494c72eef5e9f!8m2!3d1.113192!4d103.981274!16s%2Fg%2F11m_pktrsr!19sChIJi9fdU-KL2TERn17vLseUNKc?authuser=0&hl=en&rclk=1,2.0,Company,Indonesia.Batam.PT.202408042212.db,1.11319,103.98127,duplicate_cross_file
908,Tiban Ayu,4.5,135,0,Housing complex,[],"Tiban Lama, Sekupang, Batam City, Riau Islands 29424, Indonesia",[],+62 813-7105-7740,1.1064869,103.9795892,https://www.google.com/maps/place/Tiban+Ayu/data=!4m7!3m6!1s0x31d98bcef24e6ed5:0x4cad7e8678032633!8m2!3d1.1064869!4d103.9795892!16s%2Fg%2F11f7bzr18x!19sChIJ1W5O8s6L2TERMyYDeIZ-rUw?authuser=0&hl=en&rclk=1,2.0,Company,Indonesia.Batam.PT.202408042212.db,1.10649,103.97959,duplicate_cross_file
918,Primart,4.3,323,0,Grocery store,"['Kerbside pickup', 'Delivery']","Komp. Pertokoan Golden Wealth, Tiban Indah, Kec. Sekupang, Kota Batam, Kepulauan Riau 29424, Indonesia",[],+62 812-6681-5033,1.1134419,103.9779327,https://www.google.com/maps/place/Primart/data=!4m7!3m6!1s0x31d98b9186caf6a7:0xe23756e89f1740a1!8m2!3d1.1134419!4d103.9779327!16s%2Fg%2F11cjk2xrf_!19sChIJp_bKhpGL2TERoUAXn-hWN-I?authuser=0&hl=en&rclk=1,2.0,Company,Indonesia.Batam.PT.202408042212.db,1.11344,103.97793,duplicate_cross_file
921,Gorengan SPBU Tiban III,4.3,3,0,Hawker Stall,"['Dine-in', 'Takeaway']","4X58+R6F, Patam Lestari, Sekupang, Batam City, Riau Islands, Indonesia",[],,1.1095501,103.9655378,https://www.google.com/maps/place/Gorengan+SPBU+Tiban+III/data=!4m7!3m6!1s0x31d98b4b8bc6f685:0xecf1ff28fdaa2a0a!8m2!3d1.1095501!4d103.9655378!16s%2Fg%2F11g046qb73!19sChIJhfbGi0uL2TERCiqq_Sj_8ew?authuser=0&hl=en&rclk=1,2.0,Company,Indonesia.Batam.PT.202408042212.db,1.10955,103.96554,duplicate_cross_file
937,Rumah Bekam Batam Hj  Hasanah,4.0,5,0,Physical therapy clinic,[],"villa alam lestari blok AC no.2 Tiban Baru - Sekupang, Tiban Baru, Kec. Sekupang, Kota Batam, Kepulauan Riau 29432, Indonesia",[],+62 812-7044-659,1.1075747,103.9584478,https://www.google.com/maps/place/Rumah+Bekam+Batam+Hj.+Hasanah/data=!4m7!3m6!1s0x31d98b78dd9d283f:0x2191b9ac8574281!8m2!3d1.1075747!4d103.9584478!16s%2Fg%2F11fz9yvf43!19sChIJPyid3XiL2TERgUJXyJobGQI?authuser=0&hl=en&rclk=1,2.0,Company,Indonesia.Batam.PT.202408042212.db,1.10757,103.95845,duplicate_cross_file
969,Minang Bahagia,2.0,1,0,Padang restaurant,"['Dine-in', 'Takeaway']","Komplek Pertokoan Tiban Centre, Jl. Gajah Mada Blok I No. 7, Tiban Indah, Kec. Sekupang, Kota Batam, Kepulauan Riau 29424, Indonesia","[{ day: 'Monday', hours: '09:00 – 21:00' }, { day: 'Tuesday', hours: '09:00 – 21:00' }, { day: 'Wednesday', hours: '09:00 – 21:00' }, { day: 'Thursday', hours: '09:00 – 21:00' }, { day: 'Friday', hours: '09:00 – 21:00' }, { day: 'Saturday', hours: '09:00 – 21:00' }, { day: 'Sunday', hours: '09:00 – 21:00' }]",,1.112983,103.981461,https://www.google.com/maps/place/Minang+Bahagia/data=!4m7!3m6!1s0x31d98b92f9598e0d:0x6dec8ca3c66521a!8m2!3d1.112983!4d103.981461!16s%2Fg%2F11bcdbg8mc!19sChIJDY5Z-ZKL2TERGlJmPMrI3gY?authuser=0&hl=en&rclk=1,2.0,Company,Indonesia.Batam.PT.202408042212.db,1.11298,103.98146,duplicate_cross_file
1004,Kantor Kelurahan Bukit Tempayan,3.4,8,0,Local government office,[],"3X24+67P, Jl. Pendidikan, Bukit Tempayan, Kec. Batu Aji, Kota Batam, Kepulauan Riau 29424, Indonesia",[],,1.050591,103.955692,https://www.google.com/maps/place/Kantor+Kelurahan+Bukit+Tempayan/data=!4m7!3m6!1s0x31d98d0bfd508d71:0x1e010fda80ee28f8!8m2!3d1.050591!4d103.955692!16s%2Fg%2F11btwvkp7j!19sChIJcY1Q_QuN2TER-CjugNoPAR4?authuser=0&hl=en&rclk=1,0.0,Company,Indonesia.Batam.PT.202408042212.db,1.05059,103.95569,duplicate_cross_file
1045,Piayu Live Seafood Restaurant,4.2,250,2,Seafood restaurant,"['Dine-in', 'Takeaway', 'No-contact delivery']","Tanjung Piayu, Sei Beduk, Batam City, Riau Islands 29437, Indonesia","[{ day: 'Monday', hours: '09:00 – 21:30' }, { day: 'Tuesday', hours: '09:00 – 21:30' }, { day: 'Wednesday', hours: '09:00 – 21:30' }, { day: 'Thursday', hours: '09:00 – 21:30' }, { day: 'Friday', hours: '09:00 – 21:30' }, { day: 'Saturday', hours: '09:00 – 21:30' }, { day: 'Sunday', hours: '09:00 – 21:30' }]",+62 852-7191-5188,0.9897191,104.0939701,https://www.google.com/maps/place/Piayu+Live+Seafood+Restaurant/data=!4m7!3m6!1s0x31d99080c5b379eb:0xef129729ef4d1ad1!8m2!3d0.9897191!4d104.0939701!16s%2Fg%2F11dymp1l9n!19sChIJ63mzxYCQ2TER0RpN7ymXEu8?authuser=0&hl=en&rclk=1,5.0,Company,Indonesia.Batam.PT.202408042212.db,0.98972,104.09397,duplicate_cross_file
1048,Kampung Tua Tanjung Piayu Batam,4.2,10,0,Restaurant,"['Dine-in', 'Takeaway']","X3PV+RP2, Jl. S. Parman, Tj. Piayu, Kec. Sei Beduk, Kota Batam, Kepulauan Riau, Indonesia","[{ day: 'Monday', hours: '10:00 – 21:00' }, { day: 'Tuesday', hours: '10:00 – 21:00' }, { day: 'Wednesday', hours: '10:00 – 21:00' }, { day: 'Thursday', hours: '10:00 – 21:00' }, { day: 'Friday', hours: '10:00 – 21:00' }, { day: 'Saturday', hours: '10:00 – 21:00' }, { day: 'Sunday', hours: '10:00 – 21:00' }]",,0.9870075,104.0942698,https://www.google.com/maps/place/Kampung+Tua+Tanjung+Piayu+Batam/data=!4m7!3m6!1s0x31d991dc65aae5f9:0x2470d5962a304cc6!8m2!3d0.9870075!4d104.0942698!16s%2Fg%2F11gycv5glq!19sChIJ-eWqZdyR2TERxkwwKpbVcCQ?authuser=0&hl=en&rclk=1,5.0,Company,Indonesia.Batam.PT.202408042212.db,0.98701,104.09427,duplicate_cross_file
1057,Love Seafood Restaurant,4.5,4,2,Seafood restaurant,"['Dine-in', 'Kerbside pickup', 'No-contact delivery']","Kampung Tua Tanjung Piayu Laut RT.02/RW.10 Sei Beduk, Kabil, Kecamatan Nongsa, Kota Batam, Kepulauan Riau, Indonesia","[{ day: 'Monday', hours: '10:00 – 22:30' }, { day: 'Tuesday', hours: '10:00 – 22:30' }, { day: 'Wednesday', hours: '10:00 – 22:30' }, { day: 'Thursday', hours: '10:00 – 22:30' }, { day: 'Friday', hours: '10:00 – 22:30' }, { day: 'Saturday', hours: '10:00 – 22:30' }, { day: 'Sunday', hours: '10:00 – 22:30' }]",+62 823-6111-7775,0.9857086,104.0974485,https://www.google.com/maps/place/Love+Seafood+Restaurant/data=!4m7!3m6!1s0x31d9903daaaaaaab:0xadb82aa175668d83!8m2!3d0.9857086!4d104.0974485!16s%2Fg%2F11b6v6xfs8!19sChIJq6qqqj2Q2TERg41mdaEquK0?authuser=0&hl=en&rclk=1,5.0,Company,Indonesia.Batam.PT.202408042212.db,0.98571,104.09745,duplicate_cross_file
1065,Seafood Jawa Melayu 1,4.6,67,0,Seafood restaurant,"['Dine-in', 'Takeaway']","X3PX+45P, Kabil, Nongsa, Batam City, Riau Islands, Indonesia",[],+62 812-7010-7776,0.9853158,104.0981006,https://www.google.com/maps/place/Seafood+Jawa+Melayu+1/data=!4m7!3m6!1s0x31d99124c70b34f1:0x31c707627e22e069!8m2!3d0.9853158!4d104.0981006!16s%2Fg%2F11t05wxv_j!19sChIJ8TQLxySR2TERaeAifmIHxzE?authuser=0&hl=en&rclk=1,5.0,Company,Indonesia.Batam.PT.202408042212.db,0.98532,104.0981,duplicate_cross_file
1068,RM Seafood Jawa Melayu 2,4.4,1,2,Seafood restaurant,"['Dine-in', 'Takeaway', 'No-contact delivery']","X3MV+FW4, Kampung Tua Tj. Piayu Laut, Tj. Piayu, Kec. Sei Beduk, Kota Batam, Kepulauan Riau, Indonesia","[{ day: 'Monday', hours: '09:00 – 21:00' }, { day: 'Tuesday', hours: '09:00 – 21:00' }, { day: 'Wednesday', hours: '09:00 – 21:00' }, { day: 'Thursday', hours: '09:00 – 21:00' }, { day: 'Friday', hours: '09:00 – 21:00' }, { day: 'Saturday', hours: '09:00 – 21:00' }, { day: 'Sunday', hours: '09:00 – 21:00' }]",+62 812-7500-4755,0.9836475,104.094833,https://www.google.com/maps/place/RM+Seafood+Jawa+Melayu+2/data=!4m7!3m6!1s0x31d990838d079635:0xe8f41ade3d348780!8m2!3d0.9836475!4d104.094833!16s%2Fg%2F11f3jt0sxq!19sChIJNZYHjYOQ2TERgIc0Pd4a9Og?authuser=0&hl=en&rclk=1,5.0,Company,Indonesia.Batam.PT.202408042212.db,0.98365,104.09483,duplicate_cross_file
1110,Pos Pelita,0.0,0,0,Police,[],"Jl. Pelita VII No.8, Kp. Pelita, Kec. Lubuk Baja, Kota Batam, Kepulauan Riau 29444, Indonesia",[],,1.1398185,104.0196398,https://www.google.com/maps/place/Pos+Pelita/data=!4m7!3m6!1s0x31d9899d438b5655:0xf027366a26f851bf!8m2!3d1.1398185!4d104.0196398!16s%2Fg%2F1hm5l28yn!19sChIJVVaLQ52J2TERv1H4Jmo2J_A?authuser=0&hl=en&rclk=1,4.0,Company,Indonesia.Batam.PT.202408042212.db,1.13982,104.01964,duplicate_cross_file
1113,Pelita,4.7,12,0,,[],"42RC+V4V, Kampung Pelita, Lubuk Baja, Batam City, Riau Islands 29444, Indonesia",[],,1.1422386,104.0202948,https://www.google.com/maps/place/Pelita/data=!4m7!3m6!1s0x31d989120e4517b5:0x5a8c566d753f24d8!8m2!3d1.1422386!4d104.0202948!16s%2Fg%2F11h7pscjp7!19sChIJtRdFDhKJ2TER2CQ_dW1WjFo?authuser=0&hl=en&rclk=1,4.0,Company,Indonesia.Batam.PT.202408042212.db,1.14224,104.02029,duplicate_cross_file
1158,Hotel Pelita Terang,4.3,71,0,,[],"JL. Pelita I, No. 25-29, Kampung Pelita, 29443, Kp. Pelita, Kec. Lubuk Baja, Kota Batam, Kepulauan Riau 29444, Indonesia",[],+62 821-6968-8299,1.1416489,104.0182257,https://www.google.com/maps/place/Hotel+Pelita+Terang/data=!4m10!3m9!1s0x31d9899ccfd82125:0x2a8bb72979df985b!5m2!4m1!1i2!8m2!3d1.1416489!4d104.0182257!16s%2Fg%2F11b6d6n2sr!19sChIJJSHYz5yJ2TERW5jfeSm3iyo?authuser=0&hl=en&rclk=1,4.0,Company,Indonesia.Batam.PT.202408042212.db,1.14165,104.01823,duplicate_cross_file
1186,Lubuk baja,0.0,0,0,,[],"Jl. Kakak Tua No.18, Batu Selicin, Kec. Lubuk Baja, Kota Batam, Kepulauan Riau 29444, Indonesia",[],,1.1364535,104.0110336,https://www.google.com/maps/place/Lubuk+baja/data=!4m10!3m9!1s0x31d98900141ca6ab:0x539d0c967703685e!5m2!4m1!1i2!8m2!3d1.1364535!4d104.0110336!16s%2Fg%2F11w4thl1rb!19sChIJq6YcFACJ2TERXmgDd5YMnVM?authuser=0&hl=en&rclk=1,4.0,Company,Indonesia.Batam.PT.202408042212.db,1.13645,104.01103,duplicate_cross_file
1335,Perumahan Sukajadi,5.0,1,0,Housing complex,[],"Jl. Bukit Indah Raya IV No.39, Sukajadi, Kec. Batam Kota, Kota Batam, Kepulauan Riau 29444, Indonesia",[],,1.101876,104.0279198,https://www.google.com/maps/place/Perumahan+Sukajadi/data=!4m7!3m6!1s0x31d989007a93866d:0xbb35f84e8a7ee470!8m2!3d1.101876!4d104.0279198!16s%2Fg%2F11ldr9f405!19sChIJbYaTegCJ2TERcOR-ik74Nbs?authuser=0&hl=en&rclk=1,2.0,Company,Indonesia.Batam.PT.202408042212.db,1.10188,104.02792,duplicate_cross_file
1337,The Central Boulevard Sukajadi,4.5,56,0,Housing complex,[],"THE CENTRAL SUKAJADI , The Boulevard Residence, No.22A Cluster, Sukajadi, Batam Kota, Batam City, Riau Islands 29431, Indonesia",[],,1.0990499,104.0324137,https://www.google.com/maps/place/The+Central+Boulevard+Sukajadi/data=!4m7!3m6!1s0x31d98ecb3af8d6c7:0xeec36a1ad596b0c0!8m2!3d1.0990499!4d104.0324137!16s%2Fg%2F11d_23py3t!19sChIJx9b4OsuO2TERwLCW1Rpqw-4?authuser=0&hl=en&rclk=1,2.0,Company,Indonesia.Batam.PT.202408042212.db,1.09905,104.03241,duplicate_cross_file
1350,Club House Sukajadi,4.4,42,0,Swim club,[],"426F+P95, Jl. Bukit Indah Raya II, Sukajadi, Kec. Batam Kota, Kota Batam, Kepulauan Riau 29444, Indonesia",[],,1.1117696,104.0234849,https://www.google.com/maps/place/Club+House+Sukajadi/data=!4m7!3m6!1s0x31d98945ebc8972d:0xe4f731f45ee529e6!8m2!3d1.1117696!4d104.0234849!16s%2Fg%2F11bzv030dm!19sChIJLZfI60WJ2TER5inlXvQx9-Q?authuser=0&hl=en&rclk=1,2.0,Company,Indonesia.Batam.PT.202408042212.db,1.11177,104.02348,duplicate_cross_file
1424,Radisson Golf & Convention Center Batam,4.6,4,0,,[],"Jl. Sudirman, Sukajadi, Kec. Batam Kota, Kota Batam, Kepulauan Riau 29432, Indonesia",[],,1.1033711,104.0317968,https://www.google.com/maps/place/Radisson+Golf+%26+Convention+Center+Batam/data=!4m7!3m6!1s0x31d9894affffffdf:0xbfbe3571fe562006!8m2!3d1.1033711!4d104.0317968!16s%2Fg%2F11bwkv_8c8!19sChIJ3____0qJ2TERBiBW_nE1vr8?authuser=0&hl=en&rclk=1,2.0,Company,Indonesia.Batam.PT.202408042212.db,1.10337,104.0318,duplicate_cross_file
1438,BAR Teluk Bakau,4.6,13,0,Homestay,[],"445G+87P, Batu Besar, Nongsa, Batam City, Riau Islands 29467, Indonesia",[],+62 859-6029-7650,1.1082781,104.1257473,https://www.google.com/maps/place/BAR+Teluk+Bakau/data=!4m7!3m6!1s0x31d987a431e93485:0x1a59eb8ae2fc24e4!8m2!3d1.1082781!4d104.1257473!16s%2Fg%2F11t29fwq8l!19sChIJhTTpMaSH2TER5CT84orrWRo?authuser=0&hl=en&rclk=1,2.0,Company,Indonesia.Batam.PT.202408042212.db,1.10828,104.12575,duplicate_cross_file
1443,Masjid Al ikhlas teluk bakau batu besar Nongsa batam,4.3,11,0,Mosque,[],"448M+MWG, Jl. Hang Kesturi, Batu Besar, Kecamatan Nongsa, Kota Batam, Kepulauan Riau 29467, Indonesia",[],,1.1166865,104.1348134,https://www.google.com/maps/place/Masjid+Al+ikhlas+teluk+bakau+batu+besar+Nongsa+batam/data=!4m7!3m6!1s0x31d9873a7ed5ff97:0xd772ef7f0d830111!8m2!3d1.1166865!4d104.1348134!16s%2Fg%2F11fmvg7nsb!19sChIJl__VfjqH2TEREQGDDX_vctc?authuser=0&hl=en&rclk=1,2.0,Company,Indonesia.Batam.PT.202408042212.db,1.11669,104.13481,duplicate_cross_file
1533,Batu besar,4.3,3,0,Housing development,[],"545P+JGX, Batu Besar, Nongsa, Batam City, Riau Islands 29466, Indonesia",[],,1.159112,104.1363452,https://www.google.com/maps/place/Batu+besar/data=!4m7!3m6!1s0x31d98762d45ac7eb:0xa9f7f0a5247751cd!8m2!3d1.159112!4d104.1363452!16s%2Fg%2F11t0r82szk!19sChIJ68da1GKH2TERzVF3JKXw96k?authuser=0&hl=en&rclk=1,4.0,Company,Indonesia.Batam.PT.202408042212.db,1.15911,104.13635,duplicate_cross_file
1552,Batu besar,5.0,3,0,Mosque,[],"545H+CWV, Kampung tenggah, Nongsa, Batam City, Riau Islands, Indonesia",[],,1.1586122,104.1297976,https://www.google.com/maps/place/Batu+besar/data=!4m7!3m6!1s0x31d987b12ceb6ee1:0xc81db7af7d8368e0!8m2!3d1.1586122!4d104.1297976!16s%2Fg%2F11k9rz_419!19sChIJ4W7rLLGH2TER4GiDfa-3Hcg?authuser=0&hl=en&rclk=1,4.0,Company,Indonesia.Batam.PT.202408042212.db,1.15861,104.1298,duplicate_cross_file
1563,Sambau,4.0,3,0,Housing society,[],"5456+36, Sambau, Nongsa, Batam City, Riau Islands 29465, Indonesia",[],,1.1576789,104.1105404,https://www.google.com/maps/place/Sambau/data=!4m7!3m6!1s0x31d987decfe34aa9:0xc82a76040d51b82c!8m2!3d1.1576789!4d104.1105404!16s%2Fg%2F11s241ch2_!19sChIJqUrjz96H2TERLLhRDQR2Ksg?authuser=0&hl=en&rclk=1,4.0,Company,Indonesia.Batam.PT.202408042212.db,1.15768,104.11054,duplicate_cross_file
1597,Taman Nongsa Indah Village,4.5,138,0,,[],"Jl.Teluk Mata Ikan, Nongsa, Sambau, Batam, Batam City, Riau Islands 29465, Indonesia",[],,1.1919547,104.1044323,https://www.google.com/maps/place/Taman+Nongsa+Indah+Village/data=!4m10!3m9!1s0x31da280b9e299d45:0xacbd7122f47d8ed!5m2!4m1!1i2!8m2!3d1.1919547!4d104.1044323!16s%2Fg%2F1tp2xxm0!19sChIJRZ0pngso2jER7dhHLxLXywo?authuser=0&hl=en&rclk=1,-1.0,Company,Indonesia.Batam.PT.202408042212.db,1.19195,104.10443,duplicate_cross_file
1626,Kelong Sijantung,5.0,1,0,Seafood restaurant,"['Dine-in', 'Takeaway']","Jl. Trans Barelang No.46, Pelabuhan, Sijantung, Galang, Kota Batam, Kepulauan Riau 29481, Indonesia","[{ day: 'Monday', hours: '08:00 – 20:00' }, { day: 'Tuesday', hours: '08:00 – 20:00' }, { day: 'Wednesday', hours: '08:00 – 20:00' }, { day: 'Thursday', hours: '08:00 – 20:00' }, { day: 'Friday', hours: '08:00 – 20:00' }, { day: 'Saturday', hours: '08:00 – 20:00' }, { day: 'Sunday', hours: '08:00 – 20:00' }]",+62 813-6454-0994,0.7776682,104.1821316,https://www.google.com/maps/place/Kelong+Sijantung/data=!4m7!3m6!1s0x31d9a57a52090831:0xebacdba2de7b6a76!8m2!3d0.7776682!4d104.1821316!16s%2Fg%2F11qh5yqbr7!19sChIJMQgJUnql2TERdmp73qLbrOs?authuser=0&hl=en&rclk=1,3.0,Company,Indonesia.Batam.PT.202408042212.db,0.77767,104.18213,duplicate_cross_file
1647,Morelo Water Resort,4.4,22,0,,[],"Sijantung, Galang, Batam City, Riau Islands 29485, Indonesia",[],+62 811-7771-920,0.7464185,104.1889762,https://www.google.com/maps/place/Morelo+Water+Resort/data=!4m10!3m9!1s0x31d9a5de2b1591c3:0x3f4d2f17ce8321bf!5m2!4m1!1i2!8m2!3d0.7464185!4d104.1889762!16s%2Fg%2F11g87bq1nw!19sChIJw5EVK96l2TERvyGDzhcvTT8?authuser=0&hl=en&rclk=1,-1.0,Company,Indonesia.Batam.PT.202408042212.db,0.74642,104.18898,duplicate_cross_file
1661,pantai galang baru,4.3,14,0,Beach,[],"Galang Baru, Galang, Batam City, Riau Islands 29487, Indonesia",[],,0.625696,104.2689979,https://www.google.com/maps/place/pantai+galang+baru/data=!4m7!3m6!1s0x31d9aa6426ae854f:0xccc0e9582068884d!8m2!3d0.625696!4d104.2689979!16s%2Fg%2F11g8w1bqg3!19sChIJT4WuJmSq2TERTYhoIFjpwMw?authuser=0&hl=en&rclk=1,-1.0,Company,Indonesia.Batam.PT.202408042212.db,0.6257,104.269,duplicate_cross_file
1662,Galang baru,4.0,1,0,Tourist attraction,[],"M764+6HP, Pulau Galang-baru, Galang Baru, Galang, Kota Batam, Kepulauan Riau 29487, Indonesia",[],+62 813-6357-0886,0.6605779,104.2564455,https://www.google.com/maps/place/Galang+baru/data=!4m7!3m6!1s0x31d9a94bb7293715:0x99323bed777c87e0!8m2!3d0.6605779!4d104.2564455!16s%2Fg%2F11rkp7jj7y!19sChIJFTcpt0up2TER4Id8d-07Mpk?authuser=0&hl=en&rclk=1,-1.0,Company,Indonesia.Batam.PT.202408042212.db,0.66058,104.25645,duplicate_cross_file
1668,Puskesmas Rempang Cate,4.8,50,0,Public medical center,[],"W46C+V87, Rempang Cate, Galang, Batam City, Riau Islands 29482, Indonesia",[],,0.912162,104.120804,https://www.google.com/maps/place/Puskesmas+Rempang+Cate/data=!4m7!3m6!1s0x31d99835b3feb5e1:0xc242de88f3eca883!8m2!3d0.912162!4d104.120804!16s%2Fg%2F11c5h36fty!19sChIJ4bX-szWY2TERg6js84jeQsI?authuser=0&hl=en&rclk=1,-1.0,Company,Indonesia.Batam.PT.202408042212.db,0.91216,104.1208,duplicate_cross_file
1675,Puskesmas Pembantu Rempang Cate,5.0,1,0,Hospital,[],"W554+875, Rempang Cate, Galang, Batam City, Riau Islands 29482, Indonesia",[],,0.9082607,104.1557399,https://www.google.com/maps/place/Puskesmas+Pembantu+Rempang+Cate/data=!4m7!3m6!1s0x31d99973f3f0697b:0xef1fd6c5791855dd!8m2!3d0.9082607!4d104.1557399!16s%2Fg%2F11fjmz_rd0!19sChIJe2nw83OZ2TER3VUYecXWH-8?authuser=0&hl=en&rclk=1,-1.0,Company,Indonesia.Batam.PT.202408042212.db,0.90826,104.15574,duplicate_cross_file
1679,Pelabuhan Sembulang,4.4,270,0,Tourist attraction,[],"R7W6+43C, Sembulang, Galang, Batam City, Riau Islands 29481, Indonesia",[],+62 812-8776-2079,0.8453007,104.2601527,https://www.google.com/maps/place/Pelabuhan+Sembulang/data=!4m7!3m6!1s0x31d9a05e7f0f5cb5:0x6a627bada20c5809!8m2!3d0.8453007!4d104.2601527!16s%2Fg%2F11cl_40dcw!19sChIJtVwPf16g2TERCVgMoq17Ymo?authuser=0&hl=en&rclk=1,-1.0,Company,Indonesia.Batam.PT.202408042212.db,0.8453,104.26015,duplicate_cross_file
1681,Pantai Sembulang,3.7,3,0,Tourist attraction,[],"V757+4P2 Beach, Sembulang, Galang, Kota Batam, Kepulauan Riau, Indonesia",[],,0.8577558,104.2642628,https://www.google.com/maps/place/Pantai+Sembulang/data=!4m7!3m6!1s0x31d9a18b6d33473f:0x159459ff48159a61!8m2!3d0.8577558!4d104.2642628!16s%2Fg%2F11qg66w9v0!19sChIJP0czbYuh2TERYZoVSP9ZlBU?authuser=0&hl=en&rclk=1,-1.0,Company,Indonesia.Batam.PT.202408042212.db,0.85776,104.26426,duplicate_cross_file
1702,SBS Resort,4.1,338,0,,[],"Sembulang, Galang, Batam City, Riau Islands 29481, Indonesia",[],+62 812-7059-879,0.7857741,104.1699829,https://www.google.com/maps/place/SBS+Resort/data=!4m10!3m9!1s0x31d9a41545c9e685:0x7c7d718a6a1a764c!5m2!4m1!1i2!8m2!3d0.7857741!4d104.1699829!16s%2Fg%2F11cjh_q30n!19sChIJhebJRRWk2TERTHYaaopxfXw?authuser=0&hl=en&rclk=1,3.0,Company,Indonesia.Batam.PT.202408042212.db,0.78577,104.16998,duplicate_cross_file
1711,Galang Refugee Camp (Camp Vietnam),4.4,742,0,Tourist attraction,[],"Q59R+82J, Sijantung, Galang, Batam City, Riau Islands 29485, Indonesia","[{ day: 'Monday', hours: '07:30 – 16:30' }, { day: 'Tuesday', hours: '07:30 – 16:30' }, { day: 'Wednesday', hours: '07:30 – 16:30' }, { day: 'Thursday', hours: '07:30 – 16:30' }, { day: 'Friday', hours: '07:30 – 16:30' }, { day: 'Saturday', hours: '07:30 – 17:30' }, { day: 'Sunday', hours: '07:30 – 17:30' }]",,0.7683303,104.1900253,https://www.google.com/maps/place/Galang+Refugee+Camp+%28Camp+Vietnam%29/data=!4m7!3m6!1s0x31d9a42b2c260223:0x9b6878c2fd108541!8m2!3d0.7683303!4d104.1900253!16zL20vMDV5ejl6!19sChIJIwImLCuk2TERQYUQ_cJ4aJs?authuser=0&hl=en&rclk=1,3.0,Company,Indonesia.Batam.PT.202408042212.db,0.76833,104.19003,duplicate_cross_file
1725,Ex Camp Vietnam,4.4,744,0,Museum,[],"Q623+WFR, pulau galang batam kepulauan Riau, Sijantung, Galang, Kota Batam, Kepulauan Riau 29485, Indonesia","[{ day: 'Monday', hours: '07:30 – 20:00' }, { day: 'Tuesday', hours: '07:30 – 20:00' }, { day: 'Wednesday', hours: '07:30 – 20:00' }, { day: 'Thursday', hours: '07:30 – 20:00' }, { day: 'Friday', hours: '07:30 – 20:00' }, { day: 'Saturday', hours: '07:30 – 20:00' }, { day: 'Sunday', hours: '07:30 – 20:00' }]",,0.7523504,104.2036392,https://www.google.com/maps/place/Ex+Camp+Vietnam/data=!4m7!3m6!1s0x31d9a66df7b0f755:0x466a6e23a4c6102d!8m2!3d0.7523504!4d104.2036392!16s%2Fg%2F11c20q9_0j!19sChIJVfew922m2TERLRDGpCNuakY?authuser=0&hl=en&rclk=1,-1.0,Company,Indonesia.Batam.PT.202408042212.db,0.75235,104.20364,duplicate_cross_file
36,SuksesMuda Education,0.0,0,0,Education center,[],"Depan Masjid Alhikmah, Jalan Baloi Kesehatan Pelabuhan B 16 Kelurahan, Baloi Indah, Kec. Lubuk Baja, Kota Batam, Kepulauan Riau 29432, Indonesia",[],+62 812-7076-0200,1.1304264,104.0106331,https://www.google.com/maps/place/SuksesMuda+Education/data=!4m7!3m6!1s0x31d9894becd0c8ff:0xb34424215a568dde!8m2!3d1.1304264!4d104.0106331!16s%2Fg%2F11h1ljbwmd!19sChIJ_8jQ7EuJ2TER3o1WWiEkRLM?authuser=0&hl=en&rclk=1,3.0,Education,Indonesia.Batam.School.202408060757.db,1.13043,104.01063,duplicate_cross_file
46,Baloi Mas Indah,4.5,102,0,Housing complex,[],"42H4+6V9, Unnamed Road, Baloi Indah, Kec. Lubuk Baja, Kota Batam, Kepulauan Riau, Indonesia",[],,1.1280331,104.0072354,https://www.google.com/maps/place/Baloi+Mas+Indah/data=!4m7!3m6!1s0x31d98bd85d8bf7bb:0x10f370f41cd25836!8m2!3d1.1280331!4d104.0072354!16s%2Fg%2F11d_x6tfkl!19sChIJu_eLXdiL2TERNljSHPRw8xA?authuser=0&hl=en&rclk=1,3.0,Education,Indonesia.Batam.School.202408060757.db,1.12803,104.00724,duplicate_cross_file
105,Batu ampar,5.0,2,0,Greenhouse & Equipment Supplier,[],"52C9+QQF, Tanjung Sengkuang, Batu Ampar, Batam City, Riau Islands, Indonesia",[],,1.171941,104.0194278,https://www.google.com/maps/place/Batu+ampar/data=!4m7!3m6!1s0x31d989d09b3635ef:0x6b3c3d120117dc87!8m2!3d1.171941!4d104.0194278!16s%2Fg%2F11t6x3ybnt!19sChIJ7zU2m9CJ2TERh9wXARI9PGs?authuser=0&hl=en&rclk=1,3.0,Education,Indonesia.Batam.School.202408060757.db,1.17194,104.01943,duplicate_cross_file
163,Batu merah,0.0,0,0,Tourist attraction,[],"52H3+9PG, Batu Merah, Batu Ampar, Batam City, Riau Islands, Indonesia",[],,1.1784466,104.0043327,https://www.google.com/maps/place/Batu+merah/data=!4m7!3m6!1s0x31da2100087ff3d5:0xc6ca662a9d95aee8!8m2!3d1.1784466!4d104.0043327!16s%2Fg%2F11vqdqf3y3!19sChIJ1fN_CAAh2jER6K6VnSpmysY?authuser=0&hl=en&rclk=1,3.0,Education,Indonesia.Batam.School.202408060757.db,1.17845,104.00433,duplicate_cross_file
350,Bengkong harapan 1 Block E No 45,4.6,9,0,Corporate office,[],"Jl. Bengkong Harapan 1 No.113 Blok E, Bengkong Laut, Kec. Bengkong, Kota Batam, Kepulauan Riau 29458, Indonesia",[],+62 857-6645-1390,1.1503789,104.0257595,https://www.google.com/maps/place/Bengkong+harapan+1+Block+E+No+45/data=!4m7!3m6!1s0x31d989292bf2cf1d:0xf0fe9d915f747487!8m2!3d1.1503789!4d104.0257595!16s%2Fg%2F11h71jq2vy!19sChIJHc_yKymJ2TERh3R0X5Gd_vA?authuser=0&hl=en&rclk=1,3.0,Education,Indonesia.Batam.School.202408060757.db,1.15038,104.02576,duplicate_cross_file
468,Batam,0.0,0,0,School,[],"22JP+MG6, Mangsang, Sei Beduk, Batam City, Riau Islands, Indonesia",[],,1.0316587,104.0362587,https://www.google.com/maps/place/Batam/data=!4m7!3m6!1s0x31d98f7c473f022b:0xe69c32aaf954b2f9!8m2!3d1.0316587!4d104.0362587!16s%2Fg%2F11v11vsn71!19sChIJKwI_R3yP2TER-bJU-aoynOY?authuser=0&hl=en&rclk=1,0.0,Education,Indonesia.Batam.School.202408060757.db,1.03166,104.03626,duplicate_cross_file
562,Kampung seraya,4.7,11,0,Homestay,[],"5228+9X8, Unnamed Road, Kp. Seraya, Kec. Batu Ampar, Kota Batam, Kepulauan Riau 29444, Indonesia",[],,1.150919,104.0174612,https://www.google.com/maps/place/Kampung+seraya/data=!4m7!3m6!1s0x31d9899fb71ba303:0x9f3424f920ee0a90!8m2!3d1.150919!4d104.0174612!16s%2Fg%2F11m40d42ck!19sChIJA6Mbt5-J2TERkAruIPkkNJ8?authuser=0&hl=en&rclk=1,3.0,Education,Indonesia.Batam.School.202408060757.db,1.15092,104.01746,duplicate_cross_file
682,Dormitory Blok P Batamindo industrial Park,4.5,243,0,Corporate office,[],"324M+95Q, Muka Kuning, Sei Beduk, Batam City, Riau Islands 29433, Indonesia",[],,1.0559647,104.0329808,https://www.google.com/maps/place/Dormitory+Blok+P+Batamindo+industrial+Park/data=!4m7!3m6!1s0x31d98e5d23d53f1b:0x5f6193f09eb37295!8m2!3d1.0559647!4d104.0329808!16s%2Fg%2F11c6cgw_7q!19sChIJGz_VI12O2TERlXKznvCTYV8?authuser=0&hl=en&rclk=1,0.0,Education,Indonesia.Batam.School.202408060757.db,1.05596,104.03298,duplicate_cross_file
751,Psht rayon punggur,0.0,0,0,Martial arts school,[],"34F8+WHQ, Blok saroja kavling baru, RT.002/RW.017, Kabil, Kecamatan Nongsa, Kota Batam, Kepulauan Riau 29467, Indonesia",[],,1.0748499,104.116472,https://www.google.com/maps/place/Psht+rayon+punggur/data=!4m7!3m6!1s0x31d98519de62286b:0xf5ee8da9944cd17a!8m2!3d1.0748499!4d104.116472!16s%2Fg%2F11tt0nyq00!19sChIJayhi3hmF2TERetFMlKmN7vU?authuser=0&hl=en&rclk=1,4.0,Education,Indonesia.Batam.School.202408060757.db,1.07485,104.11647,duplicate_cross_file
774,Telaga Punggur Ferry Terminal,4.2,4,0,Ferry service,[],"24PM+28J, Jl. Patimura, Kabil, Kecamatan Nongsa, Kota Batam, Kepulauan Riau 29467, Indonesia",[],,1.0350946,104.133273,https://www.google.com/maps/place/Telaga+Punggur+Ferry+Terminal/data=!4m7!3m6!1s0x31d985307942cd99:0x455a41a413648f4a!8m2!3d1.0350946!4d104.133273!16s%2Fg%2F11c1qxnrl4!19sChIJmc1CeTCF2TERSo9kE6RBWkU?authuser=0&hl=en&rclk=1,-1.0,Education,Indonesia.Batam.School.202408060757.db,1.03509,104.13327,duplicate_cross_file
848,Sei lekop,3.6,8,0,Housing society,[],"Blk. D No.14, Sungai Lekop, Kec. Sagulung, Kota Batam, Kepulauan Riau 29425, Indonesia",[],,1.0284147,103.9466862,https://www.google.com/maps/place/Sei+lekop/data=!4m7!3m6!1s0x31d98d576dc65161:0xd0981a79c9ddf6ef!8m2!3d1.0284147!4d103.9466862!16s%2Fg%2F11sd50c3vj!19sChIJYVHGbVeN2TER7_bdyXkamNA?authuser=0&hl=en&rclk=1,5.0,Education,Indonesia.Batam.School.202408060757.db,1.02841,103.94669,duplicate_cross_file
856,Kavling sei lekop,5.0,10,0,Housing development,[],"2WFX+R49, Lekop River, Sagulung, Batam City, Riau Islands 29472, Indonesia",[],,1.0245507,103.947855,https://www.google.com/maps/place/Kavling+sei+lekop/data=!4m7!3m6!1s0x31d993374f2dd657:0x12e6bfd1aab6b486!8m2!3d1.0245507!4d103.947855!16s%2Fg%2F11t27c8g04!19sChIJV9YtTzeT2TERhrS2qtG_5hI?authuser=0&hl=en&rclk=1,5.0,Education,Indonesia.Batam.School.202408060757.db,1.02455,103.94786,duplicate_cross_file
863,Sei lekop,0.0,0,0,Housing complex,[],"Kapling sei lekop tahap 2 blok b no 56, RT.07/RW.06, Kec. Sagulung, Indonesia",[],,1.0469062,103.9408692,https://www.google.com/maps/place/Sei+lekop/data=!4m7!3m6!1s0x31d98d005e8bc181:0x7daab9d8f12ea8d6!8m2!3d1.0469062!4d103.9408692!16s%2Fg%2F11ldfv_x8x!19sChIJgcGLXgCN2TER1qgu8di5qn0?authuser=0&hl=en&rclk=1,5.0,Education,Indonesia.Batam.School.202408060757.db,1.04691,103.94087,duplicate_cross_file
869,Kavling lama sei lekop,4.0,1,0,Grocery store,[],"Kavling lama, Jl. Sagulung Bahagia Blk. A No.46, Indonesia",[],,1.0336033,103.9471543,https://www.google.com/maps/place/Kavling+lama+sei+lekop/data=!4m7!3m6!1s0x31d98d78b2b92e2d:0x6e6d534515e4bd44!8m2!3d1.0336033!4d103.9471543!16s%2Fg%2F11scppk9fv!19sChIJLS65sniN2TERRL3kFUVTbW4?authuser=0&hl=en&rclk=1,5.0,Education,Indonesia.Batam.School.202408060757.db,1.0336,103.94715,duplicate_cross_file
898,PERUMAHAN KAVLING PLUS SEI TEMIANG,4.6,10,0,Gated community,[],"Tanjung Riau, Sekupang, Batam City, Riau Islands 29425, Indonesia",[],+62 812-7767-6019,1.0760263,103.953993,https://www.google.com/maps/place/PERUMAHAN+KAVLING+PLUS+SEI+TEMIANG/data=!4m7!3m6!1s0x31d98d8ea0fe5253:0x2492bd71db7b4c05!8m2!3d1.0760263!4d103.953993!16s%2Fg%2F11k02sjzdk!19sChIJU1L-oI6N2TERBUx723G9kiQ?authuser=0&hl=en&rclk=1,5.0,Education,Indonesia.Batam.School.202408060757.db,1.07603,103.95399,duplicate_cross_file
900,Pertamina Petrol Station,4.4,281,0,Petrol Station,['Diesel fuel'],"3X69+Q8X, Jl. Diponegoro, Buliang, Kec. Batu Aji, Kota Batam, Kepulauan Riau 29424, Indonesia","[{ day: 'Tuesday', hours: '06:30 – 22:00' }, { day: 'Wednesday', hours: '06:30 – 22:00' }, { day: 'Thursday', hours: '06:30 – 22:00' }, { day: 'Friday', hours: '06:30 – 22:00' }, { day: 'Saturday', hours: '06:30 – 22:00' }, { day: 'Sunday', hours: '06:30 – 22:00' }, { day: 'Monday', hours: '06:30 – 22:00' }]",,1.0619939,103.968352,https://www.google.com/maps/place/Pertamina+Petrol+Station/data=!4m7!3m6!1s0x31d98dac5ec37589:0xe80d29c16d23d7b8!8m2!3d1.0619939!4d103.968352!16s%2Fg%2F11bymxjw64!19sChIJiXXDXqyN2TERuNcjbcEpDeg?authuser=0&hl=en&rclk=1,5.0,Education,Indonesia.Batam.School.202408060757.db,1.06199,103.96835,duplicate_cross_file
930,Pusat Latihan YOGA Ananda Marga Yoga,4.9,7,0,Yoga studio,[],"Samping Kiri Hotel ZIA, Jl. Laksamana Bintan No.5A, Sungai Panas, Kec. Batam Kota, Kota Batam, Kepulauan Riau 29444, Indonesia","[{ day: 'Tuesday', hours: '07:30 – 19:30' }, { day: 'Wednesday', hours: '07:30 – 19:30' }, { day: 'Thursday', hours: '07:30 – 19:30' }, { day: 'Friday', hours: '07:30 – 19:30' }, { day: 'Saturday', hours: '07:30 – 19:30' }, { day: 'Sunday', hours: '07:30 – 19:30' }, { day: 'Monday', hours: '07:30 – 19:30' }]",+62 852-6400-2113,1.1334737,104.0285737,https://www.google.com/maps/place/Pusat+Latihan+YOGA%2FAnanda+Marga+Yoga/data=!4m7!3m6!1s0x31d98973160cfd55:0xd6cd428fb41360d1!8m2!3d1.1334737!4d104.0285737!16s%2Fg%2F1hm5c756t!19sChIJVf0MFnOJ2TER0WATtI9CzdY?authuser=0&hl=en&rclk=1,3.0,Education,Indonesia.Batam.School.202408060757.db,1.13347,104.02857,duplicate_cross_file
938,Nestle Mineral Water - Pulau Batam,5.0,2,0,,[],"42JH+M2M, Panas River, Batam Kota, Batam City, Riau Islands 29444, Indonesia",[],+62 811-1540-388,1.1317206,104.0275509,https://www.google.com/maps/place/Nestle+Mineral+Water+-+Pulau+Batam/data=!4m7!3m6!1s0x31d989c7b162d985:0x9f96c5452194e567!8m2!3d1.1317206!4d104.0275509!16s%2Fg%2F11vs_w172t!19sChIJhdlisceJ2TERZ-WUIUXFlp8?authuser=0&hl=en&rclk=1,3.0,Education,Indonesia.Batam.School.202408060757.db,1.13172,104.02755,duplicate_cross_file
944,Sei panas,5.0,2,0,,[],"Purimas2, Blk. B No.5, Sungai Panas, Kec. Batam Kota, Kota Batam, Kepulauan Riau 29431, Indonesia",[],,1.1336827,104.0332552,https://www.google.com/maps/place/Sei+panas/data=!4m7!3m6!1s0x31d989d04f7943d9:0xa692084de35b7b28!8m2!3d1.1336827!4d104.0332552!16s%2Fg%2F11ptwc_6fy!19sChIJ2UN5T9CJ2TERKHtb400IkqY?authuser=0&hl=en&rclk=1,3.0,Education,Indonesia.Batam.School.202408060757.db,1.13368,104.03326,duplicate_cross_file
949,Sungai panas,0.0,0,0,Gated community,[],"Jl. Pd. Asri Indah, Sungai Panas, Kec. Batam Kota, Kota Batam, Kepulauan Riau 29444, Indonesia",[],,1.1368869,104.0323159,https://www.google.com/maps/place/Sungai+panas/data=!4m7!3m6!1s0x31d989359ed41bd1:0x357edb8cd391bed2!8m2!3d1.1368869!4d104.0323159!16s%2Fg%2F11txnld9h3!19sChIJ0RvUnjWJ2TER0r6R04zbfjU?authuser=0&hl=en&rclk=1,3.0,Education,Indonesia.Batam.School.202408060757.db,1.13689,104.03232,duplicate_cross_file
951,Kwitiau Acek Sancheez,4.7,96,0,Restaurant,"['Dine-in', 'Takeaway', 'Delivery']","42PJ+M8W, Panas River, Batam Kota, Batam City, Riau Islands 29444, Indonesia","[{ day: 'Tuesday', hours: '08:00 – 20:30' }, { day: 'Wednesday', hours: '08:00 – 20:30' }, { day: 'Thursday', hours: '08:00 – 20:30' }, { day: 'Friday', hours: '08:00 – 20:30' }, { day: 'Saturday', hours: '08:00 – 20:30' }, { day: 'Sunday', hours: '08:00 – 20:30' }, { day: 'Monday', hours: '08:00 – 20:30' }]",+62 812-7787-342,1.1367423,104.0308205,https://www.google.com/maps/place/Kwitiau+Acek+Sancheez/data=!4m7!3m6!1s0x31d9890ad1218303:0x37f88559b1d507b3!8m2!3d1.1367423!4d104.0308205!16s%2Fg%2F11dxj0wdlf!19sChIJA4Mh0QqJ2TERswfVsVmF-Dc?authuser=0&hl=en&rclk=1,3.0,Education,Indonesia.Batam.School.202408060757.db,1.13674,104.03082,duplicate_cross_file
954,Bejo’s Bakso,4.2,163,0,Bakso restaurant,"['Dine-in', 'Takeaway']","Ruko Tanah Mas 3, Jl. Laksamana Bintan No. 25, Sungai Panas, Kec. Batam Kota, Kota Batam, Kepulauan Riau 29444, Indonesia","[{ day: 'Tuesday', hours: '11:00 – 22:00' }, { day: 'Wednesday', hours: '11:00 – 22:00' }, { day: 'Thursday', hours: '11:00 – 22:00' }, { day: 'Friday', hours: '11:00 – 22:00' }, { day: 'Saturday', hours: '11:00 – 22:00' }, { day: 'Sunday', hours: '11:00 – 22:00' }, { day: 'Monday', hours: '11:00 – 22:00' }]",,1.137518,104.028306,https://www.google.com/maps/place/Bejo%E2%80%99s+Bakso/data=!4m7!3m6!1s0x31d9897512ae9417:0xc7a8fbb412c91027!8m2!3d1.137518!4d104.028306!16s%2Fg%2F11b7q2wy7w!19sChIJF5SuEnWJ2TERJxDJErT7qMc?authuser=0&hl=en&rclk=1,3.0,Education,Indonesia.Batam.School.202408060757.db,1.13752,104.02831,duplicate_cross_file
955,Nasi Campur Budhe Saidah,5.0,3,0,Diner,"['Dine-in', 'Takeaway']","42MJ+8W3, Panas River, Batam Kota, Batam City, Riau Islands 29444, Indonesia",[],,1.1332592,104.0323047,https://www.google.com/maps/place/Nasi+Campur+Budhe+Saidah/data=!4m7!3m6!1s0x31d989e6a77c9ef5:0x94e5c65490df7325!8m2!3d1.1332592!4d104.0323047!16s%2Fg%2F11j3vjdk7p!19sChIJ9Z58p-aJ2TERJXPfkFTG5ZQ?authuser=0&hl=en&rclk=1,3.0,Education,Indonesia.Batam.School.202408060757.db,1.13326,104.0323,duplicate_cross_file
957,Sungai Panas,3.0,2,0,River,[],"Sadai, Bengkong, Batam City, Riau Islands, Indonesia",[],,1.1408443,104.0470216,https://www.google.com/maps/place/Sungai+Panas/data=!4m7!3m6!1s0x31d989a99d110c33:0xeb1502f801dd638a!8m2!3d1.1408443!4d104.0470216!16s%2Fg%2F11j1m2mcpj!19sChIJMwwRnamJ2TERimPdAfgCFes?authuser=0&hl=en&rclk=1,3.0,Education,Indonesia.Batam.School.202408060757.db,1.14084,104.04702,duplicate_cross_file
1030,Restoran Seafood Teluk Air ( kampung berkah),4.4,5,0,Restaurant,"['Dine-in', 'Kerbside pickup', 'Delivery']","Kampung Teluk air, Pulau Setokok, Kec. Bulang, Kota Batam, Kepulauan Riau, Indonesia","[{ day: 'Tuesday', hours: '09:00 – 20:00' }, { day: 'Wednesday', hours: '09:00 – 20:00' }, { day: 'Thursday', hours: '09:00 – 20:00' }, { day: 'Friday', hours: '09:00 – 22:00' }, { day: 'Saturday', hours: '09:00 – 00:00' }, { day: 'Sunday', hours: '09:00 – 22:00' }, { day: 'Monday', hours: '09:00 – 20:00' }]",+62 859-3157-2804,0.9592778,104.072576,https://www.google.com/maps/place/Restoran+Seafood+Teluk+Air+%28+kampung+berkah%29/data=!4m7!3m6!1s0x31d991050d0f9e3b:0xd0bd7595b66017b8!8m2!3d0.9592778!4d104.072576!16s%2Fg%2F11smcpyc_4!19sChIJO54PDQWR2TERuBdgtpV1vdA?authuser=0&hl=en&rclk=1,-1.0,Education,Indonesia.Batam.School.202408060757.db,0.95928,104.07258,duplicate_cross_file
1038,Tanjung uma,4.0,1,0,Housing development,[],"4XWX+8CJ, Tanjung Uma, Lubuk Baja, Batam City, Riau Islands, Indonesia",[],,1.1458464,103.9985199,https://www.google.com/maps/place/Tanjung+uma/data=!4m7!3m6!1s0x31d98b00781afd47:0x14ae396c8a9a20cc!8m2!3d1.1458464!4d103.9985199!16s%2Fg%2F11ldv4ww89!19sChIJR_0aeACL2TERzCCaimw5rhQ?authuser=0&hl=en&rclk=1,3.0,Education,Indonesia.Batam.School.202408060757.db,1.14585,103.99852,duplicate_cross_file
1173,PERUM TIBAN MAS INDAH,4.4,17,0,Housing development,[],"4XFH+WPQ, Tiban Indah, Sekupang, Batam City, Riau Islands, Indonesia",[],,1.1248355,103.9793453,https://www.google.com/maps/place/PERUM+TIBAN+MAS+INDAH/data=!4m7!3m6!1s0x31d98bbc203ab2f7:0x1b48d5fbbdf1a4b7!8m2!3d1.1248355!4d103.9793453!16s%2Fg%2F11f345983x!19sChIJ97I6ILyL2TERt6TxvfvVSBs?authuser=0&hl=en&rclk=1,3.0,Education,Indonesia.Batam.School.202408060757.db,1.12484,103.97935,duplicate_cross_file
1378,Perumahan Tiban Asri,4.4,26,0,Housing development,[],"Tiban Baru, Sekupang, Batam City, Riau Islands 29424, Indonesia",[],,1.1078459,103.9615115,https://www.google.com/maps/place/Perumahan+Tiban+Asri/data=!4m7!3m6!1s0x31d98b8212bad93b:0x6d83b786aa93daee!8m2!3d1.1078459!4d103.9615115!16s%2Fg%2F11c716s8nc!19sChIJO9m6EoKL2TER7tqTqoa3g20?authuser=0&hl=en&rclk=1,-1.0,Education,Indonesia.Batam.School.202408060757.db,1.10785,103.96151,duplicate_cross_file
1389,Komp Tiban Makmur Tahap 1,4.4,34,0,Housing complex,[],"Makmur Blok H,, Jl. Laksamana Bintan No.1, Tiban Lama, Batam Kota, Batam City, Riau Islands 29444, Indonesia",[],,1.1261703,103.970572,https://www.google.com/maps/place/Komp+Tiban+Makmur+Tahap+1/data=!4m7!3m6!1s0x31d98ba4d3362da9:0x83ad98d1de92f9cb!8m2!3d1.1261703!4d103.970572!16s%2Fg%2F11c60jkp0g!19sChIJqS0206SL2TERy_mS3tGYrYM?authuser=0&hl=en&rclk=1,3.0,Education,Indonesia.Batam.School.202408060757.db,1.12617,103.97057,duplicate_cross_file
1426,Tiban Makmur Residence Tahap 2,4.3,36,0,Housing complex,[],"4XGC+MC, Tiban Makmur Residence, Block S No. 12, Patam Lestari, Sekupang, Batam City, Riau Islands 29424, Indonesia",[],,1.1275992,103.9720389,https://www.google.com/maps/place/Tiban+Makmur+Residence+Tahap+2/data=!4m7!3m6!1s0x31d98b90d5f15dd7:0xb8a8baefa6ec4bd!8m2!3d1.1275992!4d103.9720389!16s%2Fg%2F11j6whrf2_!19sChIJ113x1ZCL2TERvcRu-q6Ligs?authuser=0&hl=en&rclk=1,3.0,Education,Indonesia.Batam.School.202408060757.db,1.1276,103.97204,duplicate_cross_file
1796,Pelita III,5.0,4,0,Lodging,[],"Pelita III No.Kel, Kp. Pelita, Kec. Lubuk Baja, Kota Batam, Kepulauan Riau 29444, Indonesia",[],,1.1416476,104.0202912,https://www.google.com/maps/place/Pelita+III/data=!4m7!3m6!1s0x31d989adb451e4db:0x9ed88c4625dd866c!8m2!3d1.1416476!4d104.0202912!16s%2Fg%2F11h3m874z1!19sChIJ2-RRtK2J2TERbIbdJUaM2J4?authuser=0&hl=en&rclk=1,3.0,Education,Indonesia.Batam.School.202408060757.db,1.14165,104.02029,duplicate_cross_file
1832,Akkes Kartini Batam,5.0,29,0,School,[],"Jl. Budi Kemuliaan No.01, Seraya, Kec. Lubuk Baja, Kota Batam, Kepulauan Riau 29483, Indonesia",[],,1.1471799,104.0177551,https://www.google.com/maps/place/Akkes+Kartini+Batam/data=!4m7!3m6!1s0x31d989950c5d80b3:0x38743140a5ca9f1!8m2!3d1.1471799!4d104.0177551!16s%2Fg%2F11j5flvfmn!19sChIJs4BdDJWJ2TER8alcChRDhwM?authuser=0&hl=en&rclk=1,3.0,Education,Indonesia.Batam.School.202408060757.db,1.14718,104.01776,duplicate_cross_file
2078,Masjid Al ikhlas teluk bakau batu besar Nongsa batam,4.3,11,0,Mosque,[],"448M+MWG, Jl. Hang Kesturi, Batu Besar, Kecamatan Nongsa, Kota Batam, Kepulauan Riau 29467, Indonesia",[],,1.1166865,104.1348134,https://www.google.com/maps/place/Masjid+Al+ikhlas+teluk+bakau+batu+besar+Nongsa+batam/data=!4m7!3m6!1s0x31d9873a7ed5ff97:0xd772ef7f0d830111!8m2!3d1.1166865!4d104.1348134!16s%2Fg%2F11fmvg7nsb!19sChIJl__VfjqH2TEREQGDDX_vctc?authuser=0&hl=en&rclk=1,4.0,Education,Indonesia.Batam.School.202408060757.db,1.11669,104.13481,duplicate_cross_file
2085,Pulau Bakau,0.0,0,0,Island,[],"Tanjung Riau, Sekupang, Batam City, Riau Islands, Indonesia",[],,1.1033333,103.9191667,https://www.google.com/maps/place/Pulau+Bakau/data=!4m7!3m6!1s0x31d98b55c3c48cc9:0xc3cf2297af589298!8m2!3d1.1033333!4d103.9191667!16s%2Fg%2F11c534gpg9!19sChIJyYzEw1WL2TERmJJYr5ciz8M?authuser=0&hl=en&rclk=1,-1.0,Education,Indonesia.Batam.School.202408060757.db,1.10333,103.91917,duplicate_cross_file
2131,Nginang,4.3,16,0,Island,[],"Ngenang, Nongsa, Batam City, Riau Islands, Indonesia",[],,1.0094444,104.1691667,https://www.google.com/maps/place/Nginang/data=!4m7!3m6!1s0x31d99b3f8fcd59ff:0x2172f3788f71f282!8m2!3d1.0094444!4d104.1691667!16s%2Fg%2F11c1p8fgs3!19sChIJ_1nNjz-b2TERgvJxj3jzciE?authuser=0&hl=en&rclk=1,-1.0,Education,Indonesia.Batam.School.202408060757.db,1.00944,104.16917,duplicate_cross_file
2270,Batu besar,5.0,3,0,Mosque,[],"545H+CWV, Kampung tenggah, Nongsa, Batam City, Riau Islands, Indonesia",[],,1.1586122,104.1297976,https://www.google.com/maps/place/Batu+besar/data=!4m7!3m6!1s0x31d987b12ceb6ee1:0xc81db7af7d8368e0!8m2!3d1.1586122!4d104.1297976!16s%2Fg%2F11k9rz_419!19sChIJ4W7rLLGH2TER4GiDfa-3Hcg?authuser=0&hl=en&rclk=1,4.0,Education,Indonesia.Batam.School.202408060757.db,1.15861,104.1298,duplicate_cross_file
2277,Sambau,4.0,3,0,Housing society,[],"5456+36, Sambau, Nongsa, Batam City, Riau Islands 29465, Indonesia",[],,1.1576789,104.1105404,https://www.google.com/maps/place/Sambau/data=!4m7!3m6!1s0x31d987decfe34aa9:0xc82a76040d51b82c!8m2!3d1.1576789!4d104.1105404!16s%2Fg%2F11s241ch2_!19sChIJqUrjz96H2TERLLhRDQR2Ksg?authuser=0&hl=en&rclk=1,4.0,Education,Indonesia.Batam.School.202408060757.db,1.15768,104.11054,duplicate_cross_file
2303,Galang-baru Island,4.4,149,0,Island,[],"Galang Baru, Galang, Batam City, Riau Islands, Indonesia",[],,0.6610442,104.2570364,https://www.google.com/maps/place/Galang-baru+Island/data=!4m7!3m6!1s0x31d9a99ac604426f:0x7b5184201491a767!8m2!3d0.6610442!4d104.2570364!16s%2Fg%2F11b_0f22ts!19sChIJb0IExpqp2TERZ6eRFCCEUXs?authuser=0&hl=en&rclk=1,-1.0,Education,Indonesia.Batam.School.202408060757.db,0.66104,104.25704,duplicate_cross_file
2309,Galang baru,4.0,1,0,Tourist attraction,[],"M764+6HP, Pulau Galang-baru, Galang Baru, Galang, Kota Batam, Kepulauan Riau 29487, Indonesia",[],+62 813-6357-0886,0.6605779,104.2564455,https://www.google.com/maps/place/Galang+baru/data=!4m7!3m6!1s0x31d9a94bb7293715:0x99323bed777c87e0!8m2!3d0.6605779!4d104.2564455!16s%2Fg%2F11rkp7jj7y!19sChIJFTcpt0up2TER4Id8d-07Mpk?authuser=0&hl=en&rclk=1,-1.0,Education,Indonesia.Batam.School.202408060757.db,0.66058,104.25645,duplicate_cross_file
2319,Galang,0.0,0,0,Coffee shop,"['Dine-in', 'Takeaway']","M764+CR7, Galang Baru, Galang, Batam City, Riau Islands, Indonesia",[],,0.6610442,104.2570364,https://www.google.com/maps/place/Galang/data=!4m7!3m6!1s0x31d9a9553032c145:0x360dd97c73e28920!8m2!3d0.6610442!4d104.2570364!16s%2Fg%2F11s_xwkqtc!19sChIJRcEyMFWp2TERIInic3zZDTY?authuser=0&hl=en&rclk=1,-1.0,Education,Indonesia.Batam.School.202408060757.db,0.66104,104.25704,duplicate_cross_file
2321,Kantor Lurah Galang Baru,0.0,0,0,City government office,[],"M6PW+F6M, Galang Baru, Galang, Batam City, Riau Islands, Indonesia",[],,0.6862212,104.2455612,https://www.google.com/maps/place/Kantor+Lurah+Galang+Baru/data=!4m7!3m6!1s0x31d9a9af2af820bf:0x137c300ec58d4744!8m2!3d0.6862212!4d104.2455612!16s%2Fg%2F11g6xjk6hk!19sChIJvyD4Kq-p2TERREeNxQ4wfBM?authuser=0&hl=en&rclk=1,-1.0,Education,Indonesia.Batam.School.202408060757.db,0.68622,104.24556,duplicate_cross_file
2329,Dapur tiga,0.0,0,0,Apartment building,[],"Q6V4+WV3 Dapur tiga air naga, Sijantung, Galang, Kota Batam, Kepulauan Riau, Indonesia",[],,0.7947529,104.2071768,https://www.google.com/maps/place/Dapur+tiga/data=!4m7!3m6!1s0x31d9a7f1565e96fb:0xff3c13c6695e0504!8m2!3d0.7947529!4d104.2071768!16s%2Fg%2F11v9zrprct!19sChIJ-5ZeVvGn2TERBAVeacYTPP8?authuser=0&hl=en&rclk=1,2.0,Education,Indonesia.Batam.School.202408060757.db,0.79475,104.20718,duplicate_cross_file
2350,Pantai Sembulang,3.7,3,0,Tourist attraction,[],"V757+4P2 Beach, Sembulang, Galang, Kota Batam, Kepulauan Riau, Indonesia",[],,0.8577558,104.2642628,https://www.google.com/maps/place/Pantai+Sembulang/data=!4m7!3m6!1s0x31d9a18b6d33473f:0x159459ff48159a61!8m2!3d0.8577558!4d104.2642628!16s%2Fg%2F11qg66w9v0!19sChIJP0czbYuh2TERYZoVSP9ZlBU?authuser=0&hl=en&rclk=1,-1.0,Education,Indonesia.Batam.School.202408060757.db,0.85776,104.26426,duplicate_cross_file
2431,Gedung Temoyong,0.0,0,0,Community center,[],"Jl. Duyung No.8, Sungai Jodoh, Kec. Batu Ampar, Kota Batam, Kepulauan Riau 29444, Indonesia",[],,1.1556054,104.0013212,https://www.google.com/maps/place/Gedung+Temoyong/data=!4m7!3m6!1s0x31d98bed35e493a5:0xbef0a9734c5bc0e0!8m2!3d1.1556054!4d104.0013212!16s%2Fg%2F11lgmpxk5z!19sChIJpZPkNe2L2TER4MBbTHOp8L4?authuser=0&hl=en&rclk=1,3.0,Education,Indonesia.Batam.School.202408060757.db,1.15561,104.00132,duplicate_cross_file
2503,Rumah Sakit St  Elisabeth Sei Lekop,4.4,75,0,Medical Center,,"Jl. Utama Sei Binti, Sungai Lekop, Kec. Sagulung, Kota Batam, Kepulauan Riau 29432, Indonesia",[object Object],+62 778 3850268,1.0236441,103.946014,https://www.google.com/maps/place/Rumah+Sakit+St.+Elisabeth+Sei+Lekop/data=!4m7!3m6!1s0x31d9929c622c917f:0x4e5a37c057d08317!8m2!3d1.0236441!4d103.946014!16s%2Fg%2F11b7b3k8fj!19sChIJf5EsYpyS2TERF4PQV8A3Wk4?authuser=0&hl=en&rclk=1,0,Education,Indonesia.Batam.School.202408060757.db,1.02364,103.94601,duplicate_cross_file
2531,Akkes Kartini Batam (Akademi Kesehatan Kartini Batam),5.0,29,0,School,,"Jl. Budi Kemuliaan No.01, Seraya, Kec. Lubuk Baja, Kota Batam, Kepulauan Riau 29483",[object Object],,1.1471799,104.0177551,https://www.google.com/maps/place/Akkes+Kartini+Batam/data=!4m7!3m6!1s0x31d989950c5d80b3:0x38743140a5ca9f1!8m2!3d1.1471799!4d104.0177551!16s%2Fg%2F11j5flvfmn!19sChIJs4BdDJWJ2TER8alcChRDhwM?authuser=0&hl=en&rclk=1,0,Education,Indonesia.Batam.School.202408060757.db,1.14718,104.01776,duplicate_cross_file
2567,Psht rayon punggur (Martial arts school),0.0,0,0,,,"34F8+WHQ, Blok saroja kavling baru, RT.002/RW.017, Kabil, Kecamatan Nongsa, Kota Batam, Kepulauan Riau 29467",[object Object],,1.0748499,104.116472,https://www.google.com/maps/place/Psht+rayon+punggur/data=!4m7!3m6!1s0x31d98519de62286b:0xf5ee8da9944cd17a!8m2!3d1.0748499!4d104.116472!16s%2Fg%2F11tt0nyq00!19sChIJayhi3hmF2TERetFMlKmN7vU?authuser=0&hl=en&rclk=1,0,Education,Indonesia.Batam.School.202408060757.db,1.07485,104.11647,duplicate_cross_file
2629,Pelunggut River (Sungai Pelunggut),0.0,0,0,Riau Islands,,,[object Object],,1.0226772,103.9666115,https://www.google.com/maps/place/Pelunggut+River/data=!4m7!3m6!1s0x31d9927b9fd79367:0x9328af0010884003!8m2!3d1.0226772!4d103.9666115!16s%2Fg%2F15dpbv7x!19sChIJZ5PXn3uS2TERA0CIEACvKJM?authuser=0&hl=en&rclk=1,0,Education,Indonesia.Batam.School.202408060757.db,1.02268,103.96661,duplicate_cross_file
2645,SD Negeri 008 Lubuk Baja,4.6,21,0,Elementary school,,"Jl. Pelita VII No.D3, RW.2, Kp. Pelita, Kec. Lubuk Baja, Kota Batam, Kepulauan Riau 29444",[object Object],(0778) 426454,1.1396685,104.0204168,https://www.google.com/maps/place/SD+Negeri+008+Lubuk+Baja/data=!4m7!3m6!1s0x31d98982d95b57f5:0x95bd7bd93fd6c226!8m2!3d1.1396685!4d104.0204168!16s%2Fg%2F112yfndsf!19sChIJ9Vdb2YKJ2TERJsLWP9l7vZU?authuser=0&hl=en&rclk=1,0,Education,Indonesia.Batam.School.202408060757.db,1.13967,104.02042,duplicate_cross_file
2661,Kelurahan Sei Pelungut,2.7,10,0,City clerk's office,,"2XH5+FG2, Jalan Raya Dapur 21, Sungai Pelunggut, Kec. Sagulung, Kota Batam, Kepulauan Riau 29434",[object Object],(0778) 5681212,1.028628,103.9587596,https://www.google.com/maps/place/Kelurahan+Sei+Pelungut/data=!4m7!3m6!1s0x31d98d7fb84fff95:0xb6779faa0f10a4d7!8m2!3d1.028628!4d103.9587596!16s%2Fg%2F11byp6d8cn!19sChIJlf9PuH-N2TER16QQD6qfd7Y?authuser=0&hl=en&rclk=1,0,Education,Indonesia.Batam.School.202408060757.db,1.02863,103.95876,duplicate_cross_file
2681,SMA Kartini Batam,4.6,38,0,High school,,"Jl. Budi Kemuliaan No.1, Kp. Pelita, Kec. Lubuk Baja, Kota Batam, Kepulauan Riau 29432",[object Object],(0778) 453731,1.1468078,104.0173943,https://www.google.com/maps/place/SMA+Kartini+Batam/data=!4m7!3m6!1s0x31d989856b52b377:0xdd2a6a8ee72907c1!8m2!3d1.1468078!4d104.0173943!16s%2Fg%2F112ygdvsg!19sChIJd7NSa4WJ2TERwQcp545qKt0?authuser=0&hl=en&rclk=1,0,Education,Indonesia.Batam.School.202408060757.db,1.14681,104.01739,duplicate_cross_file
2683,TPU Muslim Sei Temiang,4.4,8,0,Cemetery,,"3X89+M43 TPU Temiang, Tj. Riau, Kec. Sekupang, Kota Batam, Kepulauan Riau 29425","[{""day"": ""Wednesday"", ""hours"": ""06:00 - 23:00""}, {""day"": ""Thursday"", ""hours"": ""06:00 - 23:00""}, {""day"": ""Friday"", ""hours"": ""06:00 - 23:00""}, {""day"": ""Saturday"", ""hours"": ""06:00 - 23:00""}, {""day"": ""Sunday"", ""hours"": ""06:00 - 23:00""}, {""day"": ""Monday"", ""hours"": ""06:00 - 23:00""}, {""day"": ""Tuesday"", ""hours"": ""06:00 - 23:00""}]",,1.0666392,103.9677966,https://www.google.com/maps/place/TPU+Muslim+Sei+Temiang/data=!4m7!3m6!1s0x31d98dc152f8c927:0x794dabce433ee59a!8m2!3d1.0666392!4d103.9677966!16s%2Fg%2F11kvqv2qx_!19sChIJJ8n4UsGN2TERmuU-Q86rTXk?authuser=0&hl=en&rclk=1,0,Education,Indonesia.Batam.School.202408060757.db,1.06664,103.9678,duplicate_cross_file
2686,TPU Muslim (Blok Q) Sei Temiang,5.0,4,0,Cemetery,,"3X8C+Q4F, Tanjung Riau, Sekupang, Batam City, Riau Islands 29425",[object Object],0821-7273-7532,1.0669329,103.9702834,https://www.google.com/maps/place/TPU+Muslim+%28Blok+Q%29+Sei+Temiang/data=!4m7!3m6!1s0x31d98d98c353c22f:0x146140b608cc4245!8m2!3d1.0669329!4d103.9702834!16s%2Fg%2F11n137m5bv!19sChIJL8JTw5iN2TERRULMCLZAYRQ?authuser=0&hl=en&rclk=1,0,Education,Indonesia.Batam.School.202408060757.db,1.06693,103.97028,duplicate_cross_file
2687,Posyandu Sei Temiang (Health consultant),0.0,0,0,,,"3XH3+V9R, Jl. KH Ahmad Dahlan, Tj. Riau, Kec. Sekupang, Kota Batam, Kepulauan Riau 29424",[object Object],,1.0798419,103.9533702,https://www.google.com/maps/place/Posyandu+Sei+Temiang/data=!4m7!3m6!1s0x31d98d003d910107:0x6bb1540818e920f6!8m2!3d1.0798419!4d103.9533702!16s%2Fg%2F11vzp9qx89!19sChIJBwGRPQCN2TER9iDpGAhUsWs?authuser=0&hl=en&rclk=1,0,Education,Indonesia.Batam.School.202408060757.db,1.07984,103.95337,duplicate_cross_file
2690,Ramiro Garden  Sei Temiang  Batu Aji Batam Island,5.0,4,0,Plant nursery,,"3XJ3+4VP, Jl. KH Ahmad Dahlan, Tj. Riau, Kec. Sekupang, Kota Batam, Kepulauan Riau 29425","[{""day"": ""Wednesday"", ""hours"": ""07:00 - 17:00""}, {""day"": ""Thursday"", ""hours"": ""07:00 - 17:00""}, {""day"": ""Friday"", ""hours"": ""07:00 - 17:00""}, {""day"": ""Saturday"", ""hours"": ""07:00 - 17:00""}, {""day"": ""Sunday"", ""hours"": ""07:00 - 17:00""}, {""day"": ""Monday"", ""hours"": ""07:00 - 17:00""}, {""day"": ""Tuesday"", ""hours"": ""07:00 - 17:00""}]",0813-7208-4063,1.0803278,103.9547171,"https://www.google.com/maps/place/Ramiro+Garden,+Sei+Temiang,+Batu+Aji+Batam+Island/data=!4m7!3m6!1s0x31d98cf38616bccf:0xba4338dc2db05029!8m2!3d1.0803278!4d103.9547171!16s%2Fg%2F11g72g2q0y!19sChIJz7wWhvOM2TERKVCwLdw4Q7o?authuser=0&hl=en&rclk=1",0,Education,Indonesia.Batam.School.202408060757.db,1.08033,103.95472,duplicate_cross_file
2719,Perum GMP Tanjung Sengkuang,4.1,30,0,School,,"Tanjung Sengkuang, Batu Ampar, Batam City, Riau Islands",[object Object],,1.1840416,104.0174875,https://www.google.com/maps/place/Perum.GMP+Tanjung+Sengkuang/data=!4m7!3m6!1s0x31da275a64079f41:0x6da8e34e61db3610!8m2!3d1.1840416!4d104.0174875!16s%2Fg%2F11ckvwgtr4!19sChIJQZ8HZFon2jEREDbbYU7jqG0?authuser=0&hl=en&rclk=1,0,Education,Indonesia.Batam.School.202408060757.db,1.18404,104.01749,duplicate_cross_file
2780,Sekretariat   IKS  PI  KERA SAKTI,4.5,4,0,Self defense school,,"Jl. Bengkong Harapan II No.105 Blok I, Bengkong Laut, Kec. Bengkong, Kota Batam, Kepulauan Riau 29444, Indonesia",[object Object],+62 853-7578-4643,1.153212,104.0288093,https://www.google.com/maps/place/Sekretariat+%22+IKS.+PI%22+KERA+SAKTI/data=!4m7!3m6!1s0x31d9898302360d03:0xbc3f9d22cf0bd41f!8m2!3d1.153212!4d104.0288093!16s%2Fg%2F11gmfycjn7!19sChIJAw02AoOJ2TERH9QLzyKdP7w?authuser=0&hl=en&rclk=1,0,Education,Indonesia.Batam.School.202408060757.db,1.15321,104.02881,duplicate_cross_file
2901,BAR Teluk Bakau,4.6,14,0,Homestay,,"445G+87P, Batu Besar, Nongsa, Batam City, Riau Islands 29467",[object Object],0859-6029-7650,1.1082781,104.1257473,https://www.google.com/maps/place/BAR+Teluk+Bakau/data=!4m7!3m6!1s0x31d987a431e93485:0x1a59eb8ae2fc24e4!8m2!3d1.1082781!4d104.1257473!16s%2Fg%2F11t29fwq8l!19sChIJhTTpMaSH2TER5CT84orrWRo?authuser=0&hl=en&rclk=1,0,Education,Indonesia.Batam.School.202408060757.db,1.10828,104.12575,duplicate_cross_file
2994,Galang Baru (Galang),0.0,0,0,,,,[object Object],,0.6610442,104.2570364,https://www.google.com/maps/place/Galang+Baru/data=!4m7!3m6!1s0x31d9a9e6de67d7bb:0xacbdff3c883e0ad4!8m2!3d0.6610442!4d104.2570364!16s%2Fg%2F12hhhk079!19sChIJu9dn3uap2TER1Ao-iDz_vaw?authuser=0&hl=en&rclk=1,0,Education,Indonesia.Batam.School.202408060757.db,0.66104,104.25704,duplicate_cross_file
3002,Galang Refugee Camp (Camp Vietnam),4.4,742,0,Tourist attraction,,"Q59R+82J, Sijantung, Galang, Batam City, Riau Islands 29485","[{""day"": ""Wednesday"", ""hours"": ""07:30 - 16:30""}, {""day"": ""Thursday"", ""hours"": ""07:30 - 16:30""}, {""day"": ""Friday"", ""hours"": ""07:30 - 16:30""}, {""day"": ""Saturday"", ""hours"": ""07:30 - 17:30""}, {""day"": ""Sunday"", ""hours"": ""07:30 - 17:30""}, {""day"": ""Monday"", ""hours"": ""07:30 - 16:30""}, {""day"": ""Tuesday"", ""hours"": ""07:30 - 16:30""}]",,0.7683303,104.1900253,https://www.google.com/maps/place/Galang+Refugee+Camp+%28Camp+Vietnam%29/data=!4m7!3m6!1s0x31d9a42b2c260223:0x9b6878c2fd108541!8m2!3d0.7683303!4d104.1900253!16zL20vMDV5ejl6!19sChIJIwImLCuk2TERQYUQ_cJ4aJs?authuser=0&hl=en&rclk=1,0,Education,Indonesia.Batam.School.202408060757.db,0.76833,104.19003,duplicate_cross_file
3020,Ex Camp Vietnam,4.4,742,0,Museum,,"Q623+WFR, pulau galang batam kepulauan Riau, Sijantung, Galang, Kota Batam, Kepulauan Riau 29485","[{""day"": ""Wednesday"", ""hours"": ""07:30 - 20:00""}, {""day"": ""Thursday"", ""hours"": ""07:30 - 20:00""}, {""day"": ""Friday"", ""hours"": ""07:30 - 20:00""}, {""day"": ""Saturday"", ""hours"": ""07:30 - 20:00""}, {""day"": ""Sunday"", ""hours"": ""07:30 - 20:00""}, {""day"": ""Monday"", ""hours"": ""07:30 - 20:00""}, {""day"": ""Tuesday"", ""hours"": ""07:30 - 20:00""}]",,0.7523504,104.2036392,"https://www.google.com/maps/place/Ex+Camp+Vietnam/@0.7523504,104.2036392,17z/data=!3m1!4b1!4m6!3m5!1s0x31d9a66df7b0f755:0x466a6e23a4c6102d!8m2!3d0.7523504!4d104.2036392!16s%2Fg%2F11c20q9_0j?authuser=0&hl=en&entry=ttu",0,Education,Indonesia.Batam.School.202408060757.db,0.75235,104.20364,duplicate_cross_file
3021,Puskesmas Rempang Cate,4.8,50,0,Public medical center,,"W46C+V87, Rempang Cate, Galang, Batam City, Riau Islands 29482, Indonesia",[object Object],,0.912162,104.120804,https://www.google.com/maps/place/Puskesmas+Rempang+Cate/data=!4m7!3m6!1s0x31d99835b3feb5e1:0xc242de88f3eca883!8m2!3d0.912162!4d104.120804!16s%2Fg%2F11c5h36fty!19sChIJ4bX-szWY2TERg6js84jeQsI?authuser=0&hl=en&rclk=1,0,Education,Indonesia.Batam.School.202408060757.db,0.91216,104.1208,duplicate_cross_file
3023,Galang Island (Pulau Galang),4.3,184,0,Island,,"Galang, Batam City, Riau Islands",[object Object],,0.7393925,104.2279672,"https://www.google.com/maps/place/Galang+Island/@0.746828,104.2403185,13z/data=!3m1!4b1!4m6!3m5!1s0x31d9a7cad00099b3:0xb7643c5b6dcb4f98!8m2!3d0.7393925!4d104.2279672!16zL20vMDV5eXdr?authuser=0&hl=en&entry=ttu",0,Education,Indonesia.Batam.School.202408060757.db,0.73939,104.22797,duplicate_cross_file
3026,Jembatan 6 Barelang,4.5,122,0,Bridge,,"Unnamed Rd, Galang Baru, Galang, Kota Batam, Kepulauan Riau 29485",[object Object],,0.7196017,104.2116831,https://www.google.com/maps/place/Jembatan+6+Barelang/data=!4m7!3m6!1s0x31d9a8bc940e8f39:0xbc20fc5710c871d6!8m2!3d0.7196017!4d104.2116831!16s%2Fg%2F11c0rqydd0!19sChIJOY8OlLyo2TER1nHIEFf8ILw?authuser=0&hl=en&rclk=1,0,Education,Indonesia.Batam.School.202408060757.db,0.7196,104.21168,duplicate_cross_file
3028,Kantor Lurah Galang Baru (City government office),0.0,0,0,,,"M6PW+F6M, Galang Baru, Galang, Batam City, Riau Islands",[object Object],,0.6862212,104.2455612,https://www.google.com/maps/place/Kantor+Lurah+Galang+Baru/data=!4m7!3m6!1s0x31d9a9af2af820bf:0x137c300ec58d4744!8m2!3d0.6862212!4d104.2455612!16s%2Fg%2F11g6xjk6hk!19sChIJvyD4Kq-p2TERREeNxQ4wfBM?authuser=0&hl=en&rclk=1,0,Education,Indonesia.Batam.School.202408060757.db,0.68622,104.24556,duplicate_cross_file
3047,Pulau Air Raja,4.7,70,0,Recreation center,,"X593+RHX, Air Raja, Galang, Batam City, Riau Islands",[object Object],0813-7870-9616,0.9696055,104.1539761,https://www.google.com/maps/place/Pulau+Air+Raja/data=!4m7!3m6!1s0x31d99bc9bf920bf5:0xe1ec23f7e077f8c7!8m2!3d0.9696055!4d104.1539761!16s%2Fg%2F11g9vs7lzs!19sChIJ9QuSv8mb2TERx_h34Pcj7OE?authuser=0&hl=en&rclk=1,0,Education,Indonesia.Batam.School.202408060757.db,0.96961,104.15398,duplicate_cross_file
3049,Air Raja (Galang),0.0,0,0,,,"X594+94M, Air Raja, Galang, Batam City, Riau Islands",[object Object],,0.9684532,104.1611302,https://www.google.com/maps/place/Air+Raja/data=!4m7!3m6!1s0x31d99bc649aa477d:0xc319f2c38d2a1ba!8m2!3d0.9684532!4d104.1611302!16s%2Fg%2F12hhhbx2k!19sChIJfUeqScab2TERuqHSOCyfMQw?authuser=0&hl=en&rclk=1,0,Education,Indonesia.Batam.School.202408060757.db,0.96845,104.16113,duplicate_cross_file
3083,Kelurahan Karas  Kecamatan Galang Kota Batam,3.5,2,0,Government office,,"Q84C+CR6, Karas, Galang, Batam City, Riau Islands, Indonesia",[object Object],,0.7560285,104.3220278,"https://www.google.com/maps/place/Kelurahan+Karas,+Kecamatan+Galang+Kota+Batam/data=!4m7!3m6!1s0x31d9085ac416d8ab:0x3a253f927192b6c1!8m2!3d0.7560285!4d104.3220278!16s%2Fg%2F11c67r0k2h!19sChIJq9gWxFoI2TERwbaScZI_JTo?authuser=0&hl=en&rclk=1",0,Education,Indonesia.Batam.School.202408060757.db,0.75603,104.32203,duplicate_cross_file
196,PT Batam City Point,5.0,1,0,Lumber store,['Delivery'],"Jl. Laksamana Bintan Blk. D No.1, Bengkong Laut, Kec. Bengkong, Kota Batam, Kepulauan Riau 29432, Indonesia","[{ day: 'Friday', hours: '08:00 – 17:00' }, { day: 'Saturday', hours: '08:00 – 17:00' }, { day: 'Sunday', hours: '08:00 – 17:00' }, { day: 'Monday', hours: '08:00 – 17:00' }, { day: 'Tuesday', hours: '08:00 – 17:00' }, { day: 'Wednesday', hours: '08:00 – 17:00' }, { day: 'Thursday', hours: '08:00 – 17:00' }]",,1.1569051,104.0244085,https://www.google.com/maps/place/PT+Batam+City+Point/data=!4m7!3m6!1s0x31d98993571a3929:0x152559c8eba59303!8m2!3d1.1569051!4d104.0244085!16s%2Fg%2F11b7q85p8f!19sChIJKTkaV5OJ2TERA5Ol68hZJRU?authuser=0&hl=en&rclk=1,0.0,Retail,Indonesia.Batam.Toko Bangunan.202408021219.db,1.15691,104.02441,duplicate_cross_file
331,Batam,5.0,1,0,Housing society,[],"Jl. Bengkong Harapan 1 Blk. C No.41, Bengkong Laut, Kec. Bengkong, Kota Batam, Kepulauan Riau 29444, Indonesia",[],,1.1546779,104.0304165,https://www.google.com/maps/place/Batam/data=!4m7!3m6!1s0x31d989d46d6fd20b:0xbbb1d2a7ac45964e!8m2!3d1.1546779!4d104.0304165!16s%2Fg%2F11v68f5146!19sChIJC9JvbdSJ2TERTpZFrKfSsbs?authuser=0&hl=en&rclk=1,5.0,Retail,Indonesia.Batam.Toko Bangunan.202408021219.db,1.15468,104.03042,duplicate_cross_file
989,Kavling lama sei lekop,4.0,1,0,Grocery store,[],"Kavling lama, Jl. Sagulung Bahagia Blk. A No.46, Indonesia",[],,1.0336033,103.9471543,https://www.google.com/maps/place/Kavling+lama+sei+lekop/data=!4m7!3m6!1s0x31d98d78b2b92e2d:0x6e6d534515e4bd44!8m2!3d1.0336033!4d103.9471543!16s%2Fg%2F11scppk9fv!19sChIJLS65sniN2TERRL3kFUVTbW4?authuser=0&hl=en&rclk=1,1.0,Retail,Indonesia.Batam.Toko Bangunan.202408021219.db,1.0336,103.94715,duplicate_cross_file
992,Kavling sei lekop,5.0,10,0,Housing development,[],"2WFX+R49, Lekop River, Sagulung, Batam City, Riau Islands 29472, Indonesia",[],,1.0245507,103.947855,https://www.google.com/maps/place/Kavling+sei+lekop/data=!4m7!3m6!1s0x31d993374f2dd657:0x12e6bfd1aab6b486!8m2!3d1.0245507!4d103.947855!16s%2Fg%2F11t27c8g04!19sChIJV9YtTzeT2TERhrS2qtG_5hI?authuser=0&hl=en&rclk=1,0.0,Retail,Indonesia.Batam.Toko Bangunan.202408021219.db,1.02455,103.94786,duplicate_cross_file
1041,Alfamart sei pelunggut,3.5,2,0,Convenience store,"['In-store pick-up', 'Delivery']","2XM5+2FQ, Jl. Dapur 12, Sungai Pelunggut, Kec. Sagulung, Kota Batam, Kepulauan Riau, Indonesia","[{ day: 'Friday', hours: '07:00 – 22:00' }, { day: 'Saturday', hours: '07:00 – 22:00' }, { day: 'Sunday', hours: '07:00 – 22:00' }, { day: 'Monday', hours: '07:00 – 22:00' }, { day: 'Tuesday', hours: '07:00 – 22:00' }, { day: 'Wednesday', hours: '07:00 – 22:00' }, { day: 'Thursday', hours: '07:00 – 22:00' }]",,1.0325765,103.9587367,https://www.google.com/maps/place/Alfamart+sei+pelunggut/data=!4m7!3m6!1s0x31d98d0f4051a753:0x42fc9aa260ba554b!8m2!3d1.0325765!4d103.9587367!16s%2Fg%2F11tcw6h7p2!19sChIJU6dRQA-N2TERS1W6YKKa_EI?authuser=0&hl=en&rclk=1,1.0,Retail,Indonesia.Batam.Toko Bangunan.202408021219.db,1.03258,103.95874,duplicate_cross_file
1066,PERUMAHAN KAVLING PLUS SEI TEMIANG,4.6,10,0,Gated community,[],"Tanjung Riau, Sekupang, Batam City, Riau Islands 29425, Indonesia",[],+62 812-7767-6019,1.0760263,103.953993,https://www.google.com/maps/place/PERUMAHAN+KAVLING+PLUS+SEI+TEMIANG/data=!4m7!3m6!1s0x31d98d8ea0fe5253:0x2492bd71db7b4c05!8m2!3d1.0760263!4d103.953993!16s%2Fg%2F11k02sjzdk!19sChIJU1L-oI6N2TERBUx723G9kiQ?authuser=0&hl=en&rclk=1,0.0,Retail,Indonesia.Batam.Toko Bangunan.202408021219.db,1.07603,103.95399,duplicate_cross_file
1079,Pertamina Petrol Station,4.4,281,0,Petrol Station,['Diesel fuel'],"3X69+Q8X, Jl. Diponegoro, Buliang, Kec. Batu Aji, Kota Batam, Kepulauan Riau 29424, Indonesia","[{ day: 'Friday', hours: '06:30 – 22:00' }, { day: 'Saturday', hours: '06:30 – 22:00' }, { day: 'Sunday', hours: '06:30 – 22:00' }, { day: 'Monday', hours: '06:30 – 22:00' }, { day: 'Tuesday', hours: '06:30 – 22:00' }, { day: 'Wednesday', hours: '06:30 – 22:00' }, { day: 'Thursday', hours: '06:30 – 22:00' }]",,1.0619939,103.968352,https://www.google.com/maps/place/Pertamina+Petrol+Station/data=!4m7!3m6!1s0x31d98dac5ec37589:0xe80d29c16d23d7b8!8m2!3d1.0619939!4d103.968352!16s%2Fg%2F11bymxjw64!19sChIJiXXDXqyN2TERuNcjbcEpDeg?authuser=0&hl=en&rclk=1,1.0,Retail,Indonesia.Batam.Toko Bangunan.202408021219.db,1.06199,103.96835,duplicate_cross_file
1159,Smith Tool Indonesia  PT,5.0,1,0,Tool store,['Delivery'],"5288+8V7, Tanjung Sengkuang, Batu Ampar, Batam City, Riau Islands 29444, Indonesia",[],,1.16579,104.017181,https://www.google.com/maps/place/Smith+Tool+Indonesia.+PT/data=!4m7!3m6!1s0x31d989f06b991349:0x8a559a2e18a84735!8m2!3d1.16579!4d104.017181!16s%2Fg%2F1pzwbfswc!19sChIJSROZa_CJ2TERNUeoGC6aVYo?authuser=0&hl=en&rclk=1,1.0,Retail,Indonesia.Batam.Toko Bangunan.202408021219.db,1.16579,104.01718,duplicate_cross_file
1165,Jackson s Homeware Market,4.5,519,0,Homewares Store,"['In-store pick-up', 'Delivery']","Komp. BSP, Jl. Laksamana Bintan Blok C No.2, Sungai Panas, Kec. Batam Kota, Kota Batam, Kepulauan Riau 29444, Indonesia","[{ day: 'Friday', hours: '09:00 – 19:00' }, { day: 'Saturday', hours: '09:00 – 19:00' }, { day: 'Sunday', hours: '09:00 – 19:00' }, { day: 'Monday', hours: '09:00 – 19:00' }, { day: 'Tuesday', hours: '09:00 – 19:00' }, { day: 'Wednesday', hours: '09:00 – 17:00' }, { day: 'Thursday', hours: '09:00 – 17:00' }]",+62 813-6300-2286,1.1277266,104.0319608,https://www.google.com/maps/place/Jackson%27s+Homeware+Market/data=!4m7!3m6!1s0x31d98912dd5d2af3:0x8865b6e67a3c3309!8m2!3d1.1277266!4d104.0319608!16s%2Fg%2F1hm39gclt!19sChIJ8ypd3RKJ2TERCTM8eua2ZYg?authuser=0&hl=en&rclk=1,5.0,Retail,Indonesia.Batam.Toko Bangunan.202408021219.db,1.12773,104.03196,duplicate_cross_file
1203,Tanjung uma,4.0,1,0,Housing development,[],"4XWX+8CJ, Tanjung Uma, Lubuk Baja, Batam City, Riau Islands, Indonesia",[],,1.1458464,103.9985199,https://www.google.com/maps/place/Tanjung+uma/data=!4m7!3m6!1s0x31d98b00781afd47:0x14ae396c8a9a20cc!8m2!3d1.1458464!4d103.9985199!16s%2Fg%2F11ldv4ww89!19sChIJR_0aeACL2TERzCCaimw5rhQ?authuser=0&hl=en&rclk=1,0.0,Retail,Indonesia.Batam.Toko Bangunan.202408021219.db,1.14585,103.99852,duplicate_cross_file
1370,tiban indah,0.0,0,0,Grocery store,['In-store shopping'],"4X7J+FRX, Jl. Tiban Indah Permai, Tiban Indah, Kec. Sekupang, Kota Batam, Kepulauan Riau, Indonesia",[],,1.1137302,103.9821122,https://www.google.com/maps/place/tiban+indah/data=!4m7!3m6!1s0x31d98b97b1a85d3d:0x304bf7a9f39a8b5e!8m2!3d1.1137302!4d103.9821122!16s%2Fg%2F11tx1kcl9z!19sChIJPV2osZeL2TERXoua86n3SzA?authuser=0&hl=en&rclk=1,5.0,Retail,Indonesia.Batam.Toko Bangunan.202408021219.db,1.11373,103.98211,duplicate_cross_file
1518,Tiban lama,0.0,0,0,Housing complex,[],"4X5Q+H27, Tiban Lama, Sekupang, Batam City, Riau Islands 29424, Indonesia",[],,1.1089035,103.987544,https://www.google.com/maps/place/Tiban+lama/data=!4m7!3m6!1s0x31d98b007aae5e99:0xc58f2932e8549344!8m2!3d1.1089035!4d103.987544!16s%2Fg%2F11y3wf8b2k!19sChIJmV6uegCL2TERRJNU6DIpj8U?authuser=0&hl=en&rclk=1,3.0,Retail,Indonesia.Batam.Toko Bangunan.202408021219.db,1.1089,103.98754,duplicate_cross_file
1531,Primart,4.3,323,0,Grocery store,"['Kerbside pickup', 'Delivery']","Komp. Pertokoan Golden Wealth, Tiban Indah, Kec. Sekupang, Kota Batam, Kepulauan Riau 29424, Indonesia",[],+62 812-6681-5033,1.1134419,103.9779327,https://www.google.com/maps/place/Primart/data=!4m7!3m6!1s0x31d98b9186caf6a7:0xe23756e89f1740a1!8m2!3d1.1134419!4d103.9779327!16s%2Fg%2F11cjk2xrf_!19sChIJp_bKhpGL2TERoUAXn-hWN-I?authuser=0&hl=en&rclk=1,0.0,Retail,Indonesia.Batam.Toko Bangunan.202408021219.db,1.11344,103.97793,duplicate_cross_file
1555,Tiban Viola,4.0,21,0,Corporate office,[],"4X4C+3QP, Tiban Baru, Sekupang, Batam City, Riau Islands 29424, Indonesia",[],,1.1052167,103.9719433,https://www.google.com/maps/place/Tiban+Viola/data=!4m7!3m6!1s0x31d98b8603244da5:0x307b676934c9e542!8m2!3d1.1052167!4d103.9719433!16s%2Fg%2F11dxdmww0q!19sChIJpU0kA4aL2TERQuXJNGlnezA?authuser=0&hl=en&rclk=1,0.0,Retail,Indonesia.Batam.Toko Bangunan.202408021219.db,1.10522,103.97194,duplicate_cross_file
1585,Komp Tiban Makmur Tahap 1,4.4,34,0,Housing complex,[],"Makmur Blok H,, Jl. Laksamana Bintan No.1, Tiban Lama, Batam Kota, Batam City, Riau Islands 29444, Indonesia",[],,1.1261703,103.970572,https://www.google.com/maps/place/Komp+Tiban+Makmur+Tahap+1/data=!4m7!3m6!1s0x31d98ba4d3362da9:0x83ad98d1de92f9cb!8m2!3d1.1261703!4d103.970572!16s%2Fg%2F11c60jkp0g!19sChIJqS0206SL2TERy_mS3tGYrYM?authuser=0&hl=en&rclk=1,-1.0,Retail,Indonesia.Batam.Toko Bangunan.202408021219.db,1.12617,103.97057,duplicate_cross_file
1591,Tiban Makmur Residence Tahap 2,4.3,36,0,Housing complex,[],"4XGC+MC, Tiban Makmur Residence, Block S No. 12, Patam Lestari, Sekupang, Batam City, Riau Islands 29424, Indonesia",[],,1.1275992,103.9720389,https://www.google.com/maps/place/Tiban+Makmur+Residence+Tahap+2/data=!4m7!3m6!1s0x31d98b90d5f15dd7:0xb8a8baefa6ec4bd!8m2!3d1.1275992!4d103.9720389!16s%2Fg%2F11j6whrf2_!19sChIJ113x1ZCL2TERvcRu-q6Ligs?authuser=0&hl=en&rclk=1,0.0,Retail,Indonesia.Batam.Toko Bangunan.202408021219.db,1.1276,103.97204,duplicate_cross_file
1694,Toko Bahagia,0.0,0,0,Wholesaler,[],"Jl. Tiban Indah Permai No.26, Tiban Indah, Kec. Sekupang, Kota Batam, Kepulauan Riau 29424, Indonesia",[],,1.1130191,103.9817686,https://www.google.com/maps/place/Toko+Bahagia/data=!4m7!3m6!1s0x31d98b92fde1f65f:0x967731e2f3466637!8m2!3d1.1130191!4d103.9817686!16s%2Fg%2F11bc7sps3s!19sChIJX_bh_ZKL2TERN2ZG8-Ixd5Y?authuser=0&hl=en&rclk=1,5.0,Retail,Indonesia.Batam.Toko Bangunan.202408021219.db,1.11302,103.98177,duplicate_cross_file
1782,PT Sambu Baru,4.6,37,0,Building materials store,"['In-store pick-up', 'Delivery']","Blok A No. 4 - 5 - 6 Ruko Muka Kuning Paradise, Jl. Letjend Suprapto, Bukit Tempayan, Kec. Batu Aji, Kota Batam, Kepulauan Riau 29425, Indonesia","[{ day: 'Friday', hours: '08:00 – 17:00' }, { day: 'Saturday', hours: '08:00 – 17:00' }, { day: 'Sunday', hours: '08:00 – 15:00' }, { day: 'Monday', hours: '08:00 – 17:00' }, { day: 'Tuesday', hours: '08:00 – 17:00' }, { day: 'Wednesday', hours: '08:00 – 17:00' }, { day: 'Thursday', hours: '08:00 – 17:00' }]",,1.056008,103.965684,https://www.google.com/maps/place/PT.Sambu+Baru/data=!4m7!3m6!1s0x31d98da8bbac7331:0x80d796a43073ddb2!8m2!3d1.056008!4d103.965684!16s%2Fg%2F1hm1sb354!19sChIJMXOsu6iN2TERst1zMKSW14A?authuser=0&hl=en&rclk=1,0.0,Retail,Indonesia.Batam.Toko Bangunan.202408021219.db,1.05601,103.96568,duplicate_cross_file
1890,Kathindo Usaha Sekawan PT,0.0,0,0,Building materials store,['Delivery'],"Jl. Brigjen Katamso No.KM. 8, Tj. Uncang, Kec. Batu Aji, Kota Batam, Kepulauan Riau 29425, Indonesia",[],,1.065637,103.918772,https://www.google.com/maps/place/Kathindo+Usaha+Sekawan+PT/data=!4m7!3m6!1s0x31d98cd5eb517d89:0x15bef219ba6fd6dc!8m2!3d1.065637!4d103.918772!16s%2Fg%2F11bc7srgqp!19sChIJiX1R69WM2TER3NZvuhnyvhU?authuser=0&hl=en&rclk=1,-1.0,Retail,Indonesia.Batam.Toko Bangunan.202408021219.db,1.06564,103.91877,duplicate_cross_file
2031,Ace Hardware Nagoya Hill,4.4,1,2,Home improvement store,"['In-store pick-up', 'Delivery']","Jl. Teuku Umar Kec. Lubuk Baja , Kota Batam, Nagoya Hill Shopping Mall, Lubuk Baja Kota, Lubuk Baja, Lubuk Baja Kota, Lubuk Baja, Batam City, Riau Islands 29432, Indonesia","[{ day: 'Friday', hours: '10:00 – 22:00' }, { day: 'Saturday', hours: '10:00 – 22:00' }, { day: 'Sunday', hours: '10:00 – 22:00' }, { day: 'Monday', hours: '10:00 – 22:00' }, { day: 'Tuesday', hours: '10:00 – 22:00' }, { day: 'Wednesday', hours: '10:00 – 22:00' }, { day: 'Thursday', hours: '10:00 – 22:00' }]",+62 813-7199-0344,1.1454715,104.0132024,https://www.google.com/maps/place/Ace+Hardware+Nagoya+Hill/data=!4m7!3m6!1s0x31d98988acbaee35:0x49711fdaa4746f5d!8m2!3d1.1454715!4d104.0132024!16s%2Fg%2F1pzw1f9dc!19sChIJNe66rIiJ2TERXW90pNofcUk?authuser=0&hl=en&rclk=1,0.0,Retail,Indonesia.Batam.Toko Bangunan.202408021219.db,1.14547,104.0132,duplicate_cross_file
2058,Seraya Adyaconcrete  PT,0.0,0,0,Building materials store,['Delivery'],"Sumber Jaya Complex Block A No. 5-6, Jl. Raden Patah, Kp. Pelita, Kec. Lubuk Baja, Kota Batam, Kepulauan Riau 29444, Indonesia","[{ day: 'Friday', hours: '08:00 – 17:00' }, { day: 'Saturday', hours: '08:00 – 17:00' }, { day: 'Sunday', hours: '08:00 – 17:00' }, { day: 'Monday', hours: '08:00 – 17:00' }, { day: 'Tuesday', hours: '08:00 – 17:00' }, { day: 'Wednesday', hours: '08:00 – 17:00' }, { day: 'Thursday', hours: '08:00 – 17:00' }]",,1.1395837,104.0160703,https://www.google.com/maps/place/Seraya+Adyaconcrete.+PT/data=!4m7!3m6!1s0x31d98982f14c6bf3:0xb365afcab833063c!8m2!3d1.1395837!4d104.0160703!16s%2Fg%2F1pzsl25hf!19sChIJ82tM8YKJ2TERPAYzuMqvZbM?authuser=0&hl=en&rclk=1,1.0,Retail,Indonesia.Batam.Toko Bangunan.202408021219.db,1.13958,104.01607,duplicate_cross_file
2195,Toko Cipta Abadi,3.7,3,0,Building materials store,"['In-store shopping', 'Kerbside pickup', 'Delivery']","Lubuk Baja Kota, Lubuk Baja, Batam City, Riau Islands 29444, Indonesia","[{ day: 'Friday', hours: '07:30 – 17:15' }, { day: 'Saturday', hours: '07:30 – 17:15' }, { day: 'Sunday', hours: '08:00 – 13:15' }, { day: 'Monday', hours: '07:30 – 17:15' }, { day: 'Tuesday', hours: '07:30 – 17:15' }, { day: 'Wednesday', hours: '07:30 – 17:15' }, { day: 'Thursday', hours: '07:30 – 17:15' }]",,1.146122,104.0112429,https://www.google.com/maps/place/Toko+Cipta+Abadi/data=!4m7!3m6!1s0x31d9898660a7e233:0xb4b5c6aaca894083!8m2!3d1.146122!4d104.0112429!16s%2Fg%2F11bc7q1y8y!19sChIJM-KnYIaJ2TERg0CJyqrGtbQ?authuser=0&hl=en&rclk=1,5.0,Retail,Indonesia.Batam.Toko Bangunan.202408021219.db,1.14612,104.01124,duplicate_cross_file
2898,PT  Sukses Batam Mandiri,0.0,0,0,Granite supplier,[],"Komplek Pertokoan Kuda Putih, Jl. Laksamana Bintan No.1, Sungai Panas, Kec. Batam Kota, Kota Batam, Kepulauan Riau 29444, Indonesia","[{ day: 'Friday', hours: '08:00 – 17:00' }, { day: 'Saturday', hours: '08:00 – 17:00' }, { day: 'Sunday', hours: '08:00 – 14:00' }, { day: 'Monday', hours: '08:00 – 17:00' }, { day: 'Tuesday', hours: '08:00 – 17:00' }, { day: 'Wednesday', hours: '08:00 – 17:00' }, { day: 'Thursday', hours: '08:00 – 17:00' }]",+62 853-7424-4933,1.1379201,104.0278176,https://www.google.com/maps/place/PT.+Sukses+Batam+Mandiri/data=!4m7!3m6!1s0x31d989748b24541f:0x5a74d1b73fbd2364!8m2!3d1.1379201!4d104.0278176!16s%2Fg%2F11fl3yhlx7!19sChIJH1Qki3SJ2TERZCO9P7fRdFo?authuser=0&hl=en&rclk=1,5.0,Retail,Indonesia.Batam.Toko Bangunan.202408021219.db,1.13792,104.02782,duplicate_cross_file
3369,Sei Temiang Cemetery (Pemakaman Sei Temiang),4.4,30,0,Cemetery,,"SEI TEMIANG, MARINA, Tj. Riau, Kec. Sekupang, Kota Batam, Kepulauan Riau 29424, Indonesia",[object Object],,1.0667769,103.9664249,https://www.google.com/maps/place/Sei+Temiang+Cemetery/data=!4m7!3m6!1s0x31d98dacd9d504d1:0xa31b8c17b88f068d!8m2!3d1.0667769!4d103.9664249!16s%2Fg%2F11cn0mjhmg!19sChIJ0QTV2ayN2TERjQaPuBeMG6M?authuser=0&hl=en&rclk=1,2.0,Retail,Indonesia.Batam.Toko Bangunan.202408021219.db,1.06678,103.96642,duplicate_cross_file
3385,TPU Muslim (Blok Q) Sei Temiang,5.0,4,0,Cemetery,,"3X8C+Q4F, Tanjung Riau, Sekupang, Batam City, Riau Islands 29425, Indonesia",[object Object],+62 821-7273-7532,1.0669329,103.9702834,https://www.google.com/maps/place/TPU+Muslim+%28Blok+Q%29+Sei+Temiang/data=!4m7!3m6!1s0x31d98d98c353c22f:0x146140b608cc4245!8m2!3d1.0669329!4d103.9702834!16s%2Fg%2F11n137m5bv!19sChIJL8JTw5iN2TERRULMCLZAYRQ?authuser=0&hl=en&rclk=1,0.0,Retail,Indonesia.Batam.Toko Bangunan.202408021219.db,1.06693,103.97028,duplicate_cross_file
3394,TPU Muslim Sei Temiang,4.4,8,0,Cemetery,,"3X89+M43 TPU Temiang, Tj. Riau, Kec. Sekupang, Kota Batam, Kepulauan Riau 29425, Indonesia",[object Object],,1.0666392,103.9677966,https://www.google.com/maps/place/TPU+Muslim+Sei+Temiang/data=!4m7!3m6!1s0x31d98dc152f8c927:0x794dabce433ee59a!8m2!3d1.0666392!4d103.9677966!16s%2Fg%2F11kvqv2qx_!19sChIJJ8n4UsGN2TERmuU-Q86rTXk?authuser=0&hl=en&rclk=1,-1.0,Retail,Indonesia.Batam.Toko Bangunan.202408021219.db,1.06664,103.9678,duplicate_cross_file
3403,Ramiro Garden  Sei Temiang  Batu Aji Batam Island,5.0,4,0,Plant nursery,,"3XJ3+4VP, Jl. KH Ahmad Dahlan, Tj. Riau, Kec. Sekupang, Kota Batam, Kepulauan Riau 29425, Indonesia",[object Object],+62 813-7208-4063,1.0803278,103.9547171,"https://www.google.com/maps/place/Ramiro+Garden,+Sei+Temiang,+Batu+Aji+Batam+Island/data=!4m7!3m6!1s0x31d98cf38616bccf:0xba4338dc2db05029!8m2!3d1.0803278!4d103.9547171!16s%2Fg%2F11g72g2q0y!19sChIJz7wWhvOM2TERKVCwLdw4Q7o?authuser=0&hl=en&rclk=1",-1.0,Retail,Indonesia.Batam.Toko Bangunan.202408021219.db,1.08033,103.95472,duplicate_cross_file
2108,Gold Hill Collection,4.3,659,0,Luggage store,,"Komplek Business Centre Blok I No. 7 - 11 Jalan Kompleks Business Center, Lubuk Baja Kota, Kec. Lubuk Baja, Kota Batam, Kepulauan Riau 29432, Indonesia","[{""day"": ""Saturday"", ""hours"": ""08:00 - 20:00""}, {""day"": ""Sunday"", ""hours"": ""08:00 - 18:00""}, {""day"": ""Monday"", ""hours"": ""08:00 - 20:00""}, {""day"": ""Tuesday"", ""hours"": ""08:00 - 20:00""}, {""day"": ""Wednesday"", ""hours"": ""08:00 - 20:00""}, {""day"": ""Thursday"", ""hours"": ""08:00 - 20:00""}, {""day"": ""Friday"", ""hours"": ""08:00 - 20:00""}]",+62 778 455790,1.1478188,104.0077947,https://www.google.com/maps/place/Gold+Hill+Collection/data=!4m7!3m6!1s0x31d98987fc0cc2c9:0x516288727289439b!8m2!3d1.1478188!4d104.0077947!16s%2Fg%2F1hm4l1hwq!19sChIJycIM_IeJ2TERm0OJcnKIYlE?authuser=0&hl=en&rclk=1,0,Retail,Indonesia.Batam.Toko Komputer.202410170720.db,1.14782,104.00779,duplicate_cross_file
2273,Perumahan Permata Laguna Batam,4.2,45,0,Apartment complex,,"Jl. Permata Laguna No.2 Blok Aa, Tj. Uncang, Kec. Batu Aji, Kota Batam, Kepulauan Riau 29425, Indonesia","[{""day"": ""Saturday"", ""hours"": ""07:30 - 11:25""}, {""day"": ""Sunday"", ""hours"": ""07:30 - 04:26""}, {""day"": ""Monday"", ""hours"": ""07:30 - 03:25""}, {""day"": ""Tuesday"", ""hours"": ""07:30 - 03:26""}, {""day"": ""Wednesday"", ""hours"": ""07:30 - 03:26""}, {""day"": ""Thursday"", ""hours"": ""07:30 - 03:26""}, {""day"": ""Friday"", ""hours"": ""07:30 - 11:25""}]",,1.0570325,103.941115,https://www.google.com/maps/place/Perumahan+Permata+Laguna+Batam/data=!4m7!3m6!1s0x31d98d46241aa269:0xabd9af702787f47f!8m2!3d1.0570325!4d103.941115!16s%2Fg%2F11jnlhwt5x!19sChIJaaIaJEaN2TERf_SHJ3Cv2as?authuser=0&hl=en&rclk=1,0,Retail,Indonesia.Batam.Toko Komputer.202410170720.db,1.05703,103.94112,duplicate_cross_file
2438,Winner Millenium Mansion,3.9,56,0,Housing complex,,"42QW+728, Jl. Winner Millenium Mansion Jl. Pasir Putih, Sadai, Kec. Lubuk Baja, Kota Batam, Kepulauan Riau 29432, Indonesia","[{""day"": ""Saturday"", ""hours"": ""08:30 - 20:00""}, {""day"": ""Sunday"", ""hours"": ""Closed""}, {""day"": ""Monday"", ""hours"": ""08:30 - 20:00""}, {""day"": ""Tuesday"", ""hours"": ""08:30 - 20:00""}, {""day"": ""Wednesday"", ""hours"": ""08:30 - 20:00""}, {""day"": ""Thursday"", ""hours"": ""08:30 - 20:00""}, {""day"": ""Friday"", ""hours"": ""08:30 - 20:00""}]",,1.1381601,104.045066,https://www.google.com/maps/place/Winner+Millenium+Mansion/data=!4m7!3m6!1s0x31d98907b4467bdf:0xf3c57d18fda9e821!8m2!3d1.1381601!4d104.045066!16s%2Fg%2F11b7yssjr4!19sChIJ33tGtAeJ2TERIeip_Rh9xfM?authuser=0&hl=en&rclk=1,0,Retail,Indonesia.Batam.Toko Komputer.202410170720.db,1.13816,104.04507,duplicate_cross_file
2759,Top 100 Jodoh Supermarket,4.3,1469,0,Supermarket,,"Top 100 Jodoh 1st Floor, Jl. Raya Ali H. Komp. Batam Sentosa, Lubuk Baja Kota, Kec. Lubuk Baja, Kota Batam, Kepulauan Riau 29444, Indonesia","[{""day"": ""Saturday"", ""hours"": ""09:00 - 21:00""}, {""day"": ""Sunday"", ""hours"": ""09:00 - 21:00""}, {""day"": ""Monday"", ""hours"": ""09:00 - 21:00""}, {""day"": ""Tuesday"", ""hours"": ""09:00 - 21:00""}, {""day"": ""Wednesday"", ""hours"": ""09:00 - 21:00""}, {""day"": ""Thursday"", ""hours"": ""09:00 - 21:00""}, {""day"": ""Friday"", ""hours"": ""09:00 - 21:00""}]",+62 777 8451760,1.1471646,104.0036379,https://www.google.com/maps/place/Top+100+Jodoh+Supermarket/data=!4m7!3m6!1s0x31d98a2892745969:0xa9c5acf6225419a3!8m2!3d1.1471646!4d104.0036379!16s%2Fg%2F1pzv239yg!19sChIJaVl0kiiK2TERoxlUIvasxak?authuser=0&hl=en&rclk=1,0,Retail,Indonesia.Batam.Toko Komputer.202410170720.db,1.14716,104.00364,duplicate_cross_file
3357,TBS Group (ITSHOP),4.2,9061,0,Computer store,,"Jl. Nagoya Hill, Lubuk Baja Kota, Kec. Lubuk Baja, Kota Batam, Kepulauan Riau 29444, Indonesia","[{""day"": ""Saturday"", ""hours"": ""11:00 - 21:00""}, {""day"": ""Sunday"", ""hours"": ""11:00 - 21:00""}, {""day"": ""Monday"", ""hours"": ""11:00 - 21:00""}, {""day"": ""Tuesday"", ""hours"": ""11:00 - 21:00""}, {""day"": ""Wednesday"", ""hours"": ""11:00 - 21:00""}, {""day"": ""Thursday"", ""hours"": ""11:00 - 21:00""}, {""day"": ""Friday"", ""hours"": ""11:00 - 21:00""}]",+62 812-7738-2117,1.1461733,104.0118997,https://www.google.com/maps/place/TBS+Group/data=!4m7!3m6!1s0x31d9898358a2bad1:0x83feb5288913e59e!8m2!3d1.1461733!4d104.0118997!16s%2Fg%2F122h6zbg!19sChIJ0bqiWIOJ2TERnuUTiSi1_oM?authuser=0&hl=en&rclk=1,0,Retail,Indonesia.Batam.Toko Komputer.202410170720.db,1.14617,104.0119,duplicate_cross_file
3933,PT  Aztech Karya Mandiri,4.7,12,0,Computer store,,"Jalan jenderal sudirman Simpang Muka Kuning, Kepri Mall,Komplek Ruko Mall Blok V No 64, Sukajadi, Kec. Batam Kota, Kota Batam, Kepulauan Riau 29432, Indonesia","[{""day"": ""Saturday"", ""hours"": ""09:00 - 17:00""}, {""day"": ""Sunday"", ""hours"": ""11:00 - 16:00""}, {""day"": ""Monday"", ""hours"": ""09:00 - 19:00""}, {""day"": ""Tuesday"", ""hours"": ""09:00 - 19:00""}, {""day"": ""Wednesday"", ""hours"": ""09:00 - 19:00""}, {""day"": ""Thursday"", ""hours"": ""09:00 - 19:00""}, {""day"": ""Friday"", ""hours"": ""09:00 - 19:00""}]",+62 851-0011-5681,1.1001744,104.037199,https://www.google.com/maps/place/PT.+Aztech+Karya+Mandiri/data=!4m7!3m6!1s0x31d98ecc95dfa3bf:0xb20f302843d406ff!8m2!3d1.1001744!4d104.037199!16s%2Fg%2F11b7sy_s64!19sChIJv6PflcyO2TER_wbUQygwD7I?authuser=0&hl=en&rclk=1,0,Retail,Indonesia.Batam.Toko Komputer.202410170720.db,1.10017,104.0372,duplicate_cross_file
5756,Ivory Park (Midrand),1693.0,0,0,,,,[object Object],,-25.99566,28.1971031,https://www.google.com/maps/place/Ivory+Park/data=!4m7!3m6!1s0x1e95695352ea2c6b:0x73bc42e0eb49cd48!8m2!3d-25.99566!4d28.1971031!16zL20vMDZ0a3l3!19sChIJayzqUlNplR4RSM1J6-BCvHM?authuser=0&hl=en&rclk=1,0,Hospitality,Indonesia.Batam.Hotel.202408042041.db,,,rating_out_of_range
