id,name,rating,review,price_level,category,services,address,open_hours,phone,latitude,longitude,url,cluster,source_category,source_file,source_table,rejection_reason
43,Cindy Cosmetic (Cosmetics store),0.0,0,0,,,"Plaza Batamindo 1st Floor, JL Letjen Suprapto, Batamindo Industrial Park, Kabil, Batam, Kota Batam, Kepulauan Riau 29433, Indonesia",[],+62 770 611222,1.069968,104.02261,https://www.google.com/maps/place/Cindy+Cosmetic/data=!4m7!3m6!1s0x31d98e8ec2f0229b:0xf6078ac4d36506d6!8m2!3d1.069968!4d104.02261!16s%2Fg%2F1pzpnxxnt!19sChIJmyLwwo6O2TER1gZl08SKB_Y?authuser=0&hl=en&rclk=1,0,Retail,Indonesia.Batam.Cosmetics.202410290644.db,places,null_required_column
117,Rohani Rodiarni (Cosmetics store),0.0,0,0,,,"544J+768, Unnamed Road, Batu Besar, Kecamatan Nongsa, Kota Batam, Kepulauan Riau 29465, Indonesia",[],+62 882-7113-9790,1.155661,104.130586,https://www.google.com/maps/place/Rohani+Rodiarni/data=!4m7!3m6!1s0x31d9874f1bf44221:0xccf2547fc2a554a9!8m2!3d1.155661!4d104.130586!16s%2Fg%2F11nfv5l6s_!19sChIJIUL0G0-H2TERqVSlwn9U8sw?authuser=0&hl=en&rclk=1,0,Retail,Indonesia.Batam.Cosmetics.202410290644.db,places,null_required_column
118,Stockist AFC (Health and beauty shop),0.0,0,0,,,"Perum Green Nongsa City, Cluster Bougenville No.40, Batu Besar, Kecamatan Nongsa, Kota Batam, Kepulauan Riau 29465, Indonesia","[{""day"": ""Saturday"", ""hours"": ""08:00 - 20:00""}, {""day"": ""Sunday"", ""hours"": ""08:00 - 20:00""}, {""day"": ""Monday"", ""hours"": ""08:00 - 20:00""}, {""day"": ""Tuesday"", ""hours"": ""08:00 - 20:00""}, {""day"": ""Wednesday"", ""hours"": ""08:00 - 20:00""}, {""day"": ""Thursday"", ""hours"": ""08:00 - 20:00""}, {""day"": ""Friday"", ""hours"": ""08:00 - 20:00""}]",+62 818-0967-3397,1.1565038,104.1160688,https://www.google.com/maps/place/Stockist+AFC/data=!4m7!3m6!1s0x31d989f4e396a6d3:0x96fda4fd02b6d1dc!8m2!3d1.1565038!4d104.1160688!16s%2Fg%2F11smtz3n55!19sChIJ06aW4_SJ2TER3NG2Av2k_ZY?authuser=0&hl=en&rclk=1,0,Retail,Indonesia.Batam.Cosmetics.202410290644.db,places,null_required_column
198,PT Nardia Beauty Care (Beauty supply store),0.0,0,0,,,"Grand Batam Shopping Centre, Jl. Pembangunan Lt.1 No.30-31 Lt.1, Batu Selicin, Kec. Lubuk Baja, Kota Batam, Kepulauan Riau 29444, Indonesia","[{""day"": ""Saturday"", ""hours"": ""10:00 - 22:00""}, {""day"": ""Sunday"", ""hours"": ""10:00 - 22:00""}, {""day"": ""Monday"", ""hours"": ""10:00 - 22:00""}, {""day"": ""Tuesday"", ""hours"": ""10:00 - 22:00""}, {""day"": ""Wednesday"", ""hours"": ""10:00 - 22:00""}, {""day"": ""Thursday"", ""hours"": ""10:00 - 22:00""}, {""day"": ""Friday"", ""hours"": ""10:00 - 22:00""}]",+62 852-6435-2239,1.1321035,104.0103066,https://www.google.com/maps/place/PT+Nardia+Beauty+Care/data=!4m7!3m6!1s0x31d989b76f400653:0xb531e5197e81b0e6!8m2!3d1.1321035!4d104.0103066!16s%2Fg%2F11kpk7m_f5!19sChIJUwZAb7eJ2TER5rCBfhnlMbU?authuser=0&hl=en&rclk=1,0,Retail,Indonesia.Batam.Cosmetics.202410290644.db,places,null_required_column
246,Mua Bengkong Batam ( kristin_kalitmakeup) (Make-up artist),0.0,0,0,,,"Bengkong palapa swadaya Blk. E No.8, Tj. Sengkuang, Kec. Batu Ampar, Kota Batam, Kepulauan Riau 29432, Indonesia","[{""day"": ""Saturday"", ""hours"": ""00:00 - 23:59""}, {""day"": ""Sunday"", ""hours"": ""00:00 - 23:59""}, {""day"": ""Monday"", ""hours"": ""00:00 - 23:59""}, {""day"": ""Tuesday"", ""hours"": ""00:00 - 23:59""}, {""day"": ""Wednesday"", ""hours"": ""00:00 - 23:59""}, {""day"": ""Thursday"", ""hours"": ""00:00 - 23:59""}, {""day"": ""Friday"", ""hours"": ""00:00 - 23:59""}]",+62 813-6364-2148,1.1690192,104.0164352,https://www.google.com/maps/place/Mua+Bengkong+Batam+%28@kristin_kalitmakeup%29/data=!4m7!3m6!1s0x31d989b91149b6b9:0x4bf916af375dc9f0!8m2!3d1.1690192!4d104.0164352!16s%2Fg%2F11v64qpmtd!19sChIJubZJEbmJ2TER8MldN68W-Us?authuser=0&hl=en&rclk=1,0,Retail,Indonesia.Batam.Cosmetics.202410290644.db,places,null_required_column
300,Minimal Wangi Eau De Parfume (Cosmetics store),0.0,0,0,,,"Kios, Jl. Golden City Residence Jl. Golden Prawn No.46 blok B, Tanjung Buntung, Bengkong, Batam City, Riau Islands 29444, Indonesia",[],,1.1606714,104.0406967,https://www.google.com/maps/place/Minimal+Wangi+Eau+De+Parfume/data=!4m7!3m6!1s0x31d989004bb87fc7:0x8f67710e60c85d3a!8m2!3d1.1606714!4d104.0406967!16s%2Fg%2F11vywwcdkx!19sChIJx3-4SwCJ2TEROl3IYA5xZ48?authuser=0&hl=en&rclk=1,0,Retail,Indonesia.Batam.Cosmetics.202410290644.db,places,null_required_column
318,seven h f (Beauty salon),0.0,0,0,,,,[],+62 819-1102-0445,0.837166,104.053115,https://www.google.com/maps/place/seven.h.f/data=!4m7!3m6!1s0xaccce034b23a4d8f:0x1314802a535b4a67!8m2!3d0.837166!4d104.053115!16s%2Fg%2F11vpqh78qy!19sChIJj006sjTgzKwRZ0pbUyqAFBM?authuser=0&hl=en&rclk=1,0,Retail,Indonesia.Batam.Cosmetics.202410290644.db,places,null_required_column
319,PT  Distribusindo Cemerlang Jaya (Cosmetics wholesaler),0.0,0,0,,,,"[{""day"": ""Saturday"", ""hours"": ""08:00 - 13:00""}, {""day"": ""Sunday"", ""hours"": ""Closed""}, {""day"": ""Monday"", ""hours"": ""08:00 - 17:00""}, {""day"": ""Tuesday"", ""hours"": ""08:00 - 17:00""}, {""day"": ""Wednesday"", ""hours"": ""08:00 - 17:00""}, {""day"": ""Thursday"", ""hours"": ""08:00 - 17:00""}, {""day"": ""Friday"", ""hours"": ""08:00 - 17:00""}]",+62 821-7133-8370,0.837166,104.053115,https://www.google.com/maps/place/PT.+Distribusindo+Cemerlang+Jaya/data=!4m7!3m6!1s0x2686531489e3b8b3:0xe79b964013ebe9f8!8m2!3d0.837166!4d104.053115!16s%2Fg%2F11v_5dgm5p!19sChIJs7jjiRRThiYR-OnrE0CWm-c?authuser=0&hl=en&rclk=1,0,Retail,Indonesia.Batam.Cosmetics.202410290644.db,places,null_required_column
357,CAHAYA MENTARI SALON (Beauty salon),0.0,0,0,,,"Blk. D Jl. Dapur 12 No.41, Sungai Pelunggut, Kec. Sagulung, Kota Batam, Kepulauan Riau 29425, Indonesia",[],,1.0332538,103.9587578,"https://www.google.com/maps/place/CAHAYA+MENTARI+SALON/@1.0332538,103.9587578,17z/data=!3m1!4b1!4m6!3m5!1s0x31d98d78e846f5f1:0x830bb557067de4df!8m2!3d1.0332538!4d103.9587578!16s%2Fg%2F11y4vslvvq?authuser=0&hl=en&entry=ttu&g_ep=EgoyMDI0MTAyOS4wIKXMDSoASAFQAw%3D%3D",0,Retail,Indonesia.Batam.Cosmetics.202410290644.db,places,null_required_column
361,AdzaSalon Hair&Beauty (Beauty salon),0.0,0,0,,,"Jl. Dapur 12, Sungai Pelunggut, Kec. Sagulung, Kota Batam, Kepulauan Riau 29425, Indonesia","[{""day"": ""Saturday"", ""hours"": ""08:00 - 22:00""}, {""day"": ""Sunday"", ""hours"": ""08:00 - 22:00""}, {""day"": ""Monday"", ""hours"": ""08:00 - 22:00""}, {""day"": ""Tuesday"", ""hours"": ""08:00 - 22:00""}, {""day"": ""Wednesday"", ""hours"": ""08:00 - 22:00""}, {""day"": ""Thursday"", ""hours"": ""08:00 - 22:00""}, {""day"": ""Friday"", ""hours"": ""08:00 - 22:00""}]",+62 812-7622-4930,1.0294668,103.9588788,https://www.google.com/maps/place/AdzaSalon+Hair%26Beauty/data=!4m7!3m6!1s0x31d98d7fa6ea9e37:0x55ba9be17d28ad73!8m2!3d1.0294668!4d103.9588788!16s%2Fg%2F11j30ytbcd!19sChIJN57qpn-N2TERc60ofeGbulU?authuser=0&hl=en&rclk=1,0,Retail,Indonesia.Batam.Cosmetics.202410290644.db,places,null_required_column
377,Surya Salon04 (Beauty salon),0.0,0,0,,,"Dapur 12 Kavling Seroja Blok K no 53, Sungai Pelunggut, Kec. Sagulung, Kota Batam, Kepulauan Riau 29422, Indonesia","[{""day"": ""Saturday"", ""hours"": ""06:30 - 21:00""}, {""day"": ""Sunday"", ""hours"": ""06:30 - 21:00""}, {""day"": ""Monday"", ""hours"": ""06:30 - 21:00""}, {""day"": ""Tuesday"", ""hours"": ""06:30 - 21:00""}, {""day"": ""Wednesday"", ""hours"": ""06:30 - 21:00""}, {""day"": ""Thursday"", ""hours"": ""06:30 - 21:00""}, {""day"": ""Friday"", ""hours"": ""06:30 - 21:00""}]",+62 878-6951-5696,1.0297132,103.9514582,https://www.google.com/maps/place/Surya+Salon04/data=!4m7!3m6!1s0x31d98dd2caec6223:0x6a8311b82949f676!8m2!3d1.0297132!4d103.9514582!16s%2Fg%2F11pz0fgkmr!19sChIJI2LsytKN2TERdvZJKbgRg2o?authuser=0&hl=en&rclk=1,0,Retail,Indonesia.Batam.Cosmetics.202410290644.db,places,null_required_column
390,Salon Hariyati (Beauty salon),0.0,0,0,,,"Ruko BBC, Jl. Dapur 12 blok E no 12 A, Sungai Pelunggut, Kec. Batu Aji, Kota Batam, Kepulauan Riau 29439, Indonesia",[],+62 822-8511-0878,1.0339807,103.9596262,https://www.google.com/maps/place/Salon+Hariyati/data=!4m7!3m6!1s0x31d98fb452fa176f:0x555e4b6fcfd27caa!8m2!3d1.0339807!4d103.9596262!16s%2Fg%2F11vfb9htpj!19sChIJbxf6UrSP2TERqnzSz29LXlU?authuser=0&hl=en&rclk=1,0,Retail,Indonesia.Batam.Cosmetics.202410290644.db,places,null_required_column
403,Maita's Makeup (Beauty salon),0.0,0,0,,,"22F3+C8W, Tembesi, Sagulung, Batam City, Riau Islands 29472, Indonesia","[{""day"": ""Saturday"", ""hours"": ""00:00 - 23:59""}, {""day"": ""Sunday"", ""hours"": ""00:00 - 23:59""}, {""day"": ""Monday"", ""hours"": ""00:00 - 23:59""}, {""day"": ""Tuesday"", ""hours"": ""00:00 - 23:59""}, {""day"": ""Wednesday"", ""hours"": ""00:00 - 23:59""}, {""day"": ""Thursday"", ""hours"": ""00:00 - 23:59""}, {""day"": ""Friday"", ""hours"": ""00:00 - 23:59""}]",,1.023612,104.0033161,"https://www.google.com/maps/place/Maita's+Makeup/@1.023612,104.0033161,17z/data=!3m1!4b1!4m6!3m5!1s0x31d993007b4c8e63:0x843d57af7fd18299!8m2!3d1.023612!4d104.0033161!16s%2Fg%2F11vr04jskf?authuser=0&hl=en&entry=ttu&g_ep=EgoyMDI0MTAyOS4wIKXMDSoASAFQAw%3D%3D",0,Retail,Indonesia.Batam.Cosmetics.202410290644.db,places,null_required_column
417,Jenny Beautician (Beauty salon),0.0,0,0,,,"Jenny Beautician, bcs mall, Blk. E1 No.03 lantai 2, Tembesi, Kec. Sagulung, Kota Batam, Kepulauan Riau 29431, Indonesia",[],+62 819-3890-7999,1.0364125,103.9912031,https://www.google.com/maps/place/Jenny+Beautician/data=!4m7!3m6!1s0x31d98d4a62a99b77:0xe5af7919a5afd911!8m2!3d1.0364125!4d103.9912031!16s%2Fg%2F11v9k4gjzv!19sChIJd5upYkqN2TEREdmvpRl5r-U?authuser=0&hl=en&rclk=1,0,Retail,Indonesia.Batam.Cosmetics.202410290644.db,places,null_required_column
433,MS GLOW RINDY (Cosmetics store),0.0,0,0,,,"Jl. Permata Asri Pratama II, Duriangkang, Kec. Sei Beduk, Kota Batam, Kepulauan Riau 29433, Indonesia","[{""day"": ""Saturday"", ""hours"": ""08:00 - 23:00""}, {""day"": ""Sunday"", ""hours"": ""08:00 - 23:00""}, {""day"": ""Monday"", ""hours"": ""08:00 - 23:00""}, {""day"": ""Tuesday"", ""hours"": ""08:00 - 23:00""}, {""day"": ""Wednesday"", ""hours"": ""08:00 - 23:00""}, {""day"": ""Thursday"", ""hours"": ""08:00 - 23:00""}, {""day"": ""Friday"", ""hours"": ""08:00 - 23:00""}]",+62 815-3767-3391,1.0263903,104.0569217,https://www.google.com/maps/place/MS+GLOW+RINDY/data=!4m7!3m6!1s0x31d99160bdbb79f1:0x2f4b7b83351e72d4!8m2!3d1.0263903!4d104.0569217!16s%2Fg%2F11lsz15_d9!19sChIJ8Xm7vWCR2TER1HIeNYN7Sy8?authuser=0&hl=en&rclk=1,0,Retail,Indonesia.Batam.Cosmetics.202410290644.db,places,null_required_column
435,MS GLOW ORIGINAL BATAM (Cosmetics store),0.0,0,0,,,"Jl. Pesona Bukit Laguna No.2, Tj. Piayu, Kecamatan Nongsa, Kota Batam, Kepulauan Riau 29433, Indonesia","[{""day"": ""Saturday"", ""hours"": ""07:30 - 23:00""}, {""day"": ""Sunday"", ""hours"": ""07:30 - 23:00""}, {""day"": ""Monday"", ""hours"": ""07:30 - 23:00""}, {""day"": ""Tuesday"", ""hours"": ""07:30 - 23:00""}, {""day"": ""Wednesday"", ""hours"": ""07:30 - 23:00""}, {""day"": ""Thursday"", ""hours"": ""07:30 - 23:00""}, {""day"": ""Friday"", ""hours"": ""07:30 - 23:00""}]",+62 812-6716-2004,1.0083479,104.0783615,"https://www.google.com/maps/place/MS+GLOW+ORIGINAL+BATAM/@1.0083479,104.0783615,17z/data=!3m1!4b1!4m6!3m5!1s0x31d991459dfab3e9:0x5336642d1c4c5724!8m2!3d1.0083479!4d104.0783615!16s%2Fg%2F11pqs2qz3t?authuser=0&hl=en&entry=ttu&g_ep=EgoyMDI0MTAyOS4wIKXMDSoASAFQAw%3D%3D",0,Retail,Indonesia.Batam.Cosmetics.202410290644.db,places,null_required_column
453,ANITA NASA (Cosmetics store),0.0,0,0,,,"235H+922, Jl. Pesona Bukit Laguna, Tj. Piayu, Kec. Sei Beduk, Kota Batam, Kepulauan Riau 29433, Indonesia",[],+62 812-7767-1703,1.0083781,104.0775018,"https://www.google.com/maps/place/ANITA+NASA/@1.0083781,104.0775018,17z/data=!3m1!4b1!4m6!3m5!1s0x31d9918e4b8ab737:0x34dc6bb398e7f1ab!8m2!3d1.0083781!4d104.0775018!16s%2Fg%2F11hzvg8k2g?authuser=0&hl=en&entry=ttu&g_ep=EgoyMDI0MTAyOS4wIKXMDSoASAFQAw%3D%3D",0,Retail,Indonesia.Batam.Cosmetics.202410290644.db,places,null_required_column
455,Baba Parfume Store Yolvi Saputra (Cosmetics store),0.0,0,0,,,"Ruko Komp. Mega Legenda 2 Blok C3 No. 21, Baloi Permai, Kec. Batam Kota, Kota Batam, Kepulauan Riau 29463, Indonesia","[{""day"": ""Saturday"", ""hours"": ""09:00 - 22:00""}, {""day"": ""Sunday"", ""hours"": ""09:00 - 22:00""}, {""day"": ""Monday"", ""hours"": ""09:00 - 22:00""}, {""day"": ""Tuesday"", ""hours"": ""09:00 - 22:00""}, {""day"": ""Wednesday"", ""hours"": ""09:00 - 22:00""}, {""day"": ""Thursday"", ""hours"": ""09:00 - 22:00""}, {""day"": ""Friday"", ""hours"": ""09:00 - 22:00""}]",+62 877-1938-8332,1.035181,104.0563138,https://www.google.com/maps/place/Baba+Parfume+Store+Yolvi+Saputra/data=!4m7!3m6!1s0x31d98f6a8e5d9589:0xc54a4dbaf420cf54!8m2!3d1.035181!4d104.0563138!16s%2Fg%2F11w9cm741l!19sChIJiZVdjmqP2TERVM8g9LpNSsU?authuser=0&hl=en&rclk=1,0,Retail,Indonesia.Batam.Cosmetics.202410290644.db,places,null_required_column
623,Greenland Hotel,4.2,380,0,,,"Komplek, Jl. Ruko Greenland No.10 - 16 Blok J, Teluk Tering, Batam Kota, Batam City, Riau Islands 29432, Indonesia","[{""day"": ""Saturday"", ""hours"": ""00:00 - 23:59""}, {""day"": ""Sunday"", ""hours"": ""00:00 - 23:59""}, {""day"": ""Monday"", ""hours"": ""00:00 - 23:59""}, {""day"": ""Tuesday"", ""hours"": ""00:00 - 23:59""}, {""day"": ""Wednesday"", ""hours"": ""00:00 - 23:59""}, {""day"": ""Thursday"", ""hours"": ""00:00 - 23:59""}, {""day"": ""Friday"", ""hours"": ""00:00 - 23:59""}]",+62 778 468991,1.1246442,104.0486972,https://www.google.com/maps/place/Greenland+Hotel/data=!4m10!3m9!1s0x31d9891eb7a30ee5:0x2cf8d2c5ac4991e1!5m2!4m1!1i2!8m2!3d1.1246442!4d104.0486972!16s%2Fg%2F11hbr81jgq!19sChIJ5Q6jtx6J2TER4ZFJrMXS-Cw?authuser=0&hl=en&rclk=1,0,Retail,Indonesia.Batam.Cosmetics.202410290644.db,places,null_required_column
713,DIAN OLSHOP BATAM (Cosmetics store),0.0,0,0,,,"526G+M5W, Tanjung Buntung, Bengkong, Batam City, Riau Islands 29444, Indonesia",[],+62 899-2341-991,1.161522,104.0253197,https://www.google.com/maps/place/DIAN+OLSHOP+BATAM/data=!4m7!3m6!1s0x31d989d51278a84f:0x5d16e2abdbe27927!8m2!3d1.161522!4d104.0253197!16s%2Fg%2F11tftsqbqn!19sChIJT6h4EtWJ2TERJ3ni26viFl0?authuser=0&hl=en&rclk=1,0,Retail,Indonesia.Batam.Cosmetics.202410290644.db,places,null_required_column
797,Toko Selly Kosmetik (Cosmetics store),0.0,0,0,,,"SP Plaza, Blk. T No.3, Tembesi, Sagulung, Batam City, Riau Islands 29424, Indonesia",[],,1.1001754,103.962043,https://www.google.com/maps/place/Toko+Selly+Kosmetik/data=!4m7!3m6!1s0x31d98d000e1d8049:0x62eccf6f307aed2d!8m2!3d1.1001754!4d103.962043!16s%2Fg%2F11ldx6wjc1!19sChIJSYAdDgCN2TERLe16MG_P7GI?authuser=0&hl=en&rclk=1,0,Retail,Indonesia.Batam.Cosmetics.202410290644.db,places,null_required_column
813,CENTURY (Pharmacy),0.0,0,0,,,"KOMPLEK NAGOYA BUSINESS CENTER, Jl. Teuku Umar No.19, Lubuk Baja Kota, Kec. Lubuk Baja, Kota Batam, Kepulauan Riau 29444, Indonesia","[{""day"": ""Saturday"", ""hours"": ""08:00 - 22:00""}, {""day"": ""Sunday"", ""hours"": ""08:00 - 22:00""}, {""day"": ""Monday"", ""hours"": ""08:00 - 22:00""}, {""day"": ""Tuesday"", ""hours"": ""08:00 - 22:00""}, {""day"": ""Wednesday"", ""hours"": ""08:00 - 22:00""}, {""day"": ""Thursday"", ""hours"": ""08:00 - 22:00""}, {""day"": ""Friday"", ""hours"": ""08:00 - 22:00""}]",+62 778 426757,1.1446528,104.0173375,https://www.google.com/maps/place/CENTURY/data=!4m7!3m6!1s0x31d989dd1b59b82d:0xb6ca648a66248edb!8m2!3d1.1446528!4d104.0173375!16s%2Fg%2F11h5sn37w6!19sChIJLbhZG92J2TER244kZopkyrY?authuser=0&hl=en&rclk=1,0,Retail,Indonesia.Batam.Cosmetics.202410290644.db,places,null_required_column
885,stokist skinaro batam (Beauty product supplier),0.0,0,0,,,"Jl. Kav. Senjulung, Kabil, Kecamatan Nongsa, Kota Batam, Kepulauan Riau 29467, Indonesia","[{""day"": ""Saturday"", ""hours"": ""10:00 - 21:30""}, {""day"": ""Sunday"", ""hours"": ""10:00 - 21:30""}, {""day"": ""Monday"", ""hours"": ""10:00 - 21:30""}, {""day"": ""Tuesday"", ""hours"": ""10:00 - 21:30""}, {""day"": ""Wednesday"", ""hours"": ""10:00 - 21:00""}, {""day"": ""Thursday"", ""hours"": ""10:00 - 21:30""}, {""day"": ""Friday"", ""hours"": ""10:00 - 21:30""}]",+62 813-3307-3897,1.0629808,104.1173662,https://www.google.com/maps/place/stokist+skinaro+batam/data=!4m7!3m6!1s0x31d98550a0e494f7:0x4e0990d6f3222e4a!8m2!3d1.0629808!4d104.1173662!16s%2Fg%2F11v6dd_4wz!19sChIJ95TkoFCF2TERSi4i89aQCU4?authuser=0&hl=en&rclk=1,0,Retail,Indonesia.Batam.Cosmetics.202410290644.db,places,null_required_column
917,Stokis Zalina Drwskincare (Cosmetics store),0.0,0,0,,,"34FC+639, Kabil, Nongsa, Batam City, Riau Islands 29467, Indonesia","[{""day"": ""Saturday"", ""hours"": ""07:00 - 22:00""}, {""day"": ""Sunday"", ""hours"": ""Closed""}, {""day"": ""Monday"", ""hours"": ""07:00 - 22:00""}, {""day"": ""Tuesday"", ""hours"": ""07:00 - 22:00""}, {""day"": ""Wednesday"", ""hours"": ""07:00 - 22:00""}, {""day"": ""Thursday"", ""hours"": ""07:00 - 22:00""}, {""day"": ""Friday"", ""hours"": ""07:00 - 22:00""}]",+62 822-8720-1866,1.0730415,104.1202443,"https://www.google.com/maps/place/Stokis+Zalina+Drwskincare/@1.0730415,104.1202443,17z/data=!3m1!4b1!4m6!3m5!1s0x31d9855a00926573:0xe6ae3d679ec3304b!8m2!3d1.0730415!4d104.1202443!16s%2Fg%2F11n37bxrbt?authuser=0&hl=en&entry=ttu&g_ep=EgoyMDI0MTAyOS4wIKXMDSoASAFQAw%3D%3D",0,Retail,Indonesia.Batam.Cosmetics.202410290644.db,places,null_required_column
965,Ara Beauty (Cosmetics store),0.0,0,0,,,"Ruko Botania 2 Block B18. 7, Kota Batam, Kepulauan Riau 29414, Indonesia",[],+62 821-1592-0663,1.1075325,104.0877047,"https://www.google.com/maps/place/Ara+Beauty/@1.1075325,104.0877047,17z/data=!3m1!4b1!4m6!3m5!1s0x31d989e3e2fd7c55:0x78a35a644394bf62!8m2!3d1.1075325!4d104.0877047!16s%2Fg%2F11txtl9g4p?authuser=0&hl=en&entry=ttu&g_ep=EgoyMDI0MTAyOS4wIKXMDSoASAFQAw%3D%3D",0,Retail,Indonesia.Batam.Cosmetics.202410290644.db,places,null_required_column
1047,APOTEK WATSONS NAGOYA HILL BATAM (Health and beauty shop),0.0,0,0,,,"Nagoya Hill Superblok, Komplek Lantai 1 Unit SA-3A, Lubuk Baja Kota, Kec. Lubuk Baja, Kota Batam, Kepulauan Riau 29432, Indonesia","[{""day"": ""Saturday"", ""hours"": ""10:00 - 22:00""}, {""day"": ""Sunday"", ""hours"": ""10:00 - 22:00""}, {""day"": ""Monday"", ""hours"": ""10:00 - 22:00""}, {""day"": ""Tuesday"", ""hours"": ""10:00 - 22:00""}, {""day"": ""Wednesday"", ""hours"": ""10:00 - 22:00""}, {""day"": ""Thursday"", ""hours"": ""10:00 - 22:00""}, {""day"": ""Friday"", ""hours"": ""10:00 - 22:00""}]",,1.1466136,104.0135039,https://www.google.com/maps/place/APOTEK+WATSONS+NAGOYA+HILL+BATAM/data=!4m7!3m6!1s0x31d98928648c9247:0x1163e65c0d50976c!8m2!3d1.1466136!4d104.0135039!16s%2Fg%2F11lnvk_d4j!19sChIJR5KMZCiJ2TERbJdQDVzmYxE?authuser=0&hl=en&rclk=1,0,Retail,Indonesia.Batam.Cosmetics.202410290644.db,places,null_required_column
1073,PT  Citramedi Farma (Pharmacy),0.0,0,0,,,"Jl. Imam Bonjol-Komplek Nagoya Newtown No.16, Lubuk Baja Kota, Kec. Lubuk Baja, Kota Batam, Kepulauan Riau 29444, Indonesia","[{""day"": ""Saturday"", ""hours"": ""10:00 - 22:00""}, {""day"": ""Sunday"", ""hours"": ""10:00 - 22:00""}, {""day"": ""Monday"", ""hours"": ""10:00 - 22:00""}, {""day"": ""Tuesday"", ""hours"": ""10:00 - 22:00""}, {""day"": ""Wednesday"", ""hours"": ""10:00 - 22:00""}, {""day"": ""Thursday"", ""hours"": ""10:00 - 22:00""}, {""day"": ""Friday"", ""hours"": ""10:00 - 22:00""}]",+62 778 465244,1.1428012,104.0063675,"https://www.google.com/maps/place/PT.+Citramedi+Farma/@1.1428012,104.0063675,17z/data=!3m1!4b1!4m6!3m5!1s0x31d98a29f70315bb:0xd2fd6495a8c4011e!8m2!3d1.1428012!4d104.0063675!16s%2Fg%2F11bc7npxv2?authuser=0&hl=en&entry=ttu&g_ep=EgoyMDI0MTAyOS4wIKXMDSoASAFQAw%3D%3D",0,Retail,Indonesia.Batam.Cosmetics.202410290644.db,places,null_required_column
1076,Baba parfume nagoya (Perfume store),0.0,0,0,,,"Komplek windsore square blok B no 73 Nagoya jodoh, Kota Batam, Kepulauan Riau, Indonesia",[],+62 813-6390-7725,1.1481052,104.0068181,https://www.google.com/maps/place/Baba+parfume+nagoya/data=!4m7!3m6!1s0x31d98b455ad5bea3:0x1db930de3afcc076!8m2!3d1.1481052!4d104.0068181!16s%2Fg%2F11ltjvq2hf!19sChIJo77VWkWL2TERdsD8Ot4wuR0?authuser=0&hl=en&rclk=1,0,Retail,Indonesia.Batam.Cosmetics.202410290644.db,places,null_required_column
1079,Eleora Batam (Cosmetics store),0.0,0,0,,,"Jl. Komp. Sei Nayon Gg. Pesisir 7 No.3, RT.02/RW.12, Sadai, Kec. Bengkong, Kota Batam, Kepulauan Riau 29123, Indonesia","[{""day"": ""Saturday"", ""hours"": ""None - 10:00""}, {""day"": ""Sunday"", ""hours"": ""Closed""}, {""day"": ""Monday"", ""hours"": ""None - 09:30""}, {""day"": ""Tuesday"", ""hours"": ""09:00 - 17:00""}, {""day"": ""Wednesday"", ""hours"": ""09:00 - 17:00""}, {""day"": ""Thursday"", ""hours"": ""09:00 - 17:00""}, {""day"": ""Friday"", ""hours"": ""09:00 - 17:00""}]",+62 811-7006-732,1.152233,104.0425192,https://www.google.com/maps/place/Eleora+Batam/data=!4m7!3m6!1s0x31d9899e123500e5:0x963df51fe7d04d7b!8m2!3d1.152233!4d104.0425192!16s%2Fg%2F11rmnz2xw8!19sChIJ5QA1Ep6J2TERe03Q5x_1PZY?authuser=0&hl=en&rclk=1,0,Retail,Indonesia.Batam.Cosmetics.202410290644.db,places,null_required_column
1105,Jessica Putri (Hair salon),0.0,0,0,,,"Ruko Tunas Bizpark Blok B No. 3A, Deretan Top 100 KDA, Kota Batam, Kepulauan Riau 29464, Indonesia","[{""day"": ""Saturday"", ""hours"": ""10:00 - 22:00""}, {""day"": ""Sunday"", ""hours"": ""10:00 - 22:00""}, {""day"": ""Monday"", ""hours"": ""10:00 - 22:00""}, {""day"": ""Tuesday"", ""hours"": ""10:00 - 22:00""}, {""day"": ""Wednesday"", ""hours"": ""10:00 - 22:00""}, {""day"": ""Thursday"", ""hours"": ""10:00 - 22:00""}, {""day"": ""Friday"", ""hours"": ""10:00 - 22:00""}]",+62 821-6902-7604,1.1402349,104.01191,https://www.google.com/maps/place/Jessica+Putri/data=!4m7!3m6!1s0x31d989819402dcb7:0x67d4bbac2454179b!8m2!3d1.1402349!4d104.01191!16s%2Fg%2F11byhlb1z_!19sChIJt9wClIGJ2TERmxdUJKy71Gc?authuser=0&hl=en&rclk=1,0,Retail,Indonesia.Batam.Cosmetics.202410290644.db,places,null_required_column
1167,Sunshine Shop (Cosmetics store),0.0,0,0,,,"Marbella 2 F11/18, Belian, Batam Kota, Batam City, Riau Islands 29465, Indonesia","[{""day"": ""Saturday"", ""hours"": ""00:00 - 23:59""}, {""day"": ""Sunday"", ""hours"": ""00:00 - 23:59""}, {""day"": ""Monday"", ""hours"": ""00:00 - 23:59""}, {""day"": ""Tuesday"", ""hours"": ""00:00 - 23:59""}, {""day"": ""Wednesday"", ""hours"": ""00:00 - 23:59""}, {""day"": ""Thursday"", ""hours"": ""00:00 - 23:59""}, {""day"": ""Friday"", ""hours"": ""00:00 - 23:59""}]",+62 821-9421-4223,1.123789,104.1011531,https://www.google.com/maps/place/Sunshine+Shop/data=!4m7!3m6!1s0x31d987e66ce2376d:0x628ea64008076e2e!8m2!3d1.123789!4d104.1011531!16s%2Fg%2F11q9j40snb!19sChIJbTfibOaH2TERLm4HCECmjmI?authuser=0&hl=en&rclk=1,0,Retail,Indonesia.Batam.Cosmetics.202410290644.db,places,null_required_column
1173,Rina Bening's Batam (Cosmetic products manufacturer),0.0,0,0,,,"Perum. Angkasa Jl. Raya Marina City, Tj. Riau, Kec. Sekupang, Kota Batam, Kepulauan Riau 29427, Indonesia",[],+62 813-6385-2926,1.0597298,103.934617,https://www.google.com/maps/place/Rina+Bening%27s+Batam/data=!4m7!3m6!1s0x31d98d6f4849b6a9:0xb4fcf3094c67e5dc!8m2!3d1.0597298!4d103.934617!16s%2Fg%2F11j_62clnr!19sChIJqbZJSG-N2TER3OVnTAnz_LQ?authuser=0&hl=en&rclk=1,0,Retail,Indonesia.Batam.Cosmetics.202410290644.db,places,null_required_column
1261,Laskin Beauty Skincare Batam (Health and beauty shop),0.0,0,0,,,"Kav. Manggis, Blk. G No.7, Tj. Piayu, Kec. Sei Beduk, Kota Batam, Kepulauan Riau 29433, Indonesia","[{""day"": ""Saturday"", ""hours"": ""07:00 - 21:00""}, {""day"": ""Sunday"", ""hours"": ""07:00 - 21:00""}, {""day"": ""Monday"", ""hours"": ""07:00 - 21:00""}, {""day"": ""Tuesday"", ""hours"": ""07:00 - 21:00""}, {""day"": ""Wednesday"", ""hours"": ""07:00 - 21:00""}, {""day"": ""Thursday"", ""hours"": ""07:00 - 21:00""}, {""day"": ""Friday"", ""hours"": ""07:00 - 21:00""}]",+62 852-6427-4386,1.028013,104.0614364,https://www.google.com/maps/place/Laskin+Beauty+Skincare+Batam/data=!4m7!3m6!1s0x31d98feb03b98b59:0x84b2897bafa3595d!8m2!3d1.028013!4d104.0614364!16s%2Fg%2F11pzfbn_6c!19sChIJWYu5A-uP2TERXVmjr3uJsoQ?authuser=0&hl=en&rclk=1,0,Retail,Indonesia.Batam.Cosmetics.202410290644.db,places,null_required_column
1320,Dylan (Cosmetics store),0.0,0,0,,,"42W5+MHG, Lubuk Baja Kota, Lubuk Baja, Batam City, Riau Islands 29444, Indonesia",[],+62 778 473288,1.1466778,104.0089422,https://www.google.com/maps/place/Dylan/data=!4m7!3m6!1s0x31d98987beebbf43:0x682f90f6b39e0c18!8m2!3d1.1466778!4d104.0089422!16s%2Fg%2F11bc7t5ppm!19sChIJQ7_rvoeJ2TERGAyes_aQL2g?authuser=0&hl=en&rclk=1,0,Retail,Indonesia.Batam.Cosmetics.202410290644.db,places,null_required_column
1330,Ariano store (Cosmetics store),0.0,0,0,,,"Jl. Pesona Bukit Laguna tahap 4 blok G no 12 A, Kabil, Kecamatan Nongsa, Kota Batam, Kepulauan Riau 29433, Indonesia",[],+62 852-7160-8184,1.0094471,104.0723414,https://www.google.com/maps/place/Ariano+store/data=!4m7!3m6!1s0x31d991001b6c0187:0x4990f014ea79d2ef!8m2!3d1.0094471!4d104.0723414!16s%2Fg%2F11vxp9y6nh!19sChIJhwFsGwCR2TER79J56hTwkEk?authuser=0&hl=en&rclk=1,0,Retail,Indonesia.Batam.Cosmetics.202410290644.db,places,null_required_column
1345,Dyn's Beauty Eyelash Studio (Beauty salon),0.0,0,0,,,"42FF+FX4, Jl. Orchid Park, Taman Baloi, Kec. Batam Kota, Kota Batam, Kepulauan Riau 29444, Indonesia","[{""day"": ""Saturday"", ""hours"": ""08:00 - 20:00""}, {""day"": ""Sunday"", ""hours"": ""08:00 - 20:00""}, {""day"": ""Monday"", ""hours"": ""08:00 - 20:00""}, {""day"": ""Tuesday"", ""hours"": ""08:00 - 20:00""}, {""day"": ""Wednesday"", ""hours"": ""08:00 - 20:00""}, {""day"": ""Thursday"", ""hours"": ""08:00 - 20:00""}, {""day"": ""Friday"", ""hours"": ""08:00 - 20:00""}]",+62 896-7770-8288,1.1236448,104.0249682,https://www.google.com/maps/place/Dyn%27s+Beauty+Eyelash+Studio/data=!4m7!3m6!1s0x31d9890073ca788b:0xb432c852c6c06cf9!8m2!3d1.1236448!4d104.0249682!16s%2Fg%2F11lck659nc!19sChIJi3jKcwCJ2TER-WzAxlLIMrQ?authuser=0&hl=en&rclk=1,0,Retail,Indonesia.Batam.Cosmetics.202410290644.db,places,null_required_column
1493,My Beauty Storee (Cosmetics store),0.0,0,0,,,"Jl. Golden City Jaya No.3a, Tj. Buntung, Kec. Bengkong, Kota Batam, Kepulauan Riau, Indonesia","[{""day"": ""Saturday"", ""hours"": ""11:00 - 23:00""}, {""day"": ""Sunday"", ""hours"": ""11:00 - 23:00""}, {""day"": ""Monday"", ""hours"": ""11:00 - 23:00""}, {""day"": ""Tuesday"", ""hours"": ""11:00 - 23:00""}, {""day"": ""Wednesday"", ""hours"": ""11:00 - 23:00""}, {""day"": ""Thursday"", ""hours"": ""11:00 - 23:00""}, {""day"": ""Friday"", ""hours"": ""11:00 - 23:00""}]",+62 895-2010-6009,1.1649034,104.0391207,"https://www.google.com/maps/place/My+Beauty+Storee/@1.1649034,104.0391207,17z/data=!3m1!4b1!4m6!3m5!1s0x31d989003d658c8d:0x832f7cb8f2f5d0c0!8m2!3d1.1649034!4d104.0391207!16s%2Fg%2F11w32pytry?authuser=0&hl=en&entry=ttu&g_ep=EgoyMDI0MTAyOS4wIKXMDSoASAFQAw%3D%3D",0,Retail,Indonesia.Batam.Cosmetics.202410290644.db,places,null_required_column
1521,Sari Ayu Indonesia  PT (Cosmetics store),0.0,0,0,,,"Jl. Yos Sudarso, No. 2, Batu Ampar, Komplek Lobindo Industrial Park, Bengkong Laut, Kec. Bengkong, Kota Batam, Kepulauan Riau 29444, Indonesia","[{""day"": ""Saturday"", ""hours"": ""10:00 - 21:00""}, {""day"": ""Sunday"", ""hours"": ""10:00 - 21:00""}, {""day"": ""Monday"", ""hours"": ""10:00 - 21:00""}, {""day"": ""Tuesday"", ""hours"": ""10:00 - 21:00""}, {""day"": ""Wednesday"", ""hours"": ""10:00 - 21:00""}, {""day"": ""Thursday"", ""hours"": ""10:00 - 21:00""}, {""day"": ""Friday"", ""hours"": ""10:00 - 21:00""}]",+62 778 451768,1.1591844,104.0180591,https://www.google.com/maps/place/Sari+Ayu+Indonesia.+PT/data=!4m7!3m6!1s0x31d989f28ff1dcfd:0x48ebfc956d9e69b3!8m2!3d1.1591844!4d104.0180591!16s%2Fg%2F1pzr10x9w!19sChIJ_dzxj_KJ2TERs2mebZX860g?authuser=0&hl=en&rclk=1,0,Retail,Indonesia.Batam.Cosmetics.202410290644.db,places,null_required_column
1526,Anzora Skincare Batam (Beauty salon),0.0,0,0,,,"Jl. Pasir Putih, Sadai, Kec. Bengkong, Kota Batam, Kepulauan Riau, Indonesia",[],+62 813-6320-1908,1.139299,104.0477682,https://www.google.com/maps/place/Anzora+Skincare+Batam/data=!4m7!3m6!1s0x31d989c3897917ab:0xa372829c0592ca65!8m2!3d1.139299!4d104.0477682!16s%2Fg%2F11t9p6tw6p!19sChIJqxd5icOJ2TERZcqSBZyCcqM?authuser=0&hl=en&rclk=1,0,Retail,Indonesia.Batam.Cosmetics.202410290644.db,places,null_required_column
1596,Perumahan cendana tahap 4 (Grocery store),0.0,0,0,,,"432Q+H5C, Belian, Batam Kota, Batam City, Riau Islands 29433, Indonesia","[{""day"": ""Saturday"", ""hours"": ""07:00 - 22:00""}, {""day"": ""Sunday"", ""hours"": ""07:00 - 22:00""}, {""day"": ""Monday"", ""hours"": ""07:00 - 22:00""}, {""day"": ""Tuesday"", ""hours"": ""07:00 - 22:00""}, {""day"": ""Wednesday"", ""hours"": ""07:00 - 22:00""}, {""day"": ""Thursday"", ""hours"": ""07:00 - 22:00""}, {""day"": ""Friday"", ""hours"": ""07:00 - 22:00""}]",,1.1104,104.055,https://www.google.com/maps/place/Perumahan+cendana+tahap+4/data=!4m7!3m6!1s0x31d98982729988a5:0xe4fd00ef8dbb7f65!8m2!3d1.1104!4d104.055!16s%2Fg%2F11kqspxcm2!19sChIJpYiZcoKJ2TERZX-7je8A_eQ?authuser=0&hl=en&rclk=1,0,Retail,Indonesia.Batam.Cosmetics.202410290644.db,places,null_required_column
1770,milagros batu aji rizky (Health and beauty shop),0.0,0,0,,,"peerumahan permata hijau blok t no 5, Tj. Uncang, Kec. Batu Aji, Kota Batam, Kepulauan Riau 29425, Indonesia","[{""day"": ""Saturday"", ""hours"": ""00:00 - 23:59""}, {""day"": ""Sunday"", ""hours"": ""00:00 - 23:59""}, {""day"": ""Monday"", ""hours"": ""00:00 - 23:59""}, {""day"": ""Tuesday"", ""hours"": ""00:00 - 23:59""}, {""day"": ""Wednesday"", ""hours"": ""00:00 - 23:59""}, {""day"": ""Thursday"", ""hours"": ""00:00 - 23:59""}, {""day"": ""Friday"", ""hours"": ""00:00 - 23:59""}]",+62 812-7510-6714,1.0600945,103.9202057,https://www.google.com/maps/place/milagros+batu+aji+rizky/data=!4m7!3m6!1s0x31d98db8413efa9d:0x2ca8c80e9c3fc769!8m2!3d1.0600945!4d103.9202057!16s%2Fg%2F11gyz26w2b!19sChIJnfo-QbiN2TERacc_nA7IqCw?authuser=0&hl=en&rclk=1,0,Retail,Indonesia.Batam.Cosmetics.202410290644.db,places,null_required_column
1783,Toko nacita (Perfume store),0.0,0,0,,,"Jl. Permata Laguna No.12B blok B6, Tj. Uncang, Kec. Batu Aji, Kota Batam, Kepulauan Riau 29425, Indonesia",[],,1.0553718,103.9411824,https://www.google.com/maps/place/Toko+nacita/data=!4m7!3m6!1s0x31d98d00307a4c29:0x55630abb7194b63d!8m2!3d1.0553718!4d103.9411824!16s%2Fg%2F11vwxmn_w1!19sChIJKUx6MACN2TERPbaUcbsKY1U?authuser=0&hl=en&rclk=1,0,Retail,Indonesia.Batam.Cosmetics.202410290644.db,places,null_required_column
1786,Sative Perfume (Perfume store),0.0,0,0,,,"rumah warna putih, SMK Teladan blok, Perumahan Taman Batu Aji Indah Tahap 1 (PJB 1, dibelakang i no.3, Kota Batam, Kepulauan Riau 29439, Indonesia","[{""day"": ""Saturday"", ""hours"": ""08:00 - 17:00""}, {""day"": ""Sunday"", ""hours"": ""08:00 - 17:00""}, {""day"": ""Monday"", ""hours"": ""09:00 - 17:00""}, {""day"": ""Tuesday"", ""hours"": ""09:00 - 17:00""}, {""day"": ""Wednesday"", ""hours"": ""09:00 - 17:00""}, {""day"": ""Thursday"", ""hours"": ""09:00 - 17:00""}, {""day"": ""Friday"", ""hours"": ""09:00 - 17:00""}]",+62 823-9219-0983,1.0472818,103.945326,"https://www.google.com/maps/place/Sative+Perfume/@1.0472818,103.945326,17z/data=!3m1!4b1!4m6!3m5!1s0x31d98dfd6d602837:0x3701b56dece443ca!8m2!3d1.0472818!4d103.945326!16s%2Fg%2F11wfdj_n2m?authuser=0&hl=en&entry=ttu&g_ep=EgoyMDI0MTAyOS4wIKXMDSoASAFQAw%3D%3D",0,Retail,Indonesia.Batam.Cosmetics.202410290644.db,places,null_required_column
1792,PERFUME DI BATU AJI DAPUR 12 (Perfume store),0.0,0,0,,,"DEKAT MASJID ANNUR DAN DEKAT MESJID SMK N 8 FARMASI, RUKO REXVIN BLOK ORCHID A, Jl. Dapur 12 No.20, SEI LEKOP, Kec. Sagulung, Kota Batam, Kepulauan Riau 29438, Indonesia","[{""day"": ""Saturday"", ""hours"": ""09:00 - 17:00""}, {""day"": ""Sunday"", ""hours"": ""09:00 - 17:00""}, {""day"": ""Monday"", ""hours"": ""09:00 - 17:00""}, {""day"": ""Tuesday"", ""hours"": ""09:00 - 17:00""}, {""day"": ""Wednesday"", ""hours"": ""09:00 - 17:00""}, {""day"": ""Thursday"", ""hours"": ""09:00 - 17:00""}, {""day"": ""Friday"", ""hours"": ""09:00 - 17:00""}]",+62 852-7237-2371,1.0473144,103.9477711,https://www.google.com/maps/place/PERFUME+DI+BATU+AJI+DAPUR+12/data=!4m7!3m6!1s0x31d98d5f08a68ac9:0x2ccbb652e62d3a0f!8m2!3d1.0473144!4d103.9477711!16s%2Fg%2F11wms9t7s6!19sChIJyYqmCF-N2TERDzot5lK2yyw?authuser=0&hl=en&rclk=1,0,Retail,Indonesia.Batam.Cosmetics.202410290644.db,places,null_required_column
1793,Rina (Perfume store),0.0,0,0,,,"Jl. Raya Marina City Jl. Permata Laguna No.12B blok B6, Tj. Uncang, Kec. Batu Aji, Kota Batam, Kepulauan Riau 29432, Indonesia",[],,1.0557999,103.9423002,https://www.google.com/maps/place/Rina/data=!4m7!3m6!1s0x31d98d00018bf05b:0x9a9639ec9d508bad!8m2!3d1.0557999!4d103.9423002!16s%2Fg%2F11y3_wvs3t!19sChIJW_CLAQCN2TERrYtQnew5lpo?authuser=0&hl=en&rclk=1,0,Retail,Indonesia.Batam.Cosmetics.202410290644.db,places,null_required_column
1801,CellMaxx Batam (Health and beauty shop),0.0,0,0,,,"Blk. H2, Perum Jl. Marina View No.6, Tj. Uncang, Kec. Batu Aji, Kota Batam, Kepulauan Riau 29444, Indonesia",[],+62 812-7642-6719,1.0505822,104.0046373,https://www.google.com/maps/place/CellMaxx+Batam/data=!4m7!3m6!1s0x31d9892db97b8969:0xd27737bba2ff6c4b!8m2!3d1.0505822!4d104.0046373!16s%2Fg%2F11f54klf6s!19sChIJaYl7uS2J2TERS2z_ors3d9I?authuser=0&hl=en&rclk=1,0,Retail,Indonesia.Batam.Cosmetics.202410290644.db,places,null_required_column
1805,Mom's beauty care (Bakery),0.0,0,0,,,"Perumahan taman cipta asri2, blok Jl. Cemara No.123A, Indonesia",[],,1.020704,104.0025908,https://www.google.com/maps/place/Mom%27s+beauty+care/data=!4m7!3m6!1s0x31d9930044662c17:0x71ce1c1081157160!8m2!3d1.020704!4d104.0025908!16s%2Fg%2F11w1jvf8gk!19sChIJFyxmRACT2TERYHEVgRAcznE?authuser=0&hl=en&rclk=1,0,Retail,Indonesia.Batam.Cosmetics.202410290644.db,places,null_required_column
1868,Benings skincare batam fetri (Cosmetics store),0.0,0,0,,,"Perumahan permata rhabayu, cc Jl. Putri Hijau No.22 2 blok, Tembesi, Kec. Batu Aji, Kota Batam, Kepulauan Riau 29438, Indonesia","[{""day"": ""Saturday"", ""hours"": ""09:00 - 17:00""}, {""day"": ""Sunday"", ""hours"": ""09:00 - 17:00""}, {""day"": ""Monday"", ""hours"": ""09:00 - 17:00""}, {""day"": ""Tuesday"", ""hours"": ""09:00 - 17:00""}, {""day"": ""Wednesday"", ""hours"": ""09:00 - 17:00""}, {""day"": ""Thursday"", ""hours"": ""09:00 - 17:00""}, {""day"": ""Friday"", ""hours"": ""09:00 - 17:00""}]",+62 852-6316-6763,1.0287414,103.9786335,https://www.google.com/maps/place/Benings+skincare+batam+fetri/data=!4m7!3m6!1s0x31d98d27ce5229c5:0xfe45c9557a812b4c!8m2!3d1.0287414!4d103.9786335!16s%2Fg%2F11rmqp_zg0!19sChIJxSlSzieN2TERTCuBelXJRf4?authuser=0&hl=en&rclk=1,0,Retail,Indonesia.Batam.Cosmetics.202410290644.db,places,null_required_column
1877,Beautemee Shop (Cosmetics store),0.0,0,0,,,"Perumahan Plamo Residence Blok BB No 27 Batam Center, Baloi Permai, Kec. Batam Kota, Kota Batam, Kepulauan Riau 29431, Indonesia","[{""day"": ""Saturday"", ""hours"": ""Closed""}, {""day"": ""Sunday"", ""hours"": ""10:00 - 01:00""}, {""day"": ""Monday"", ""hours"": ""09:00 - 18:00""}, {""day"": ""Tuesday"", ""hours"": ""09:00 - 18:00""}, {""day"": ""Wednesday"", ""hours"": ""09:00 - 18:00""}, {""day"": ""Thursday"", ""hours"": ""09:00 - 18:00""}, {""day"": ""Friday"", ""hours"": ""09:00 - 18:00""}]",+62 856-6822-3383,1.1021156,104.0434622,"https://www.google.com/maps/place/Beautemee+Shop/@1.1021156,104.0434622,17z/data=!3m1!4b1!4m6!3m5!1s0x31d98915ce41c08d:0xab527e5a602ee1b6!8m2!3d1.1021156!4d104.0434622!16s%2Fg%2F11h_tc_38q?authuser=0&hl=en&entry=ttu&g_ep=EgoyMDI0MTAyOS4wIKXMDSoASAFQAw%3D%3D",0,Retail,Indonesia.Batam.Cosmetics.202410290644.db,places,null_required_column
1890,Stokist AFC Kamsiah Batam (Health and beauty shop),0.0,0,0,,,"Perumahan Geisha Eternal Marina, Blk. B No.10, Sungai Lekop, Kec. Sagulung, Kota Batam, Kepulauan Riau 29425, Indonesia",[],+62 812-8141-8991,1.0335834,103.9458143,https://www.google.com/maps/place/Stokist+AFC+Kamsiah+Batam/data=!4m7!3m6!1s0x31d98d914c68bc6d:0xd1a66d24d6edc5e7!8m2!3d1.0335834!4d103.9458143!16s%2Fg%2F11lp2d9y1m!19sChIJbbxoTJGN2TER58Xt1iRtptE?authuser=0&hl=en&rclk=1,0,Retail,Indonesia.Batam.Cosmetics.202410290644.db,places,null_required_column
1894,Beb White C Skincare Batam (Health and beauty shop),0.0,0,0,,,"Perumahan Kapital Raya Tahap II Blok K No 18 Kecamatan, Belian, Kec. Batam Kota, Kota Batam, Kepulauan Riau 45156, Indonesia",[],+62 822-8813-0778,1.1048544,104.0913284,https://www.google.com/maps/place/Beb+White+C+Skincare+Batam/data=!4m7!3m6!1s0x31d989998961c427:0x6f17519c9d4f0cce!8m2!3d1.1048544!4d104.0913284!16s%2Fg%2F11hf1vd5l6!19sChIJJ8RhiZmJ2TERzgxPnZxRF28?authuser=0&hl=en&rclk=1,0,Retail,Indonesia.Batam.Cosmetics.202410290644.db,places,null_required_column
1896,Stokis Halal Mart HPAI HNI dan Tupperware Taman Raya (Health and beauty shop),0.0,0,0,,,"Perumahan Jl. Taman Raya No.mor 9 Tahap 5 Blok L4, Belian, Kec. Batam Kota, Kota Batam, Kepulauan Riau 29464, Indonesia","[{""day"": ""Saturday"", ""hours"": ""08:00 - 20:00""}, {""day"": ""Sunday"", ""hours"": ""08:00 - 20:00""}, {""day"": ""Monday"", ""hours"": ""08:00 - 20:00""}, {""day"": ""Tuesday"", ""hours"": ""08:00 - 20:00""}, {""day"": ""Wednesday"", ""hours"": ""08:00 - 20:00""}, {""day"": ""Thursday"", ""hours"": ""08:00 - 20:00""}, {""day"": ""Friday"", ""hours"": ""08:00 - 20:00""}]",+62 812-7017-1611,1.1230658,104.0926155,https://www.google.com/maps/place/Stokis+Halal+Mart+HPAI+HNI+dan+Tupperware+Taman+Raya/data=!4m7!3m6!1s0x31d9898bb55b8373:0x130a423828328363!8m2!3d1.1230658!4d104.0926155!16s%2Fg%2F11pv1d_wys!19sChIJc4NbtYuJ2TERY4MyKDhCChM?authuser=0&hl=en&rclk=1,0,Retail,Indonesia.Batam.Cosmetics.202410290644.db,places,null_required_column
1903,The Winner Salon (Beauty salon),0.0,0,0,,,"blok H1, Jl. Legenda Malaka No.03, Baloi Permai, Kec. Batam Kota, Kota Batam, Kepulauan Riau 29463, Indonesia","[{""day"": ""Saturday"", ""hours"": ""08:00 - 00:00""}, {""day"": ""Sunday"", ""hours"": ""08:00 - 00:00""}, {""day"": ""Monday"", ""hours"": ""08:00 - 00:00""}, {""day"": ""Tuesday"", ""hours"": ""08:00 - 00:00""}, {""day"": ""Wednesday"", ""hours"": ""08:00 - 00:00""}, {""day"": ""Thursday"", ""hours"": ""08:00 - 00:00""}, {""day"": ""Friday"", ""hours"": ""08:00 - 00:00""}]",+62 812-7686-2389,1.1061285,104.0552602,"https://www.google.com/maps/place/The+Winner+Salon/@1.1061285,104.0552602,17z/data=!3m1!4b1!4m6!3m5!1s0x31d989f244282943:0x1c9759b2ad86c14e!8m2!3d1.1061285!4d104.0552602!16s%2Fg%2F11qg1581r5?authuser=0&hl=en&entry=ttu&g_ep=EgoyMDI0MTAyOS4wIKXMDSoASAFQAw%3D%3D",0,Retail,Indonesia.Batam.Cosmetics.202410290644.db,places,null_required_column
1950,Sopfi Agen Reglow Batu Aji (Cosmetics store),0.0,0,0,,,"Komplek, Griya Batu Aji Asri Tahap 4 No.17 Blok J1, Kec. Sagulung, Kota Batam, Kepulauan Riau 29422, Indonesia","[{""day"": ""Saturday"", ""hours"": ""08:00 - 21:00""}, {""day"": ""Sunday"", ""hours"": ""Closed""}, {""day"": ""Monday"", ""hours"": ""08:00 - 21:00""}, {""day"": ""Tuesday"", ""hours"": ""08:00 - 21:00""}, {""day"": ""Wednesday"", ""hours"": ""08:00 - 21:00""}, {""day"": ""Thursday"", ""hours"": ""08:00 - 21:00""}, {""day"": ""Friday"", ""hours"": ""08:00 - 21:00""}]",+62 838-4257-7715,1.0315601,103.9760649,https://www.google.com/maps/place/Sopfi+Agen+Reglow+Batu+Aji/data=!4m7!3m6!1s0x31d98d254b96ef83:0x4de0b7964db2e8ad!8m2!3d1.0315601!4d103.9760649!16s%2Fg%2F11vppnmhh2!19sChIJg--WSyWN2TERreiyTZa34E0?authuser=0&hl=en&rclk=1,0,Retail,Indonesia.Batam.Cosmetics.202410290644.db,places,null_required_column
1962,Baba Parfume (Cosmetics store),0.0,0,0,,,"Blok Wa2 No11, Kota Batam, Kepulauan Riau 29433, Indonesia",[],+62 823-8854-4858,1.032559,103.9785912,https://www.google.com/maps/place/Baba+Parfume/data=!4m7!3m6!1s0x31d98da173565e0f:0xec301c6d2a31be76!8m2!3d1.032559!4d103.9785912!16s%2Fg%2F11kjg8p3k8!19sChIJD15Wc6GN2TERdr4xKm0cMOw?authuser=0&hl=en&rclk=1,0,Retail,Indonesia.Batam.Cosmetics.202410290644.db,places,null_required_column
2029,The Body Shop BATAM CITY SQUARE (Cosmetics store),0.0,0,0,,,"BCS, Bcs Mall, Jl. Bunga Raya Lantai Dasar, Batu Selicin, Kec. Lubuk Baja, Kota Batam, Kepulauan Riau, Indonesia","[{""day"": ""Saturday"", ""hours"": ""10:00 - 22:00""}, {""day"": ""Sunday"", ""hours"": ""10:00 - 22:00""}, {""day"": ""Monday"", ""hours"": ""10:00 - 22:00""}, {""day"": ""Tuesday"", ""hours"": ""10:00 - 22:00""}, {""day"": ""Wednesday"", ""hours"": ""10:00 - 22:00""}, {""day"": ""Thursday"", ""hours"": ""10:00 - 22:00""}, {""day"": ""Friday"", ""hours"": ""10:00 - 22:00""}]",,1.13248,104.010404,https://www.google.com/maps/place/The+Body+Shop+BATAM+CITY+SQUARE/data=!4m7!3m6!1s0x31d9890569e52881:0x3d39eb83dcaba712!8m2!3d1.13248!4d104.010404!16s%2Fg%2F11vzs1crr0!19sChIJgSjlaQWJ2TEREqer3IPrOT0?authuser=0&hl=en&rclk=1,0,Retail,Indonesia.Batam.Cosmetics.202410290644.db,places,null_required_column
2037,PUSATT OOBATT AABORRSIII KAANDUNGAAN CYTTOOTTEC (Drug store),0.0,0,0,,,"Komp, Indonesia Batam centre, Jl. Ruko Greenland No.12 Blk. A5, Tlk. Tering, Kec. Batam Kota, Kota Batam, Kepulauan Riau 29444, Indonesia","[{""day"": ""Saturday"", ""hours"": ""00:00 - 23:59""}, {""day"": ""Sunday"", ""hours"": ""00:00 - 23:59""}, {""day"": ""Monday"", ""hours"": ""00:00 - 23:59""}, {""day"": ""Tuesday"", ""hours"": ""00:00 - 23:59""}, {""day"": ""Wednesday"", ""hours"": ""00:00 - 23:59""}, {""day"": ""Thursday"", ""hours"": ""00:00 - 23:59""}, {""day"": ""Friday"", ""hours"": ""00:00 - 23:59""}]",,1.1256651,104.0481281,https://www.google.com/maps/place/PUSATT+OOBATT+AABORRSIII+KAANDUNGAAN+CYTTOOTTEC/data=!4m7!3m6!1s0x31d989007c3ca293:0x58578502e89b91ec!8m2!3d1.1256651!4d104.0481281!16s%2Fg%2F11vt8b5cpq!19sChIJk6I8fACJ2TER7JGb6AKFV1g?authuser=0&hl=en&rclk=1,0,Retail,Indonesia.Batam.Cosmetics.202410290644.db,places,null_required_column
2093,Novri Oriflame Batam (Cosmetics store),0.0,0,0,,,"Perumahan Geysa Eternal Marina Batam, Blk. C3 No.11, Kibing, Kec. Batu Aji, Kota Batam, Kepulauan Riau 29424, Indonesia","[{""day"": ""Saturday"", ""hours"": ""08:00 - 22:00""}, {""day"": ""Sunday"", ""hours"": ""08:00 - 22:00""}, {""day"": ""Monday"", ""hours"": ""08:00 - 22:00""}, {""day"": ""Tuesday"", ""hours"": ""08:00 - 22:00""}, {""day"": ""Wednesday"", ""hours"": ""08:00 - 22:00""}, {""day"": ""Thursday"", ""hours"": ""08:00 - 22:00""}, {""day"": ""Friday"", ""hours"": ""08:00 - 22:00""}]",+62 822-6823-0108,1.0552316,103.9826288,https://www.google.com/maps/place/Novri+Oriflame+Batam/data=!4m7!3m6!1s0x31d98dab3c0a70e9:0x31f48e9eeccd8751!8m2!3d1.0552316!4d103.9826288!16s%2Fg%2F11wms6khh2!19sChIJ6XAKPKuN2TERUYfN7J6O9DE?authuser=0&hl=en&rclk=1,0,Retail,Indonesia.Batam.Cosmetics.202410290644.db,places,null_required_column
2211,Toko all shop star bcs mall lantai dasar blok c8 no 1 batam (Cosmetics store),0.0,0,0,,,"deretan ATM BCA, Bcs mall lantai dasar blok c8 no 1, Kota Batam, Kepulauan Riau 12444, Indonesia","[{""day"": ""Saturday"", ""hours"": ""None - 09:30""}, {""day"": ""Sunday"", ""hours"": ""None - 09:30""}, {""day"": ""Monday"", ""hours"": ""None - 09:30""}, {""day"": ""Tuesday"", ""hours"": ""None - 09:30""}, {""day"": ""Wednesday"", ""hours"": ""None - 09:30""}, {""day"": ""Thursday"", ""hours"": ""None - 09:30""}, {""day"": ""Friday"", ""hours"": ""None - 09:30""}]",+62 812-9322-0117,1.1325335,104.0103183,"https://www.google.com/maps/place/Toko+all+shop+star+bcs+mall+lantai+dasar+blok+c8+no+1+batam/@1.1325335,104.0103183,17z/data=!3m1!4b1!4m6!3m5!1s0x31d9894bfb1a3201:0x159dec6cedc1f188!8m2!3d1.1325335!4d104.0103183!16s%2Fg%2F11lp1p4nrr?authuser=0&hl=en&entry=ttu&g_ep=EgoyMDI0MTAyOS4wIKXMDSoASAFQAw%3D%3D",0,Retail,Indonesia.Batam.Cosmetics.202410290644.db,places,null_required_column
2241,DRW Skincare Batam (Cosmetics store),0.0,0,0,,,"Bida Asri 2 Blok H5 no. 6, Belian, Kec. Batam Kota, Kota Batam, Kepulauan Riau 29432, Indonesia","[{""day"": ""Saturday"", ""hours"": ""07:00 - 22:00""}, {""day"": ""Sunday"", ""hours"": ""07:00 - 22:00""}, {""day"": ""Monday"", ""hours"": ""07:00 - 22:00""}, {""day"": ""Tuesday"", ""hours"": ""07:00 - 22:00""}, {""day"": ""Wednesday"", ""hours"": ""07:00 - 22:00""}, {""day"": ""Thursday"", ""hours"": ""07:00 - 22:00""}, {""day"": ""Friday"", ""hours"": ""07:00 - 22:00""}]",+62 812-3394-6752,1.1070474,104.0939049,"https://www.google.com/maps/place/DRW+Skincare+Batam/@1.1070474,104.0939049,17z/data=!3m1!4b1!4m6!3m5!1s0x31d989c147c51ac5:0x89eee878a19eddb6!8m2!3d1.1070474!4d104.0939049!16s%2Fg%2F11n13g1f4k?authuser=0&hl=en&entry=ttu&g_ep=EgoyMDI0MTAyOS4wIKXMDSoASAFQAw%3D%3D",0,Retail,Indonesia.Batam.Cosmetics.202410290644.db,places,null_required_column
2253,Hairmask Batam (Cosmetics store),0.0,0,0,,,"Jl. Puri Agung 1 Blk. H No.12, Tj. Piayu, Kec. Sei Beduk, Kota Batam, Kepulauan Riau 29437, Indonesia","[{""day"": ""Saturday"", ""hours"": ""08:00 - 23:00""}, {""day"": ""Sunday"", ""hours"": ""08:00 - 23:00""}, {""day"": ""Monday"", ""hours"": ""08:00 - 23:00""}, {""day"": ""Tuesday"", ""hours"": ""08:00 - 23:00""}, {""day"": ""Wednesday"", ""hours"": ""08:00 - 23:00""}, {""day"": ""Thursday"", ""hours"": ""08:00 - 23:00""}, {""day"": ""Friday"", ""hours"": ""08:00 - 23:00""}]",+62 895-0541-6872,1.0269771,104.0602143,https://www.google.com/maps/place/Hairmask+Batam/data=!4m7!3m6!1s0x31d98fbddb97576d:0x28aed30be56cc934!8m2!3d1.0269771!4d104.0602143!16s%2Fg%2F11qywv7z6v!19sChIJbVeX272P2TERNMls5QvTrig?authuser=0&hl=en&rclk=1,0,Retail,Indonesia.Batam.Cosmetics.202410290644.db,places,null_required_column
2267,Güzelim Kosmetik (Cosmetics store),0.0,0,0,,,"Ruko Botania Garden Blok D3 No A2, Lantai 1, Belian, Kec. Batam Kota, Kota Batam, Kepulauan Riau 29431, Indonesia","[{""day"": ""Saturday"", ""hours"": ""10:00 - 21:00""}, {""day"": ""Sunday"", ""hours"": ""10:00 - 21:00""}, {""day"": ""Monday"", ""hours"": ""10:00 - 21:00""}, {""day"": ""Tuesday"", ""hours"": ""10:00 - 21:00""}, {""day"": ""Wednesday"", ""hours"": ""10:00 - 21:00""}, {""day"": ""Thursday"", ""hours"": ""10:00 - 21:00""}, {""day"": ""Friday"", ""hours"": ""10:00 - 21:00""}]",+62 895-0538-1887,1.1281333,104.097292,https://www.google.com/maps/place/G%C3%BCzelim+Kosmetik/data=!4m7!3m6!1s0x31d98984b6014881:0xabc64c27aee991b5!8m2!3d1.1281333!4d104.097292!16s%2Fg%2F11ptw0fbyb!19sChIJgUgBtoSJ2TERtZHpridMxqs?authuser=0&hl=en&rclk=1,0,Retail,Indonesia.Batam.Cosmetics.202410290644.db,places,null_required_column
2315,Yunliliolshop (Cosmetics store),0.0,0,0,,,,"[{""day"": ""Saturday"", ""hours"": ""10:00 - 17:00""}, {""day"": ""Sunday"", ""hours"": ""Closed""}, {""day"": ""Monday"", ""hours"": ""10:00 - 17:00""}, {""day"": ""Tuesday"", ""hours"": ""10:00 - 17:00""}, {""day"": ""Wednesday"", ""hours"": ""10:00 - 17:00""}, {""day"": ""Thursday"", ""hours"": ""10:00 - 17:00""}, {""day"": ""Friday"", ""hours"": ""10:00 - 17:00""}]",+62 812-6723-6668,0.837166,104.053115,"https://www.google.com/maps/place/Yunliliolshop/@0.837166,104.053115,10z/data=!3m1!4b1!4m6!3m5!1s0x41748fb3ad0cf59f:0x32f4f637a0a38cdd!8m2!3d0.837166!4d104.053115!16s%2Fg%2F11s5d0gsgq?authuser=0&hl=en&entry=ttu&g_ep=EgoyMDI0MTAyOS4wIKXMDSoASAFQAw%3D%3D",0,Retail,Indonesia.Batam.Cosmetics.202410290644.db,places,null_required_column
2329,Pustu Sei Jodoh Batam (Public medical center),0.0,0,0,,,"5244+7WF, Jodoh River, Batu Ampar, Batam City, Riau Islands 29444, Indonesia","[{""day"": ""Saturday"", ""hours"": ""10:00 - 22:00""}, {""day"": ""Sunday"", ""hours"": ""10:00 - 22:00""}, {""day"": ""Monday"", ""hours"": ""10:00 - 22:00""}, {""day"": ""Tuesday"", ""hours"": ""10:00 - 22:00""}, {""day"": ""Wednesday"", ""hours"": ""10:00 - 22:00""}, {""day"": ""Thursday"", ""hours"": ""10:00 - 22:00""}, {""day"": ""Friday"", ""hours"": ""10:00 - 22:00""}]",,1.1556834,104.0073114,"https://www.google.com/maps/place/Pustu+Sei+Jodoh+Batam/@1.1556834,104.0073114,17z/data=!3m1!4b1!4m6!3m5!1s0x31d9890cfeab3bbb:0x27b02b8eb81d2b3d!8m2!3d1.1556834!4d104.0073114!16s%2Fg%2F11jr95x8d4?authuser=0&hl=en&entry=ttu&g_ep=EgoyMDI0MTAyOS4wIKXMDSoASAFQAw%3D%3D",0,Retail,Indonesia.Batam.Cosmetics.202410290644.db,places,null_required_column
2331,Risna joarskin (Beauty products wholesaler),0.0,0,0,,,,[],+62 878-9438-9448,1.7012151,106.2211275,"https://www.google.com/maps/place/Risna.joarskin/@1.7012151,106.2211275,7z/data=!3m1!4b1!4m6!3m5!1s0xadf81a3bdb0cd07b:0xb3487929ed9b7633!8m2!3d1.7012151!4d106.2211275!16s%2Fg%2F11v3lrv11y?authuser=0&hl=en&entry=ttu&g_ep=EgoyMDI0MTAyOS4wIKXMDSoASAFQAw%3D%3D",0,Retail,Indonesia.Batam.Cosmetics.202410290644.db,places,null_required_column
2332,Erto's beauty (Health and beauty shop),0.0,0,0,,,,[],+62 858-9502-3205,,,https://www.google.com/maps/place/Erto%27s+beauty/data=!4m4!3m3!1s0x31d98ff56413dc7b:0x4720873316e1478f!16s%2Fg%2F11gxq1qdzl!19sChIJe9wTZPWP2TERj0fhFjOHIEc?authuser=0&hl=en&rclk=1,0,Retail,Indonesia.Batam.Cosmetics.202410290644.db,places,null_required_column
2333,Erto's beauty (Health and beauty shop),0.0,0,0,,,,"[{""day"": ""Saturday"", ""hours"": ""07:00 - 00:00""}, {""day"": ""Sunday"", ""hours"": ""Closed""}, {""day"": ""Monday"", ""hours"": ""10:00 - 00:00""}, {""day"": ""Tuesday"", ""hours"": ""07:00 - 00:00""}, {""day"": ""Wednesday"", ""hours"": ""07:00 - 00:00""}, {""day"": ""Thursday"", ""hours"": ""07:00 - 00:00""}, {""day"": ""Friday"", ""hours"": ""07:00 - 00:00""}]",+62 858-9502-3205,,,https://www.google.com/maps/place/Erto%27s+beauty/data=!4m4!3m3!1s0x31d98ff56413dc7b:0x4720873316e1478f!16s%2Fg%2F11gxq1qdzl!19sChIJe9wTZPWP2TERj0fhFjOHIEc?authuser=0&hl=en&rclk=1,0,Retail,Indonesia.Batam.Cosmetics.202410290644.db,places,null_required_column
2335,NAOMI BEAUTEE BATAM (Beauty salon),0.0,0,0,,,,"[{""day"": ""Saturday"", ""hours"": ""10:00 - 20:00""}, {""day"": ""Sunday"", ""hours"": ""Closed""}, {""day"": ""Monday"", ""hours"": ""10:00 - 20:00""}, {""day"": ""Tuesday"", ""hours"": ""10:00 - 20:00""}, {""day"": ""Wednesday"", ""hours"": ""10:00 - 20:00""}, {""day"": ""Thursday"", ""hours"": ""10:00 - 20:00""}, {""day"": ""Friday"", ""hours"": ""10:00 - 20:00""}]",+62 856-6835-3461,0.837166,104.053115,https://www.google.com/maps/place/NAOMI+BEAUTEE+BATAM/data=!4m7!3m6!1s0x31d989699ef031d1:0x1900fbbb586e5883!8m2!3d0.837166!4d104.053115!16s%2Fg%2F11j3w8ctqc!19sChIJ0THwnmmJ2TERg1huWLv7ABk?authuser=0&hl=en&rclk=1,0,Retail,Indonesia.Batam.Cosmetics.202410290644.db,places,null_required_column
2340,PT Buana sehat sentosa (Medical office),0.0,0,0,,,,"[{""day"": ""Saturday"", ""hours"": ""20:00 - 00:00""}, {""day"": ""Sunday"", ""hours"": ""00:00 - 16:00""}, {""day"": ""Monday"", ""hours"": ""08:00 - 16:00""}, {""day"": ""Tuesday"", ""hours"": ""08:00 - 16:00""}, {""day"": ""Wednesday"", ""hours"": ""08:00 - 16:00""}, {""day"": ""Thursday"", ""hours"": ""08:00 - 16:00""}, {""day"": ""Friday"", ""hours"": ""08:00 - 16:00""}]",+62 812-7741-5566,0.837166,104.053115,https://www.google.com/maps/place/PT.Buana+sehat+sentosa/data=!4m7!3m6!1s0x62d166f309b25b01:0x4c89e5528b222e9!8m2!3d0.837166!4d104.053115!16s%2Fg%2F11trzpchmt!19sChIJAVuyCfNm0WIR6SKyKFWeyAQ?authuser=0&hl=en&rclk=1,0,Retail,Indonesia.Batam.Cosmetics.202410290644.db,places,null_required_column
2341,Maeve Beauty & Aesthetic (Beauty salon),0.0,0,0,,,,"[{""day"": ""Saturday"", ""hours"": ""11:00 - 19:00""}, {""day"": ""Sunday"", ""hours"": ""11:00 - 19:00""}, {""day"": ""Monday"", ""hours"": ""Closed""}, {""day"": ""Tuesday"", ""hours"": ""11:00 - 19:00""}, {""day"": ""Wednesday"", ""hours"": ""11:00 - 19:00""}, {""day"": ""Thursday"", ""hours"": ""11:00 - 19:00""}, {""day"": ""Friday"", ""hours"": ""11:00 - 19:00""}]",+62 812-6661-788,0.837166,104.053115,"https://www.google.com/maps/place/Maeve+Beauty+%26+Aesthetic/@0.837166,104.053115,10z/data=!3m1!4b1!4m6!3m5!1s0x2f63f0fb396d447b:0x63fc51dd22fea6e7!8m2!3d0.837166!4d104.053115!16s%2Fg%2F11jzbqbkpm?authuser=0&hl=en&entry=ttu&g_ep=EgoyMDI0MTAyOS4wIKXMDSoASAFQAw%3D%3D",0,Retail,Indonesia.Batam.Cosmetics.202410290644.db,places,null_required_column
2344,Home Makeup by Rina (Make-up artist),0.0,0,0,,,,[],+62 812-6688-9892,0.837166,104.053115,https://www.google.com/maps/place/Home+Makeup+by+Rina/data=!4m7!3m6!1s0x858d2814f07ddebf:0xe51ea6fd6c838511!8m2!3d0.837166!4d104.053115!16s%2Fg%2F11w8xdhk9v!19sChIJv9598BQojYUREYWDbP2mHuU?authuser=0&hl=en&rclk=1,0,Retail,Indonesia.Batam.Cosmetics.202410290644.db,places,null_required_column
2345,Amerta BeautyStudio (Beauty salon),0.0,0,0,,,,"[{""day"": ""Saturday"", ""hours"": ""09:00 - 19:00""}, {""day"": ""Sunday"", ""hours"": ""09:00 - 19:00""}, {""day"": ""Monday"", ""hours"": ""09:00 - 19:00""}, {""day"": ""Tuesday"", ""hours"": ""09:00 - 19:00""}, {""day"": ""Wednesday"", ""hours"": ""09:00 - 19:00""}, {""day"": ""Thursday"", ""hours"": ""09:00 - 19:00""}, {""day"": ""Friday"", ""hours"": ""09:00 - 19:00""}]",+62 898-6663-788,1.1175794,104.0606994,https://www.google.com/maps/place/Amerta.BeautyStudio/data=!4m7!3m6!1s0x644bef48e171ecf9:0x3474287a3fae8470!8m2!3d1.1175794!4d104.0606994!16s%2Fg%2F11stjgn_j0!19sChIJ-exx4UjvS2QRcISuP3oodDQ?authuser=0&hl=en&rclk=1,0,Retail,Indonesia.Batam.Cosmetics.202410290644.db,places,null_required_column
2346,orchidnail batam (Beauty salon),0.0,0,0,,,,[],+62 896-5438-4748,0.837166,104.053115,https://www.google.com/maps/place/orchidnail.batam/data=!4m7!3m6!1s0x4d9bd4cf8f81dbb9:0x557c5b2d5a10d47c!8m2!3d0.837166!4d104.053115!16s%2Fg%2F11s660zllj!19sChIJuduBj8_Um00RfNQQWi1bfFU?authuser=0&hl=en&rclk=1,0,Retail,Indonesia.Batam.Cosmetics.202410290644.db,places,null_required_column
2349,Libra Beauty Bar (Beauty salon),0.0,0,0,,,,"[{""day"": ""Saturday"", ""hours"": ""07:30 - 22:00""}, {""day"": ""Sunday"", ""hours"": ""Closed""}, {""day"": ""Monday"", ""hours"": ""07:30 - 22:00""}, {""day"": ""Tuesday"", ""hours"": ""07:30 - 22:00""}, {""day"": ""Wednesday"", ""hours"": ""07:30 - 22:00""}, {""day"": ""Thursday"", ""hours"": ""07:30 - 22:00""}, {""day"": ""Friday"", ""hours"": ""07:30 - 22:00""}]",+62 812-6553-4060,0.837166,104.053115,https://www.google.com/maps/place/Libra+Beauty+Bar/data=!4m7!3m6!1s0xa93b28ff0aa2ca37:0xb5d94037ab3ff2be!8m2!3d0.837166!4d104.053115!16s%2Fg%2F11ksrrz9pd!19sChIJN8qiCv8oO6kRvvI_qzdA2bU?authuser=0&hl=en&rclk=1,0,Retail,Indonesia.Batam.Cosmetics.202410290644.db,places,null_required_column
2350,mega jaya andalan (Beauty products wholesaler),0.0,0,0,,,,[],+62 821-6990-0822,0.837166,104.053115,https://www.google.com/maps/place/mega+jaya+andalan/data=!4m7!3m6!1s0xe06acf73a6f1cbd:0xdfd7fdc468934e0e!8m2!3d0.837166!4d104.053115!16s%2Fg%2F11t6pkhnp7!19sChIJvRxvOvesBg4RDk6TaMT9198?authuser=0&hl=en&rclk=1,0,Retail,Indonesia.Batam.Cosmetics.202410290644.db,places,null_required_column
2352,PT BERKAH ANEKA KARYA (Health and beauty shop),0.0,0,0,,,,[],+62 811-7040-171,0.837166,104.053115,https://www.google.com/maps/place/PT+BERKAH+ANEKA+KARYA/data=!4m7!3m6!1s0x8f7aa9338a8f6fcb:0x6bab38586cdf1f05!8m2!3d0.837166!4d104.053115!16s%2Fg%2F11v6fj6565!19sChIJy2-PijOpeo8RBR_fbFg4q2s?authuser=0&hl=en&rclk=1,0,Retail,Indonesia.Batam.Cosmetics.202410290644.db,places,null_required_column
2372,Lrz Beauty (Beauty supply store),0.0,0,0,,,"sei panas kampung melayu, Blk. IV No.17, Batu Selicin, Kec. Lubuk Baja, Kota Batam, Kepulauan Riau 29433, Indonesia",[],+62 812-7090-0914,1.1360545,104.0102452,https://www.google.com/maps/place/Lrz+Beauty/data=!4m7!3m6!1s0x31d98948dda41c85:0x2f502be9f8c8c7a0!8m2!3d1.1360545!4d104.0102452!16s%2Fg%2F11v9pflhss!19sChIJhRyk3UiJ2TERoMfI-OkrUC8?authuser=0&hl=en&rclk=1,0,Retail,Indonesia.Batam.Cosmetics.202410290644.db,places,null_required_column
2410,Mahveen Mitra Batam (Cosmetics store),0.0,0,0,,,"Bengkong Abadi baru, Blk. D No.14a, Tj. Buntung, Kec. Bengkong, Kota Batam, Kepulauan Riau 24491, Indonesia","[{""day"": ""Saturday"", ""hours"": ""00:00 - 23:59""}, {""day"": ""Sunday"", ""hours"": ""00:00 - 23:59""}, {""day"": ""Monday"", ""hours"": ""00:00 - 23:59""}, {""day"": ""Tuesday"", ""hours"": ""00:00 - 23:59""}, {""day"": ""Wednesday"", ""hours"": ""00:00 - 23:59""}, {""day"": ""Thursday"", ""hours"": ""00:00 - 23:59""}, {""day"": ""Friday"", ""hours"": ""00:00 - 23:59""}]",+62 822-8854-8998,1.1651414,104.02803,https://www.google.com/maps/place/Mahveen+Mitra+Batam/data=!4m7!3m6!1s0x31d989ca58eea231:0xc2486db5004a66c0!8m2!3d1.1651414!4d104.02803!16s%2Fg%2F11ltqdp0lg!19sChIJMaLuWMqJ2TERwGZKALVtSMI?authuser=0&hl=en&rclk=1,0,Retail,Indonesia.Batam.Cosmetics.202410290644.db,places,null_required_column
2414,ABTAQUEEN (Cosmetics store),0.0,0,0,,,"PERUMAHAN BUKIT NIRWANA INDAH Blk. A No.1, Tj. Balai Karimun, Kec. Bengkong, Kota Batam, Kepulauan Riau 29444, Indonesia",[],,1.1678554,104.0345126,https://www.google.com/maps/place/ABTAQUEEN/data=!4m7!3m6!1s0x31d989b4044000a7:0x5ea4cd544402813a!8m2!3d1.1678554!4d104.0345126!16s%2Fg%2F11vk4l70dx!19sChIJpwBABLSJ2TEROoECRFTNpF4?authuser=0&hl=en&rclk=1,0,Retail,Indonesia.Batam.Cosmetics.202410290644.db,places,null_required_column
2415,Afifah Store (Cosmetics store),0.0,0,0,,,"Ruko Grand Niaga Mas, Jl. Orchard Boulevard No.37 Blok A, Belian, Kec. Batam Kota, Kota Batam, Kepulauan Riau 29444, Indonesia","[{""day"": ""Saturday"", ""hours"": ""09:00 - 21:00""}, {""day"": ""Sunday"", ""hours"": ""Closed""}, {""day"": ""Monday"", ""hours"": ""09:00 - 21:00""}, {""day"": ""Tuesday"", ""hours"": ""09:00 - 21:00""}, {""day"": ""Wednesday"", ""hours"": ""09:00 - 21:00""}, {""day"": ""Thursday"", ""hours"": ""09:00 - 21:00""}, {""day"": ""Friday"", ""hours"": ""09:00 - 21:00""}]",+62 852-4398-7091,1.1157247,104.059631,https://www.google.com/maps/place/Afifah+Store/data=!4m7!3m6!1s0x31d989f73cf4e343:0x9c6e47679d3f7d3e!8m2!3d1.1157247!4d104.059631!16s%2Fg%2F11sd8w4_dv!19sChIJQ-P0PPeJ2TERPn0_nWdHbpw?authuser=0&hl=en&rclk=1,0,Retail,Indonesia.Batam.Cosmetics.202410290644.db,places,null_required_column
2421,DISTRIBUTOR RATU GLOW BATAM (Health and beauty shop),0.0,0,0,,,"Shopping Center Bengkong Kav. Mandiri Blok H No.17 Bengkong Dalam, Tj. Buntung, Kec. Bengkong, Kota Batam, Kepulauan Riau 29458, Indonesia","[{""day"": ""Saturday"", ""hours"": ""10:00 - 21:00""}, {""day"": ""Sunday"", ""hours"": ""10:00 - 21:00""}, {""day"": ""Monday"", ""hours"": ""10:00 - 21:00""}, {""day"": ""Tuesday"", ""hours"": ""10:00 - 21:00""}, {""day"": ""Wednesday"", ""hours"": ""10:00 - 21:00""}, {""day"": ""Thursday"", ""hours"": ""10:00 - 21:00""}, {""day"": ""Friday"", ""hours"": ""10:00 - 21:00""}]",+62 812-6771-6168,1.1616691,104.0253543,https://www.google.com/maps/place/DISTRIBUTOR+RATU+GLOW+BATAM/data=!4m7!3m6!1s0x31d98961feb348a9:0xab010238ea73c6cf!8m2!3d1.1616691!4d104.0253543!16s%2Fg%2F11rxwh0kqt!19sChIJqUiz_mGJ2TERz8Zz6jgCAas?authuser=0&hl=en&rclk=1,0,Retail,Indonesia.Batam.Cosmetics.202410290644.db,places,null_required_column
2431,Distributor NASA Resmi (Cosmetics store),0.0,0,0,,,"42VR+VMX, Jl. Bengkong Nusantara, Sadai, Kec. Bengkong, Kota Batam, Kepulauan Riau 29444, Indonesia","[{""day"": ""Saturday"", ""hours"": ""10:00 - 17:00""}, {""day"": ""Sunday"", ""hours"": ""Closed""}, {""day"": ""Monday"", ""hours"": ""10:00 - 17:00""}, {""day"": ""Tuesday"", ""hours"": ""10:00 - 17:00""}, {""day"": ""Wednesday"", ""hours"": ""10:00 - 17:00""}, {""day"": ""Thursday"", ""hours"": ""10:00 - 17:00""}, {""day"": ""Friday"", ""hours"": ""10:00 - 17:00""}]",+62 822-9771-9720,1.144727,104.0417318,https://www.google.com/maps/place/Distributor+NASA+Resmi/data=!4m7!3m6!1s0x31d98942db7cb10d:0x2d96db43f1e6ca39!8m2!3d1.144727!4d104.0417318!16s%2Fg%2F11r3crdqsv!19sChIJDbF820KJ2TEROcrm8UPbli0?authuser=0&hl=en&rclk=1,0,Retail,Indonesia.Batam.Cosmetics.202410290644.db,places,null_required_column
2452,Sayheart Sejahtera (Health and beauty shop),0.0,0,0,,,"Blk C8, Perumahan Jl. Tiban Mas Indah No.2, Tiban Indah, Kec. Sekupang, Kota Batam, Kepulauan Riau 29425, Indonesia","[{""day"": ""Saturday"", ""hours"": ""09:00 - 16:00""}, {""day"": ""Sunday"", ""hours"": ""09:00 - 12:00""}, {""day"": ""Monday"", ""hours"": ""09:00 - 16:00""}, {""day"": ""Tuesday"", ""hours"": ""09:00 - 16:00""}, {""day"": ""Wednesday"", ""hours"": ""09:00 - 16:00""}, {""day"": ""Thursday"", ""hours"": ""09:00 - 16:00""}, {""day"": ""Friday"", ""hours"": ""09:00 - 16:00""}]",+62 813-7122-6535,1.1225187,103.979418,https://www.google.com/maps/place/Sayheart+Sejahtera/data=!4m7!3m6!1s0x31d98bb9bc8d6929:0x2a1089862535fa60!8m2!3d1.1225187!4d103.979418!16s%2Fg%2F11vywn99n7!19sChIJKWmNvLmL2TERYPo1JYaJECo?authuser=0&hl=en&rclk=1,0,Retail,Indonesia.Batam.Cosmetics.202410290644.db,places,null_required_column
2567,NASA herbal batam (Cosmetics store),0.0,0,0,,,"Mall Top 100 Tembesi, Tembesi, Kec. Sagulung, Kota Batam, Kepulauan Riau 29438, Indonesia","[{""day"": ""Saturday"", ""hours"": ""00:00 - 23:59""}, {""day"": ""Sunday"", ""hours"": ""00:00 - 23:59""}, {""day"": ""Monday"", ""hours"": ""00:00 - 23:59""}, {""day"": ""Tuesday"", ""hours"": ""00:00 - 23:59""}, {""day"": ""Wednesday"", ""hours"": ""00:00 - 23:59""}, {""day"": ""Thursday"", ""hours"": ""00:00 - 23:59""}, {""day"": ""Friday"", ""hours"": ""00:00 - 23:59""}]",+62 858-3640-4044,1.0388129,104.003974,https://www.google.com/maps/place/NASA+herbal+batam/data=!4m7!3m6!1s0x31d98d52195875f1:0xa5e99754df95bae8!8m2!3d1.0388129!4d104.003974!16s%2Fg%2F11fm_dgjtw!19sChIJ8XVYGVKN2TER6LqV31SX6aU?authuser=0&hl=en&rclk=1,0,Retail,Indonesia.Batam.Cosmetics.202410290644.db,places,null_required_column
2583,Rin Cosmetik (Cosmetics store),0.0,0,0,,,"Jl. Sagulung Permai No.12, Sagulung Kota, Kec. Sagulung, Kota Batam, Kepulauan Riau 29425, Indonesia","[{""day"": ""Saturday"", ""hours"": ""09:00 - 20:00""}, {""day"": ""Sunday"", ""hours"": ""09:00 - 20:00""}, {""day"": ""Monday"", ""hours"": ""09:00 - 20:00""}, {""day"": ""Tuesday"", ""hours"": ""09:00 - 20:00""}, {""day"": ""Wednesday"", ""hours"": ""09:00 - 20:00""}, {""day"": ""Thursday"", ""hours"": ""09:00 - 20:00""}, {""day"": ""Friday"", ""hours"": ""09:00 - 20:00""}]",+62 853-7647-0818,1.0484001,103.9519886,https://www.google.com/maps/place/Rin+Cosmetik/data=!4m7!3m6!1s0x31d98d0d1116bcf9:0x218e34bcf54130bf!8m2!3d1.0484001!4d103.9519886!16s%2Fg%2F11b6dq4hqv!19sChIJ-bwWEQ2N2TERvzBB9bw0jiE?authuser=0&hl=en&rclk=1,0,Retail,Indonesia.Batam.Cosmetics.202410290644.db,places,null_required_column
2584,AINA COSMETIC (Cosmetics store),0.0,0,0,,,"Perum Griya Permata, Blk. B No.83, Kota Batam, Kepulauan Riau 29438, Indonesia",[],+62 857-7260-2143,1.0440811,103.9602735,https://www.google.com/maps/place/AINA+COSMETIC/data=!4m7!3m6!1s0x31d98dec487feacb:0xa8dce3cec6219d89!8m2!3d1.0440811!4d103.9602735!16s%2Fg%2F11t9f04bxg!19sChIJy-p_SOyN2TERiZ0hxs7j3Kg?authuser=0&hl=en&rclk=1,0,Retail,Indonesia.Batam.Cosmetics.202410290644.db,places,null_required_column
2622,Rumah Abah (Cosmetics store),0.0,0,0,,,"22C4+P69, Tembesi, Sagulung, Batam City, Riau Islands 29472, Indonesia",[],,1.0218354,104.0056285,https://www.google.com/maps/place/Rumah+Abah/data=!4m7!3m6!1s0x31d99368778a4ef3:0x183b1c8166281fa0!8m2!3d1.0218354!4d104.0056285!16s%2Fg%2F11l6f687yq!19sChIJ806Kd2iT2TERoB8oZoEcOxg?authuser=0&hl=en&rclk=1,0,Retail,Indonesia.Batam.Cosmetics.202410290644.db,places,null_required_column
2627,Qaireen Cosmetic (Cosmetics store),0.0,0,0,,,"Aviari, Buliang, Kec. Batu Aji, Kota Batam, Kepulauan Riau 29425, Indonesia","[{""day"": ""Saturday"", ""hours"": ""08:00 - 22:00""}, {""day"": ""Sunday"", ""hours"": ""08:00 - 22:00""}, {""day"": ""Monday"", ""hours"": ""08:00 - 22:00""}, {""day"": ""Tuesday"", ""hours"": ""08:00 - 22:00""}, {""day"": ""Wednesday"", ""hours"": ""08:00 - 22:00""}, {""day"": ""Thursday"", ""hours"": ""08:00 - 22:00""}, {""day"": ""Friday"", ""hours"": ""08:00 - 22:00""}]",+62 857-6187-5862,1.05164,103.9695145,"https://www.google.com/maps/place/Qaireen+Cosmetic/@1.05164,103.9695145,17z/data=!3m1!4b1!4m6!3m5!1s0x31d98d41b917f7cd:0x381f1470e0b5b7d1!8m2!3d1.05164!4d103.9695145!16s%2Fg%2F11y6lv0qb2?authuser=0&hl=en&entry=ttu&g_ep=EgoyMDI0MTAyOS4wIKXMDSoASAFQAw%3D%3D",0,Retail,Indonesia.Batam.Cosmetics.202410290644.db,places,null_required_column
2631,Aurora Fleur (Cosmetics store),0.0,0,0,,,"Tembesi, Sagulung, Batam City, Riau Islands 29439, Indonesia",[],+62 858-3424-6342,1.0419681,103.9814963,"https://www.google.com/maps/place/Aurora+Fleur/@1.0419681,103.9814963,17z/data=!3m1!4b1!4m6!3m5!1s0x31d98d8bf29a9af5:0xaa137da001f42d34!8m2!3d1.0419681!4d103.9814963!16s%2Fg%2F11lmkhnz4m?authuser=0&hl=en&entry=ttu&g_ep=EgoyMDI0MTAyOS4wIKXMDSoASAFQAw%3D%3D",0,Retail,Indonesia.Batam.Cosmetics.202410290644.db,places,null_required_column
2635,AGEN MSGLOW BATU AJI (Cosmetics store),0.0,0,0,,,"ruko, Jl. Permata Rhabayu No.16 BLOK E, Tembesi, Kec. Sagulung, Kota Batam, Kepulauan Riau 29472, Indonesia","[{""day"": ""Saturday"", ""hours"": ""10:00 - 22:00""}, {""day"": ""Sunday"", ""hours"": ""10:00 - 22:00""}, {""day"": ""Monday"", ""hours"": ""10:00 - 22:00""}, {""day"": ""Tuesday"", ""hours"": ""10:00 - 22:00""}, {""day"": ""Wednesday"", ""hours"": ""10:00 - 22:00""}, {""day"": ""Thursday"", ""hours"": ""10:00 - 22:00""}, {""day"": ""Friday"", ""hours"": ""10:00 - 22:00""}]",,1.0292178,103.9806486,https://www.google.com/maps/place/AGEN+MSGLOW+BATU+AJI/data=!4m7!3m6!1s0x31d98d391acf656f:0xb739e39f04d78950!8m2!3d1.0292178!4d103.9806486!16s%2Fg%2F11lgl_xvm9!19sChIJb2XPGjmN2TERUInXBJ_jObc?authuser=0&hl=en&rclk=1,0,Retail,Indonesia.Batam.Cosmetics.202410290644.db,places,null_required_column
2638,Halona Glow Beauty Care (Beauty salon),0.0,0,0,,,"2XP4+4X2, Jl. Dapur 12, Sungai Pelunggut, Kec. Sagulung, Kota Batam, Kepulauan Riau 29425, Indonesia",[],,1.0352607,103.9574032,https://www.google.com/maps/place/Halona+Glow+Beauty+Care/data=!4m7!3m6!1s0x31d98d79b6c6a655:0x5c2af332f576c7e7!8m2!3d1.0352607!4d103.9574032!16s%2Fg%2F11vxpl21x3!19sChIJVabGtnmN2TER58d29TLzKlw?authuser=0&hl=en&rclk=1,0,Retail,Indonesia.Batam.Cosmetics.202410290644.db,places,null_required_column
2642,ULINAMCI (Health and beauty shop),0.0,0,0,,,"Perumahan parisa indah blok C1 No 13, Sungai Langkai, Kec. Sagulung, Kota Batam, Kepulauan Riau 29432, Indonesia",[],+62 812-7794-991,1.042212,103.9669397,https://www.google.com/maps/place/ULINAMCI/data=!4m7!3m6!1s0x31d98d4cd7d10bd9:0xb8f9c6b69f1339d8!8m2!3d1.042212!4d103.9669397!16s%2Fg%2F11j83ztxy1!19sChIJ2QvR10yN2TER2DkTn7bG-bg?authuser=0&hl=en&rclk=1,0,Retail,Indonesia.Batam.Cosmetics.202410290644.db,places,null_required_column
2645,SHANNEN BATU AJI (Cosmetics store),0.0,0,0,,,"3W6C+23G, Tanjung Uncang, Batu Aji, Batam City, Riau Islands 29425, Indonesia","[{""day"": ""Saturday"", ""hours"": ""00:00 - 23:59""}, {""day"": ""Sunday"", ""hours"": ""00:00 - 23:59""}, {""day"": ""Monday"", ""hours"": ""00:00 - 23:59""}, {""day"": ""Tuesday"", ""hours"": ""00:00 - 23:59""}, {""day"": ""Wednesday"", ""hours"": ""00:00 - 23:59""}, {""day"": ""Thursday"", ""hours"": ""00:00 - 23:59""}, {""day"": ""Friday"", ""hours"": ""00:00 - 23:59""}]",+62 896-1464-9695,1.060063,103.9201917,"https://www.google.com/maps/place/SHANNEN+BATU+AJI/@1.060063,103.9201917,17z/data=!3m1!4b1!4m6!3m5!1s0x31d98d7d5db80a8d:0x475bfef1ce8abeb0!8m2!3d1.060063!4d103.9201917!16s%2Fg%2F11fmpf2z33?authuser=0&hl=en&entry=ttu&g_ep=EgoyMDI0MTAyOS4wIKXMDSoASAFQAw%3D%3D",0,Retail,Indonesia.Batam.Cosmetics.202410290644.db,places,null_required_column
2648,Elegant (Cosmetics store),0.0,0,0,,,"Mall Top 100, Jl. Letjend Suprapto Blok CM E. 07, Tembesi, Kec. Sagulung, Kota Batam, Kepulauan Riau 29424, Indonesia",[],+62 852-6412-4219,1.0399675,104.0044243,https://www.google.com/maps/place/Elegant/data=!4m7!3m6!1s0x31d98de23567f431:0xd15080e9c22b4fe5!8m2!3d1.0399675!4d104.0044243!16s%2Fg%2F11bc73ptc_!19sChIJMfRnNeKN2TER5U8rwumAUNE?authuser=0&hl=en&rclk=1,0,Retail,Indonesia.Batam.Cosmetics.202410290644.db,places,null_required_column
2649,Distributor baba farfum (Cosmetics store),0.0,0,0,,,"Perumahan Jl. Taman Pesona Indah No.15 Blok H4, Tanjung Uncang, Batu Aji, Batam City, Riau Islands 29414, Indonesia","[{""day"": ""Saturday"", ""hours"": ""08:00 - 21:00""}, {""day"": ""Sunday"", ""hours"": ""08:00 - 21:00""}, {""day"": ""Monday"", ""hours"": ""08:00 - 21:00""}, {""day"": ""Tuesday"", ""hours"": ""08:00 - 21:00""}, {""day"": ""Wednesday"", ""hours"": ""08:00 - 21:00""}, {""day"": ""Thursday"", ""hours"": ""08:00 - 21:00""}, {""day"": ""Friday"", ""hours"": ""08:00 - 21:00""}]",+62 813-6517-6676,1.0513113,103.9374788,https://www.google.com/maps/place/Distributor+baba+farfum/data=!4m7!3m6!1s0x31d98dce4508f37f:0xfa588331bb8fb0d1!8m2!3d1.0513113!4d103.9374788!16s%2Fg%2F11rz79rt0g!19sChIJf_MIRc6N2TER0bCPuzGDWPo?authuser=0&hl=en&rclk=1,0,Retail,Indonesia.Batam.Cosmetics.202410290644.db,places,null_required_column
2652,Skincare justmine beauty (Health and beauty shop),0.0,0,0,,,"Jl. Batu Aji Baru Ruko Batam Riau Bertuah tahap 1 blok J no 16, Sungai Langkai, Kec. Sagulung, Kota Batam, Kepulauan Riau 29438, Indonesia",[],+62 821-3867-3923,1.0366713,103.9602212,https://www.google.com/maps/place/Skincare+justmine+beauty/data=!4m7!3m6!1s0x31d98debc18d5625:0x3d68ca7f22978218!8m2!3d1.0366713!4d103.9602212!16s%2Fg%2F11n7_xx7ft!19sChIJJVaNweuN2TERGIKXIn_KaD0?authuser=0&hl=en&rclk=1,0,Retail,Indonesia.Batam.Cosmetics.202410290644.db,places,null_required_column
2655,Produk kecantikan (Beauty product supplier),0.0,0,0,,,"Abadi jaya, Sagulung, Batam City, Riau Islands 29343, Indonesia","[{""day"": ""Saturday"", ""hours"": ""07:30 - 15:30""}, {""day"": ""Sunday"", ""hours"": ""Closed""}, {""day"": ""Monday"", ""hours"": ""07:30 - 15:30""}, {""day"": ""Tuesday"", ""hours"": ""07:30 - 15:30""}]",+62 895-3854-43977,1.036301,103.9539706,"https://www.google.com/maps/place/Produk+kecantikan/@1.036301,103.9539706,17z/data=!3m1!4b1!4m6!3m5!1s0x31d98d4987d46563:0xc545d2ac370f3fba!8m2!3d1.036301!4d103.9539706!16s%2Fg%2F11kj_28d4s?authuser=0&hl=en&entry=ttu&g_ep=EgoyMDI0MTAyOS4wIKXMDSoASAFQAw%3D%3D",0,Retail,Indonesia.Batam.Cosmetics.202410290644.db,places,null_required_column
2657,Produk MSI Batam (Health and beauty shop),0.0,0,0,,,"griya batuaji asri, Blk. I No.5, Sungai Langkai, Kec. Sagulung, Kota Batam, Kepulauan Riau 29451, Indonesia","[{""day"": ""Saturday"", ""hours"": ""08:00 - 20:00""}, {""day"": ""Sunday"", ""hours"": ""08:00 - 20:00""}, {""day"": ""Monday"", ""hours"": ""08:00 - 20:00""}, {""day"": ""Tuesday"", ""hours"": ""08:00 - 20:00""}, {""day"": ""Wednesday"", ""hours"": ""08:00 - 20:00""}, {""day"": ""Thursday"", ""hours"": ""08:00 - 20:00""}, {""day"": ""Friday"", ""hours"": ""08:00 - 20:00""}]",+62 812-9456-4261,1.0351618,103.9786914,"https://www.google.com/maps/place/Produk+MSI+Batam/@1.0351618,103.9786914,17z/data=!3m1!4b1!4m6!3m5!1s0x31d98d7646326c43:0xe4698e298a4d061f!8m2!3d1.0351618!4d103.9786914!16s%2Fg%2F11fmll12lk?authuser=0&hl=en&entry=ttu&g_ep=EgoyMDI0MTAyOS4wIKXMDSoASAFQAw%3D%3D",0,Retail,Indonesia.Batam.Cosmetics.202410290644.db,places,null_required_column
2659,Facialaja Dr  Ferdy S cabang Batu aji (Health and beauty shop),0.0,0,0,,,"Komp. Ruko perumnas, Jl. Muka Kuning Permai I blok C. No 30, Buliang, Batu Aji, Batam City, Riau Islands 29425, Indonesia","[{""day"": ""Saturday"", ""hours"": ""10:30 - 19:30""}, {""day"": ""Sunday"", ""hours"": ""Closed""}, {""day"": ""Monday"", ""hours"": ""10:30 - 19:30""}, {""day"": ""Tuesday"", ""hours"": ""10:30 - 19:30""}, {""day"": ""Wednesday"", ""hours"": ""10:30 - 19:30""}, {""day"": ""Thursday"", ""hours"": ""10:30 - 19:30""}, {""day"": ""Friday"", ""hours"": ""10:30 - 19:30""}]",+62 822-8811-9915,1.05235,103.9712164,https://www.google.com/maps/place/Facialaja+Dr.+Ferdy+S+cabang+Batu+aji/data=!4m7!3m6!1s0x31d98db74a0036d5:0xaa369477a5f99782!8m2!3d1.05235!4d103.9712164!16s%2Fg%2F11vf7ljf73!19sChIJ1TYASreN2TERgpf5pXeUNqo?authuser=0&hl=en&rclk=1,0,Retail,Indonesia.Batam.Cosmetics.202410290644.db,places,null_required_column
2663,K-Link Distributor   (Health and beauty shop),0.0,0,0,,,"Kav. Sagulung Baru No.20, Sungai Binti, Kec. Sagulung, Kota Batam, Kepulauan Riau 29425, Indonesia","[{""day"": ""Saturday"", ""hours"": ""08:00 - 13:00""}, {""day"": ""Sunday"", ""hours"": ""Closed""}, {""day"": ""Monday"", ""hours"": ""08:00 - 17:00""}, {""day"": ""Tuesday"", ""hours"": ""08:00 - 17:00""}, {""day"": ""Wednesday"", ""hours"": ""08:00 - 17:00""}, {""day"": ""Thursday"", ""hours"": ""08:00 - 17:00""}, {""day"": ""Friday"", ""hours"": ""08:00 - 17:00""}]",,1.0385429,103.9430267,"https://www.google.com/maps/place/K-Link+Distributor+,/data=!4m7!3m6!1s0x31d98dd003769b45:0x6cda5493d9dacc82!8m2!3d1.0385429!4d103.9430267!16s%2Fg%2F11rgcytnqy!19sChIJRZt2A9CN2TERgsza2ZNU2mw?authuser=0&hl=en&rclk=1",0,Retail,Indonesia.Batam.Cosmetics.202410290644.db,places,null_required_column
2665,BABA PARFUME Fauzy (Cosmetics store),0.0,0,0,,,"Perumahan Batuaji Riau Bertuah 2, Blk. D No.6, RT.004/RW.025, kel. Sei. Langkai, Kec. Sagulung, Kota Batam, Indonesia","[{""day"": ""Saturday"", ""hours"": ""00:00 - 23:59""}, {""day"": ""Sunday"", ""hours"": ""00:00 - 23:59""}, {""day"": ""Monday"", ""hours"": ""00:00 - 23:59""}, {""day"": ""Tuesday"", ""hours"": ""00:00 - 23:59""}, {""day"": ""Wednesday"", ""hours"": ""00:00 - 23:59""}, {""day"": ""Thursday"", ""hours"": ""00:00 - 23:59""}, {""day"": ""Friday"", ""hours"": ""00:00 - 23:59""}]",+62 813-7260-5395,1.0368764,103.9643969,https://www.google.com/maps/place/BABA+PARFUME+Fauzy/data=!4m7!3m6!1s0x31d98dfe9bc0128b:0x7bf28917800d35ae!8m2!3d1.0368764!4d103.9643969!16s%2Fg%2F11v0q4146r!19sChIJixLAm_6N2TERrjUNgBeJ8ns?authuser=0&hl=en&rclk=1,0,Retail,Indonesia.Batam.Cosmetics.202410290644.db,places,null_required_column
2667,cara menyempitkan daerah kewanitaan secara alami (Health and beauty shop),0.0,0,0,,,"cara membuat miss v rapat, Griya Batu Aji Asri. Blok w2 no 19. Batu Aji, Langkai River, Sagulung, Batam City, Riau Islands 29438, Indonesia","[{""day"": ""Saturday"", ""hours"": ""00:00 - 23:59""}, {""day"": ""Sunday"", ""hours"": ""00:00 - 23:59""}, {""day"": ""Monday"", ""hours"": ""00:00 - 23:59""}, {""day"": ""Tuesday"", ""hours"": ""00:00 - 23:59""}, {""day"": ""Wednesday"", ""hours"": ""00:00 - 23:59""}, {""day"": ""Thursday"", ""hours"": ""00:00 - 23:59""}, {""day"": ""Friday"", ""hours"": ""00:00 - 23:59""}]",+62 859-7084-6171,1.0344406,103.9784272,"https://www.google.com/maps/place/cara+menyempitkan+daerah+kewanitaan+secara+alami/@1.0344406,103.9784272,17z/data=!3m1!4b1!4m6!3m5!1s0x31d98d8ea42f5777:0x8a60c1ae9dc46ca1!8m2!3d1.0344406!4d103.9784272!16s%2Fg%2F11fylzfkxk?authuser=0&hl=en&entry=ttu&g_ep=EgoyMDI0MTAyOS4wIKXMDSoASAFQAw%3D%3D",0,Retail,Indonesia.Batam.Cosmetics.202410290644.db,places,null_required_column
2690,Rosebuds Beauty (Beauty supply store),0.0,0,0,,,"Pondok Asri, Ruko No.3-5 Blok Y, Sungai Panas, Kec. Batam Kota, Kota Batam, Kepulauan Riau 29444, Indonesia",[],+62 812-6689-1300,1.1382995,104.0112785,https://www.google.com/maps/place/Rosebuds+Beauty/data=!4m7!3m6!1s0x31d989af529e9757:0xc3e2918eeefaf599!8m2!3d1.1382995!4d104.0112785!16s%2Fg%2F11w224r327!19sChIJV5eeUq-J2TERmfX67o6R4sM?authuser=0&hl=en&rclk=1,0,Retail,Indonesia.Batam.Cosmetics.202410290644.db,places,null_required_column
2691,LULA SECRET OF BEAUTY (Cosmetics store),0.0,0,0,,,"Ruko aladin, jl. Abuyaltama Blk. G No.2A, Belian, Kec. Batam Kota, Kota Batam, Kepulauan Riau 29465, Indonesia","[{""day"": ""Saturday"", ""hours"": ""10:00 - 21:00""}, {""day"": ""Sunday"", ""hours"": ""10:00 - 21:00""}, {""day"": ""Monday"", ""hours"": ""10:00 - 21:00""}, {""day"": ""Tuesday"", ""hours"": ""10:00 - 21:00""}, {""day"": ""Wednesday"", ""hours"": ""10:00 - 21:00""}, {""day"": ""Thursday"", ""hours"": ""10:00 - 21:00""}, {""day"": ""Friday"", ""hours"": ""10:00 - 21:00""}]",+62 813-7801-8289,1.1618991,104.0378076,https://www.google.com/maps/place/LULA+SECRET+OF+BEAUTY/data=!4m7!3m6!1s0x31d989533beb7dd9:0x859b47b417fc4f62!8m2!3d1.1618991!4d104.0378076!16s%2Fg%2F11tnvzzslb!19sChIJ2X3rO1OJ2TERYk_8F7RHm4U?authuser=0&hl=en&rclk=1,0,Retail,Indonesia.Batam.Cosmetics.202410290644.db,places,null_required_column
2701,Natasya maxie owner (Cosmetics store),0.0,0,0,,,"5X4X+HGV, Jl. Duyung, Sungai Jodoh, Kec. Batu Ampar, Kota Batam, Kepulauan Riau 29444, Indonesia","[{""day"": ""Saturday"", ""hours"": ""08:00 - 22:00""}, {""day"": ""Sunday"", ""hours"": ""08:00 - 22:00""}, {""day"": ""Monday"", ""hours"": ""08:00 - 22:00""}, {""day"": ""Tuesday"", ""hours"": ""08:00 - 22:00""}, {""day"": ""Wednesday"", ""hours"": ""08:00 - 22:00""}, {""day"": ""Thursday"", ""hours"": ""08:00 - 22:00""}, {""day"": ""Friday"", ""hours"": ""08:00 - 22:00""}]",,1.1565121,103.9988284,https://www.google.com/maps/place/Natasya+maxie+owner/data=!4m7!3m6!1s0x31d98b0040068757:0x1a40e24990a4c0fe!8m2!3d1.1565121!4d103.9988284!16s%2Fg%2F11y3t5wtq0!19sChIJV4cGQACL2TER_sCkkEniQBo?authuser=0&hl=en&rclk=1,0,Retail,Indonesia.Batam.Cosmetics.202410290644.db,places,null_required_column
2729,Beauty Store Official (Cosmetics store),0.0,0,0,,,"426X+PGP, Baloi Permai, Batam Kota, Batam City, Riau Islands, Indonesia","[{""day"": ""Saturday"", ""hours"": ""09:00 - 22:00""}, {""day"": ""Sunday"", ""hours"": ""09:00 - 22:00""}, {""day"": ""Monday"", ""hours"": ""09:00 - 22:00""}, {""day"": ""Tuesday"", ""hours"": ""09:00 - 22:00""}, {""day"": ""Wednesday"", ""hours"": ""09:00 - 22:00""}, {""day"": ""Thursday"", ""hours"": ""09:00 - 22:00""}, {""day"": ""Friday"", ""hours"": ""09:00 - 22:00""}]",+62 856-5651-5880,1.1118282,104.0488137,https://www.google.com/maps/place/Beauty+Store+Official/data=!4m7!3m6!1s0x31d9890042637b63:0x337445b401dbe79d!8m2!3d1.1118282!4d104.0488137!16s%2Fg%2F11y2fq2d44!19sChIJY3tjQgCJ2TERnefbAbRFdDM?authuser=0&hl=en&rclk=1,0,Retail,Indonesia.Batam.Cosmetics.202410290644.db,places,null_required_column
2756,Birulangit Skincare (Cosmetics store),0.0,0,0,,,"Taman Jl. Mediterania, Baloi Permai, Kec. Batam Kota, Kota Batam, Kepulauan Riau 29431, Indonesia",[],,1.102859,104.0690206,https://www.google.com/maps/place/Birulangit+Skincare/data=!4m7!3m6!1s0x31d989a93278eeb5:0xc655e0db886a2f72!8m2!3d1.102859!4d104.0690206!16s%2Fg%2F11vsp_cg8w!19sChIJte54MqmJ2TERci9qiNvgVcY?authuser=0&hl=en&rclk=1,0,Retail,Indonesia.Batam.Cosmetics.202410290644.db,places,null_required_column
2783,Oriflame SPO 1066 (Cosmetics store),0.0,0,0,,,"Ruko Mega Legenda, Jalan Mega Legenda Blok B1 No. 39, Baloi Permai, Kec. Batam Kota, Kota Batam, Kepulauan Riau 29432, Indonesia","[{""day"": ""Saturday"", ""hours"": ""08:00 - 21:00""}, {""day"": ""Sunday"", ""hours"": ""08:00 - 21:00""}, {""day"": ""Monday"", ""hours"": ""08:00 - 21:00""}, {""day"": ""Tuesday"", ""hours"": ""08:00 - 21:00""}, {""day"": ""Wednesday"", ""hours"": ""08:00 - 21:00""}, {""day"": ""Thursday"", ""hours"": ""08:00 - 21:00""}, {""day"": ""Friday"", ""hours"": ""08:00 - 21:00""}]",,1.1005523,104.0588581,"https://www.google.com/maps/place/Oriflame+SPO+1066/@1.1005523,104.0588581,17z/data=!3m1!4b1!4m6!3m5!1s0x31d98f2b512d5c11:0xcbd7093e50f242ab!8m2!3d1.1005523!4d104.0588581!16s%2Fg%2F11byl4wbmd?authuser=0&hl=en&entry=ttu&g_ep=EgoyMDI0MTAyOS4wIKXMDSoASAFQAw%3D%3D",0,Retail,Indonesia.Batam.Cosmetics.202410290644.db,places,null_required_column
2799,D'beauty studio batam (Beauty salon),0.0,0,0,,,"Jl. Baloi Impian No.13 blok a1, Batu Selicin, Kec. Lubuk Baja, Kota Batam, Kepulauan Riau 29444, Indonesia","[{""day"": ""Saturday"", ""hours"": ""10:00 - 19:00""}, {""day"": ""Sunday"", ""hours"": ""10:00 - 19:00""}, {""day"": ""Monday"", ""hours"": ""10:00 - 19:00""}, {""day"": ""Tuesday"", ""hours"": ""10:00 - 19:00""}, {""day"": ""Wednesday"", ""hours"": ""10:00 - 19:00""}, {""day"": ""Thursday"", ""hours"": ""10:00 - 19:00""}, {""day"": ""Friday"", ""hours"": ""10:00 - 19:00""}]",+62 823-8423-5556,1.1349428,104.0065131,"https://www.google.com/maps/place/D'beauty+studio+batam/@1.1349428,104.0065131,17z/data=!3m1!4b1!4m6!3m5!1s0x31d98beb425ee241:0x46c6d747911326f9!8m2!3d1.1349428!4d104.0065131!16s%2Fg%2F11sc0yfnb_?authuser=0&hl=en&entry=ttu&g_ep=EgoyMDI0MTAyOS4wIKXMDSoASAFQAw%3D%3D",0,Retail,Indonesia.Batam.Cosmetics.202410290644.db,places,null_required_column
2824,Dr  Linda Syaidarita Dokter Umum (Doctor),0.0,0,0,,,"Taman Kartini raya tahap 2 Blok J No 2, Kota Batam, Kepulauan Riau, Indonesia","[{""day"": ""Saturday"", ""hours"": ""08:00 - 22:00""}, {""day"": ""Sunday"", ""hours"": ""08:00 - 22:00""}, {""day"": ""Monday"", ""hours"": ""08:00 - 22:00""}, {""day"": ""Tuesday"", ""hours"": ""08:00 - 22:00""}, {""day"": ""Wednesday"", ""hours"": ""08:00 - 22:00""}, {""day"": ""Thursday"", ""hours"": ""08:00 - 22:00""}, {""day"": ""Friday"", ""hours"": ""08:00 - 22:00""}]",,1.1038181,103.9462078,https://www.google.com/maps/place/Dr.+Linda+Syaidarita+Dokter+Umum/data=!4m7!3m6!1s0x31d9893f3feb2583:0x2593c9afc36271d7!8m2!3d1.1038181!4d103.9462078!16s%2Fg%2F11sh72spp7!19sChIJgyXrPz-J2TER13Fiw6_JkyU?authuser=0&hl=en&rclk=1,0,Retail,Indonesia.Batam.Cosmetics.202410290644.db,places,null_required_column
2825,POSYANDU KAMBOJA V (Nutritionist),0.0,0,0,,,"Perum Taman Kartini Raya 1, Sungai Harapan, Kec. Sekupang, Kota Batam, Kepulauan Riau, Indonesia",[],,1.1029162,103.9475164,"https://www.google.com/maps/place/POSYANDU+KAMBOJA+V/@1.1029162,103.9475164,17z/data=!3m1!4b1!4m6!3m5!1s0x31d98b890f66cfad:0x42f511e62986acb6!8m2!3d1.1029162!4d103.9475164!16s%2Fg%2F11v3n2sny_?authuser=0&hl=en&entry=ttu&g_ep=EgoyMDI0MTAyOS4wIKXMDSoASAFQAw%3D%3D",0,Retail,Indonesia.Batam.Cosmetics.202410290644.db,places,null_required_column
2847,Mahkota Berl Cosmetics (Cosmetics store),0.0,0,0,,,"Perumahan Oma Batam Center Blok A3 no 23 Kelurahan, Baloi Permai, Kec. Batam Kota, Kota Batam, Kepulauan Riau 29444, Indonesia","[{""day"": ""Saturday"", ""hours"": ""08:00 - 21:00""}, {""day"": ""Sunday"", ""hours"": ""08:00 - 21:00""}, {""day"": ""Monday"", ""hours"": ""08:00 - 21:00""}, {""day"": ""Tuesday"", ""hours"": ""08:00 - 21:00""}, {""day"": ""Wednesday"", ""hours"": ""08:00 - 21:00""}, {""day"": ""Thursday"", ""hours"": ""08:00 - 21:00""}, {""day"": ""Friday"", ""hours"": ""08:00 - 21:00""}]",+62 813-7289-4135,1.1059958,104.0534167,https://www.google.com/maps/place/Mahkota+Berl+Cosmetics/data=!4m7!3m6!1s0x31d98993610ce4b3:0x63c3d53c3e14806e!8m2!3d1.1059958!4d104.0534167!16s%2Fg%2F11j7n_5jg0!19sChIJs-QMYZOJ2TERboAUPjzVw2M?authuser=0&hl=en&rclk=1,0,Retail,Indonesia.Batam.Cosmetics.202410290644.db,places,null_required_column
2849,AGEN REGLOW BATAM CENTER (Cosmetics store),0.0,0,0,,,"Perum KDA, Batam Center, Jl. Manyar 4 No.17, Belian, Kec. Batam Kota, Kota Batam, Kepulauan Riau 29431, Indonesia","[{""day"": ""Saturday"", ""hours"": ""08:00 - 20:00""}, {""day"": ""Sunday"", ""hours"": ""08:00 - 20:00""}, {""day"": ""Monday"", ""hours"": ""08:00 - 20:00""}, {""day"": ""Tuesday"", ""hours"": ""08:00 - 20:00""}, {""day"": ""Wednesday"", ""hours"": ""08:00 - 20:00""}, {""day"": ""Thursday"", ""hours"": ""08:00 - 20:00""}, {""day"": ""Friday"", ""hours"": ""08:00 - 20:00""}]",+62 812-6858-7510,1.1051758,104.0841523,https://www.google.com/maps/place/AGEN+REGLOW+BATAM+CENTER/data=!4m7!3m6!1s0x31d989c0df4e25ff:0x7709e8786ae5f30b!8m2!3d1.1051758!4d104.0841523!16s%2Fg%2F11ty28b1qn!19sChIJ_yVO38CJ2TERC_PlanjoCXc?authuser=0&hl=en&rclk=1,0,Retail,Indonesia.Batam.Cosmetics.202410290644.db,places,null_required_column
2851,Drw skincare Batam (Cosmetics store),0.0,0,0,,,"Ruko Graha Nusa Permai Blok C9 No.9, Belian, Kota Batam, Kepulauan Riau, Indonesia","[{""day"": ""Saturday"", ""hours"": ""08:00 - 17:00""}, {""day"": ""Sunday"", ""hours"": ""08:00 - 17:00""}, {""day"": ""Monday"", ""hours"": ""08:00 - 17:00""}, {""day"": ""Tuesday"", ""hours"": ""08:00 - 17:00""}, {""day"": ""Wednesday"", ""hours"": ""08:00 - 17:00""}, {""day"": ""Thursday"", ""hours"": ""08:00 - 17:00""}, {""day"": ""Friday"", ""hours"": ""08:00 - 17:00""}]",+62 877-2225-9332,1.1157648,104.0924459,https://www.google.com/maps/place/Drw+skincare+Batam/data=!4m7!3m6!1s0x31d9899899625cad:0x232141eb6dc54ea8!8m2!3d1.1157648!4d104.0924459!16s%2Fg%2F11rzsm9l6j!19sChIJrVximZiJ2TERqE7FbetBISM?authuser=0&hl=en&rclk=1,0,Retail,Indonesia.Batam.Cosmetics.202410290644.db,places,null_required_column
2861,Minuman Kecantikan Kulit  Supplemen Kesehatan & Kecantikan Kulit (Health and beauty shop),0.0,0,0,,,"Jl Golden city raya Kios Jl. Golden Prawn No.51 blok B, Tj. Buntung, Kec. Bengkong, Kota Batam, Kepulauan Riau, Indonesia","[{""day"": ""Saturday"", ""hours"": ""00:00 - 23:59""}, {""day"": ""Sunday"", ""hours"": ""00:00 - 23:59""}, {""day"": ""Monday"", ""hours"": ""00:00 - 23:59""}, {""day"": ""Tuesday"", ""hours"": ""00:00 - 23:59""}, {""day"": ""Wednesday"", ""hours"": ""00:00 - 23:59""}]",+62 895-2010-6009,1.12153,104.004158,"https://www.google.com/maps/place/Minuman+Kecantikan+Kulit,+Supplemen+Kesehatan+%26+Kecantikan+Kulit/@1.12153,104.004158,17z/data=!3m1!4b1!4m6!3m5!1s0x31d98bde4b07a3b9:0x6ff1a4eb45b9455f!8m2!3d1.12153!4d104.004158!16s%2Fg%2F11gdtvtc_6?authuser=0&hl=en&entry=ttu&g_ep=EgoyMDI0MTAyOS4wIKXMDSoASAFQAw%3D%3D",0,Retail,Indonesia.Batam.Cosmetics.202410290644.db,places,null_required_column
2870,PRINCES SUZANNE SALON (Beauty salon),0.0,0,0,,,"Lo 6, Jl. Taman Raya tahap 5, Belian, Kec. Batam Kota, Kota Batam, Kepulauan Riau 29465, Indonesia",[],,1.1251812,104.0916744,https://www.google.com/maps/place/PRINCES+SUZANNE+SALON/data=!4m7!3m6!1s0x31d9890021db6c25:0x88ae659a727e8ff5!8m2!3d1.1251812!4d104.0916744!16s%2Fg%2F11ldwpq0lm!19sChIJJWzbIQCJ2TER9Y9-cpplrog?authuser=0&hl=en&rclk=1,0,Retail,Indonesia.Batam.Cosmetics.202410290644.db,places,null_required_column
2872,Toko Skincare (Cosmetics store),0.0,0,0,,,"42FR+GGV, Jl. Mitra Raya, Tlk. Tering, Kec. Batam Kota, Kota Batam, Kepulauan Riau 29444, Indonesia",[],,1.1238506,104.0413019,https://www.google.com/maps/place/Toko+Skincare/data=!4m7!3m6!1s0x31d98971065f46b7:0xb9ca0b6b0e563612!8m2!3d1.1238506!4d104.0413019!16s%2Fg%2F11v19g29h0!19sChIJt0ZfBnGJ2TEREjZWDmsLyrk?authuser=0&hl=en&rclk=1,0,Retail,Indonesia.Batam.Cosmetics.202410290644.db,places,null_required_column
2891,Reseller miamore (Cosmetics store),0.0,0,0,,,"Blk. C kavling No.41, Patam Lestari, Kec. Sekupang, Kota Batam, Kepulauan Riau 29427, Indonesia","[{""day"": ""Saturday"", ""hours"": ""07:35 - 00:00""}, {""day"": ""Sunday"", ""hours"": ""07:35 - 00:00""}, {""day"": ""Monday"", ""hours"": ""07:35 - 00:00""}, {""day"": ""Tuesday"", ""hours"": ""07:35 - 00:00""}, {""day"": ""Wednesday"", ""hours"": ""07:35 - 00:00""}, {""day"": ""Thursday"", ""hours"": ""07:35 - 00:00""}, {""day"": ""Friday"", ""hours"": ""07:35 - 00:00""}]",+62 856-6832-1251,1.1268534,103.9639147,https://www.google.com/maps/place/Reseller+miamore/data=!4m7!3m6!1s0x31d98b0040e32fb7:0xbeff74140460bffd!8m2!3d1.1268534!4d103.9639147!16s%2Fg%2F11y26g44vf!19sChIJty_jQACL2TER_b9gBBR0_74?authuser=0&hl=en&rclk=1,0,Retail,Indonesia.Batam.Cosmetics.202410290644.db,places,null_required_column
2909,Maresha Skincare Batam01 (Cosmetics store),0.0,0,0,,,"Apartement happy green town blok b no. b1, Tj. Buntung, Kec. Bengkong, Kota Batam, Kepulauan Riau 29444, Indonesia","[{""day"": ""Saturday"", ""hours"": ""10:00 - 05:24""}, {""day"": ""Sunday"", ""hours"": ""Closed""}, {""day"": ""Monday"", ""hours"": ""10:00 - 05:24""}, {""day"": ""Tuesday"", ""hours"": ""Closed""}, {""day"": ""Wednesday"", ""hours"": ""Closed""}, {""day"": ""Thursday"", ""hours"": ""Closed""}, {""day"": ""Friday"", ""hours"": ""Closed""}]",+62 822-6819-8456,1.1585458,104.0223172,https://www.google.com/maps/place/Maresha+Skincare+Batam01/data=!4m7!3m6!1s0x31d98941edcbb47f:0xe416803168da580!8m2!3d1.1585458!4d104.0223172!16s%2Fg%2F11fmvjlz4m!19sChIJf7TL7UGJ2TERgKWNFgNoQQ4?authuser=0&hl=en&rclk=1,0,Retail,Indonesia.Batam.Cosmetics.202410290644.db,places,null_required_column
2936,Djasoen Beautycare (Greenhouse & Equipment Supplier),0.0,0,0,,,"Perum Teringraya Blok D2 No.3, Tj. Sengkuang, Kec. Batu Ampar, Kota Batam, Kepulauan Riau 29444, Indonesia","[{""day"": ""Saturday"", ""hours"": ""08:00 - 18:00""}, {""day"": ""Sunday"", ""hours"": ""Closed""}, {""day"": ""Monday"", ""hours"": ""08:00 - 18:00""}, {""day"": ""Tuesday"", ""hours"": ""Closed""}, {""day"": ""Wednesday"", ""hours"": ""Closed""}, {""day"": ""Thursday"", ""hours"": ""Closed""}, {""day"": ""Friday"", ""hours"": ""Closed""}]",+62 857-2932-1123,1.1714071,104.0130391,https://www.google.com/maps/place/Djasoen+Beautycare/data=!4m7!3m6!1s0x31d98949e6caec23:0x615f2f28e7e187a4!8m2!3d1.1714071!4d104.0130391!16s%2Fg%2F11fb1dy88p!19sChIJI-zK5kmJ2TERpIfh5ygvX2E?authuser=0&hl=en&rclk=1,0,Retail,Indonesia.Batam.Cosmetics.202410290644.db,places,null_required_column
2999,YULIBeautySkin (Cosmetics store),0.0,0,0,,,"Perum Intan Residence, Blk. C No.14, Batu Besar, Kecamatan Nongsa, Kota Batam, Kepulauan Riau 29466, Indonesia","[{""day"": ""Saturday"", ""hours"": ""09:00 - 21:00""}, {""day"": ""Sunday"", ""hours"": ""Closed""}, {""day"": ""Monday"", ""hours"": ""09:00 - 21:00""}, {""day"": ""Tuesday"", ""hours"": ""09:00 - 21:00""}, {""day"": ""Wednesday"", ""hours"": ""09:00 - 21:00""}, {""day"": ""Thursday"", ""hours"": ""09:00 - 21:00""}, {""day"": ""Friday"", ""hours"": ""09:00 - 21:00""}]",+62 812-6666-0043,1.1208507,104.0871308,"https://www.google.com/maps/place/YULIBeautySkin/@1.1208507,104.0871308,17z/data=!3m1!4b1!4m6!3m5!1s0x31d9896bce83e3b7:0x3cd25ef106f22bb3!8m2!3d1.1208507!4d104.0871308!16s%2Fg%2F11h6m06ksh?authuser=0&hl=en&entry=ttu&g_ep=EgoyMDI0MTAyOS4wIKXMDSoASAFQAw%3D%3D",0,Retail,Indonesia.Batam.Cosmetics.202410290644.db,places,null_required_column
3002,L & L Cosmetic (Cosmetics store),0.0,0,0,,,"Jl. Ahmad Yani No.71, Kabil, Kecamatan Nongsa, Kota Batam, Kepulauan Riau 29433, Indonesia",[],+62 778 371000,1.071786,104.023849,https://www.google.com/maps/place/L+%26+L+Cosmetic/data=!4m7!3m6!1s0x31d98e8e655c42a3:0x88db34579ce9dbe6!8m2!3d1.071786!4d104.023849!16s%2Fg%2F11bc7rpxrd!19sChIJo0JcZY6O2TER5tvpnFc024g?authuser=0&hl=en&rclk=1,0,Retail,Indonesia.Batam.Cosmetics.202410290644.db,places,null_required_column
3015,Emi oriflame (Health and beauty shop),0.0,0,0,,,"Perumahan, Dari Masjid Jabal Nur belok kiri, Jl. Puri Malaka Jl. Tiban Raya No.3 Blok G, Kota Batam, Kepulauan Riau, Indonesia",[],+62 813-7212-7911,1.1057344,103.9634481,https://www.google.com/maps/place/Emi+oriflame/data=!4m7!3m6!1s0x31d98bc2a4871d61:0x2ce1a8a3f7e6f99a!8m2!3d1.1057344!4d103.9634481!16s%2Fg%2F11w3cl5v0p!19sChIJYR2HpMKL2TERmvnm96Oo4Sw?authuser=0&hl=en&rclk=1,0,Retail,Indonesia.Batam.Cosmetics.202410290644.db,places,null_required_column
3062,Indocosmetics (Cosmetics store),0.0,0,0,,,"Plaza Batamindo, Jl. Ahmad Yani, Muka Kuning, Kecamatan Nongsa, Kota Batam, Kepulauan Riau 29444, Indonesia","[{""day"": ""Saturday"", ""hours"": ""08:00 - 21:00""}, {""day"": ""Sunday"", ""hours"": ""08:00 - 21:00""}, {""day"": ""Monday"", ""hours"": ""08:00 - 21:00""}, {""day"": ""Tuesday"", ""hours"": ""08:00 - 21:00""}, {""day"": ""Wednesday"", ""hours"": ""08:00 - 21:00""}, {""day"": ""Thursday"", ""hours"": ""08:00 - 21:00""}, {""day"": ""Friday"", ""hours"": ""08:00 - 21:00""}]",+62 852-7273-2110,1.0672936,104.0239661,"https://www.google.com/maps/place/Indocosmetics/@1.0672936,104.0239661,17z/data=!3m1!4b1!4m6!3m5!1s0x31d98e8968680dab:0xc2ae4f04726d55a8!8m2!3d1.0672936!4d104.0239661!16s%2Fg%2F11b8090r33?authuser=0&hl=en&entry=ttu&g_ep=EgoyMDI0MTAyOS4wIKXMDSoASAFQAw%3D%3D",0,Retail,Indonesia.Batam.Cosmetics.202410290644.db,places,null_required_column
3072,Lady Love (Cosmetics store),0.0,0,0,,,"PANBILL MALL, JL. KAWASAN KOMERSIL MUKA KUNING LANTAI DASAR NO.50, Kabil, Kecamatan Nongsa, Kota Batam, Kepulauan Riau 209433, Indonesia","[{""day"": ""Saturday"", ""hours"": ""11:00 - 23:00""}, {""day"": ""Sunday"", ""hours"": ""11:00 - 23:00""}, {""day"": ""Monday"", ""hours"": ""11:00 - 23:00""}, {""day"": ""Tuesday"", ""hours"": ""11:00 - 23:00""}, {""day"": ""Wednesday"", ""hours"": ""11:00 - 23:00""}, {""day"": ""Thursday"", ""hours"": ""11:00 - 23:00""}, {""day"": ""Friday"", ""hours"": ""11:00 - 23:00""}]",+62 811-7706-998,1.0721861,104.0234634,https://www.google.com/maps/place/Lady+Love/data=!4m7!3m6!1s0x31d98f3592787c6f:0x6df52da005d20621!8m2!3d1.0721861!4d104.0234634!16s%2Fg%2F11l2nzznn8!19sChIJb3x4kjWP2TERIQbSBaAt9W0?authuser=0&hl=en&rclk=1,0,Retail,Indonesia.Batam.Cosmetics.202410290644.db,places,null_required_column
3073,Vemale Beauty (Cosmetics store),0.0,0,0,,,"Jl. Bengkong Indah II Gg. Flamboyan No.1 Blok F, Bengkong Indah, Kec. Bengkong, Kota Batam, Kepulauan Riau 29444, Indonesia",[],,1.1466342,104.02776,https://www.google.com/maps/place/Vemale+Beauty/data=!4m7!3m6!1s0x31d98900039c08fd:0x16e2f5213c089933!8m2!3d1.1466342!4d104.02776!16s%2Fg%2F11y2h0czt7!19sChIJ_QicAwCJ2TERM5kIPCH14hY?authuser=0&hl=en&rclk=1,0,Retail,Indonesia.Batam.Cosmetics.202410290644.db,places,null_required_column
3078,BENING’S RAINY BENGKONG (Cosmetics store),0.0,0,0,,,"Sebelah ATM, Jl. Laksamana Bintan No.7 Kios No 4, Bengkong Indah, Supermarket, Kota Batam, Kepulauan Riau 29444, Indonesia","[{""day"": ""Saturday"", ""hours"": ""09:00 - 21:00""}, {""day"": ""Sunday"", ""hours"": ""09:00 - 21:00""}, {""day"": ""Monday"", ""hours"": ""09:00 - 21:00""}, {""day"": ""Tuesday"", ""hours"": ""09:00 - 21:00""}, {""day"": ""Wednesday"", ""hours"": ""09:00 - 21:00""}, {""day"": ""Thursday"", ""hours"": ""09:00 - 21:00""}, {""day"": ""Friday"", ""hours"": ""09:00 - 21:00""}]",+62 812-6883-1945,1.1460402,104.0277916,"https://www.google.com/maps/place/BENING%E2%80%99S+RAINY+BENGKONG/@1.1460402,104.0277916,17z/data=!3m1!4b1!4m6!3m5!1s0x31d9891123cb6aab:0xcf3a298e56ece034!8m2!3d1.1460402!4d104.0277916!16s%2Fg%2F11vxjvdn90?authuser=0&hl=en&entry=ttu&g_ep=EgoyMDI0MTAyOS4wIKXMDSoASAFQAw%3D%3D",0,Retail,Indonesia.Batam.Cosmetics.202410290644.db,places,null_required_column
3085,Frotia glow beauty (Cosmetics store),0.0,0,0,,,"Near Top 100 Plaza and, Grand Batam Mall, Guardian No.Lot 20 Lower Ground, Batu Selicin, Lubuk Baja, Batam City, Riau Islands 29432, Indonesia",[],,1.135462,104.0077571,https://www.google.com/maps/place/Frotia+glow+beauty/data=!4m7!3m6!1s0x31d9890000192b55:0x1eeb09f7deab479d!8m2!3d1.135462!4d104.0077571!16s%2Fg%2F11vy9w5c7z!19sChIJVSsZAACJ2TERnUer3vcJ6x4?authuser=0&hl=en&rclk=1,0,Retail,Indonesia.Batam.Cosmetics.202410290644.db,places,null_required_column
3086,Bless (Cosmetics store),0.0,0,0,,,"Golden Truly Department Store Batam 1St Floor (BCS MALL), JL. Bunga Raya, Sei Baloi, Baloi Indah, Kec. Lubuk Baja, Kota Batam, Kepulauan Riau 29444, Indonesia","[{""day"": ""Saturday"", ""hours"": ""07:00 - 22:00""}, {""day"": ""Sunday"", ""hours"": ""07:00 - 22:00""}, {""day"": ""Monday"", ""hours"": ""07:00 - 21:30""}, {""day"": ""Tuesday"", ""hours"": ""07:00 - 21:30""}, {""day"": ""Wednesday"", ""hours"": ""07:00 - 21:30""}, {""day"": ""Thursday"", ""hours"": ""07:00 - 21:30""}, {""day"": ""Friday"", ""hours"": ""07:00 - 21:30""}]",+62 778 7435702,1.132119,104.012367,https://www.google.com/maps/place/Bless/data=!4m7!3m6!1s0x31d9897c7b5ac2e1:0x6683c28d001a6767!8m2!3d1.132119!4d104.012367!16s%2Fg%2F1pzrjp_pp!19sChIJ4cJae3yJ2TERZ2caAI3Cg2Y?authuser=0&hl=en&rclk=1,0,Retail,Indonesia.Batam.Cosmetics.202410290644.db,places,null_required_column
3088,Lunadorii (Cosmetics store),0.0,0,0,,,"KOMPLEK RUKO GOLDEN BEACH, Blk. A No.17-18, Tj. Buntung, Kec. Bengkong, Kota Batam, Kepulauan Riau 29342, Indonesia","[{""day"": ""Saturday"", ""hours"": ""11:00 - 22:00""}, {""day"": ""Sunday"", ""hours"": ""11:00 - 22:00""}, {""day"": ""Monday"", ""hours"": ""11:00 - 22:00""}, {""day"": ""Tuesday"", ""hours"": ""11:00 - 22:00""}, {""day"": ""Wednesday"", ""hours"": ""11:00 - 22:00""}, {""day"": ""Thursday"", ""hours"": ""11:00 - 22:00""}, {""day"": ""Friday"", ""hours"": ""11:00 - 22:00""}]",,1.1354727,104.0075697,https://www.google.com/maps/place/Lunadorii/data=!4m7!3m6!1s0x31d989fe39be6921:0x7755e7a21ba00ae6!8m2!3d1.1354727!4d104.0075697!16s%2Fg%2F11h7fs_6lj!19sChIJIWm-Of6J2TER5gqgG6LnVXc?authuser=0&hl=en&rclk=1,0,Retail,Indonesia.Batam.Cosmetics.202410290644.db,places,null_required_column
3092,ZEE STOCKIST SKINCARE BATAM (Cosmetics store),0.0,0,0,,,"Jl. Yos Sudarso, Tj. Buntung, Kec. Bengkong, Kota Batam, Kepulauan Riau 29433, Indonesia","[{""day"": ""Saturday"", ""hours"": ""00:00 - 23:59""}, {""day"": ""Sunday"", ""hours"": ""00:00 - 23:59""}, {""day"": ""Monday"", ""hours"": ""00:00 - 23:59""}, {""day"": ""Tuesday"", ""hours"": ""00:00 - 23:59""}, {""day"": ""Wednesday"", ""hours"": ""00:00 - 23:59""}, {""day"": ""Thursday"", ""hours"": ""00:00 - 23:59""}, {""day"": ""Friday"", ""hours"": ""00:00 - 23:59""}]",+62 853-5529-2927,1.1616819,104.0254217,https://www.google.com/maps/place/ZEE+STOCKIST+SKINCARE+BATAM/data=!4m7!3m6!1s0x31d989298e3ee261:0x86efd77c37f89e5a!8m2!3d1.1616819!4d104.0254217!16s%2Fg%2F11whw0_1bf!19sChIJYeI-jimJ2TERWp74N3zX74Y?authuser=0&hl=en&rclk=1,0,Retail,Indonesia.Batam.Cosmetics.202410290644.db,places,null_required_column
3115,Distributor SYR Glowing (Stock),0.0,0,0,,,,[],+62 812-6643-2048,-2.44565,117.8888,"https://www.google.com/maps/place/Distributor+SYR+Glowing/@-2.44565,117.8888,4z/data=!3m1!4b1!4m6!3m5!1s0x31d98bcce5666b5d:0x31cd9595a650b499!8m2!3d-2.44565!4d117.8888!16s%2Fg%2F11j6s01c17?authuser=0&hl=en&entry=ttu&g_ep=EgoyMDI0MTAyOS4wIKXMDSoASAFQAw%3D%3D",0,Retail,Indonesia.Batam.Cosmetics.202410290644.db,places,null_required_column
3178,DISTRIBUTOR BABA PARFUME BATAM DAN SKINCARE RATU GLOW (Cosmetics store),0.0,0,0,,,"Perumahan taman kartini raya No.1 blok A16, RT.001/RW.014, Sungai Harapan, Kec. Sekupang, Kota Batam, Kepulauan Riau, Indonesia",[],,1.1030976,103.9482416,https://www.google.com/maps/place/DISTRIBUTOR+BABA+PARFUME+BATAM+DAN+SKINCARE+RATU+GLOW/data=!4m7!3m6!1s0x31d98b005209755b:0x9969a20c51a63622!8m2!3d1.1030976!4d103.9482416!16s%2Fg%2F11vqhqx213!19sChIJW3UJUgCL2TERIjamUQyiaZk?authuser=0&hl=en&rclk=1,0,Retail,Indonesia.Batam.Cosmetics.202410290644.db,places,null_required_column
3197,Jeson Cosmetic (Cosmetics store),0.0,0,0,,,"Plaza Batamindo, Jl. Ahmad Yani Lantai Dasar A-12, Muka Kuning, Kecamatan Nongsa, Kota Batam, Kepulauan Riau 29444, Indonesia",[],+62 822-8842-2236,1.0672941,104.0239672,"https://www.google.com/maps/place/Jeson+Cosmetic/@1.0672941,104.0239672,17z/data=!3m1!4b1!4m6!3m5!1s0x31d98e89684f23e7:0x7b262a85e9c8b51f!8m2!3d1.0672941!4d104.0239672!16s%2Fg%2F11bt_hfb5f?authuser=0&hl=en&entry=ttu&g_ep=EgoyMDI0MTAyOS4wIKXMDSoASAFQAw%3D%3D",0,Retail,Indonesia.Batam.Cosmetics.202410290644.db,places,null_required_column
3202,Rio Kosmetik (Cosmetics store),0.0,0,0,,,"Plaza Batamindo 2nd Floor, JL Letjen Suprapto, Batamindo Industrial Park, Kabil, Batam, Kota Batam, Kepulauan Riau 29433, Indonesia","[{""day"": ""Saturday"", ""hours"": ""09:00 - 17:00""}, {""day"": ""Sunday"", ""hours"": ""09:00 - 17:00""}, {""day"": ""Monday"", ""hours"": ""09:00 - 17:00""}, {""day"": ""Tuesday"", ""hours"": ""09:00 - 17:00""}, {""day"": ""Wednesday"", ""hours"": ""09:00 - 17:00""}, {""day"": ""Thursday"", ""hours"": ""09:00 - 17:00""}, {""day"": ""Friday"", ""hours"": ""09:00 - 17:00""}]",+62 770 611222,1.069968,104.02261,"https://www.google.com/maps/place/Rio+Kosmetik/@1.069968,104.02261,17z/data=!3m1!4b1!4m6!3m5!1s0x31d98e8ec2f0229b:0x1c569d9b84768937!8m2!3d1.069968!4d104.02261!16s%2Fg%2F1pzxqcp_5?authuser=0&hl=en&entry=ttu&g_ep=EgoyMDI0MTAyOS4wIKXMDSoASAFQAw%3D%3D",0,Retail,Indonesia.Batam.Cosmetics.202410290644.db,places,null_required_column
3244,Benings Tiban Sekupang (Cosmetics store),0.0,0,0,,,"4X58+486, Jl. Tiban Raya, Tiban Baru, Kec. Sekupang, Kota Batam, Kepulauan Riau 29424, Indonesia",[],,1.1077993,103.9657782,"https://www.google.com/maps/place/Benings+Tiban+Sekupang/@1.1077993,103.9657782,17z/data=!3m1!4b1!4m6!3m5!1s0x31d98b849eefe415:0xed1cd7e46bd8098!8m2!3d1.1077993!4d103.9657782!16s%2Fg%2F11vltsr3j1?authuser=0&hl=en&entry=ttu&g_ep=EgoyMDI0MTAyOS4wIKXMDSoASAFQAw%3D%3D",0,Retail,Indonesia.Batam.Cosmetics.202410290644.db,places,null_required_column
3246,Artika Make Up Artist (Beauty salon),0.0,0,0,,,"Komplek Pajak, Tiban V Kavling Cendrawasih, Blk. C No.05, Indonesia","[{""day"": ""Saturday"", ""hours"": ""13:00 - 00:00""}, {""day"": ""Sunday"", ""hours"": ""13:00 - 00:00""}, {""day"": ""Monday"", ""hours"": ""13:00 - 00:00""}, {""day"": ""Tuesday"", ""hours"": ""13:00 - 00:00""}, {""day"": ""Wednesday"", ""hours"": ""13:00 - 00:00""}, {""day"": ""Thursday"", ""hours"": ""13:00 - 00:00""}, {""day"": ""Friday"", ""hours"": ""13:00 - 00:00""}]",+62 813-7858-5781,1.1192714,103.9641759,https://www.google.com/maps/place/Artika+Make+Up+Artist/data=!4m7!3m6!1s0x31d98b2ed730eff1:0x5b957b2ccdf0ef1b!8m2!3d1.1192714!4d103.9641759!16s%2Fg%2F11vc6x9cqy!19sChIJ8e8w1y6L2TERG-_wzSx7lVs?authuser=0&hl=en&rclk=1,0,Retail,Indonesia.Batam.Cosmetics.202410290644.db,places,null_required_column
3254,SHANNEN BATAM (Cosmetics store),0.0,0,0,,,"4X38+C57, Jl. Tiban Koperasi, Tiban Baru, Kec. Sekupang, Kota Batam, Kepulauan Riau 29424, Indonesia","[{""day"": ""Saturday"", ""hours"": ""09:00 - 17:00""}, {""day"": ""Sunday"", ""hours"": ""09:00 - 17:00""}, {""day"": ""Monday"", ""hours"": ""09:00 - 17:00""}, {""day"": ""Tuesday"", ""hours"": ""09:00 - 17:00""}, {""day"": ""Wednesday"", ""hours"": ""09:00 - 17:00""}, {""day"": ""Thursday"", ""hours"": ""09:00 - 17:00""}, {""day"": ""Friday"", ""hours"": ""09:00 - 17:00""}]",+62 812-2300-9375,1.1035424,103.9654117,https://www.google.com/maps/place/SHANNEN+BATAM/data=!4m7!3m6!1s0x31d98bb3df4b4bc9:0x31b7df0fe5498766!8m2!3d1.1035424!4d103.9654117!16s%2Fg%2F11h4wkm_9g!19sChIJyUtL37OL2TERZodJ5Q_ftzE?authuser=0&hl=en&rclk=1,0,Retail,Indonesia.Batam.Cosmetics.202410290644.db,places,null_required_column
3275,COSMETIC MOMS DAFFA (Health and beauty shop),0.0,0,0,,,,[],+62 812-6883-6183,0.837166,104.053115,https://www.google.com/maps/place/COSMETIC+MOMS+DAFFA/data=!4m7!3m6!1s0x4ebca2057254d7a7:0xa22099a60161b363!8m2!3d0.837166!4d104.053115!16s%2Fg%2F11wb8rtt5k!19sChIJp9dUcgWivE4RY7NhAaaZIKI?authuser=0&hl=en&rclk=1,0,Retail,Indonesia.Batam.Cosmetics.202410290644.db,places,null_required_column
3276,Tifany Beaute (Cosmetics store),0.0,0,0,,,"Ruko, Jl. Perumahan Villa Muka Kuning No.6 blok A1, Tembesi, Kec. Sagulung, Kota Batam, Kepulauan Riau 29424, Indonesia",[],,1.0388164,103.9911975,https://www.google.com/maps/place/Tifany+Beaute/data=!4m7!3m6!1s0x31d98d0021ecd2b5:0x12cafeb5deccefff!8m2!3d1.0388164!4d103.9911975!16s%2Fg%2F11vs79cyj7!19sChIJtdLsIQCN2TER_-_M3rX-yhI?authuser=0&hl=en&rclk=1,0,Retail,Indonesia.Batam.Cosmetics.202410290644.db,places,null_required_column
3288,Anzora BATAM (Cosmetics store),0.0,0,0,,,"Shopping Center Bengkong Kav. Mandiri, Blk. H Bengkong Dalam No.17, Tj. Buntung, Kec. Bengkong, Kota Batam, Kepulauan Riau 29458, Indonesia","[{""day"": ""Saturday"", ""hours"": ""00:00 - 23:59""}, {""day"": ""Sunday"", ""hours"": ""00:00 - 23:59""}, {""day"": ""Monday"", ""hours"": ""00:00 - 23:59""}, {""day"": ""Tuesday"", ""hours"": ""00:00 - 23:59""}, {""day"": ""Wednesday"", ""hours"": ""00:00 - 23:59""}, {""day"": ""Thursday"", ""hours"": ""00:00 - 23:59""}, {""day"": ""Friday"", ""hours"": ""00:00 - 23:59""}]",+62 812-6681-9336,1.1616714,104.0252424,https://www.google.com/maps/place/Anzora+BATAM/data=!4m7!3m6!1s0x31d98957664a84ed:0xe34095d7d60ad14f!8m2!3d1.1616714!4d104.0252424!16s%2Fg%2F11sq1lsrr8!19sChIJ7YRKZleJ2TERT9EK1teVQOM?authuser=0&hl=en&rclk=1,0,Retail,Indonesia.Batam.Cosmetics.202410290644.db,places,null_required_column
3292,Mahveen Skincare Batam (Cosmetics store),0.0,0,0,,,"Perumahan Jl. Putra Kelana Jaya No.44 Blok A2, Sadai, Kec. Bengkong, Kota Batam, Kepulauan Riau 29458, Indonesia","[{""day"": ""Saturday"", ""hours"": ""00:00 - 23:59""}, {""day"": ""Sunday"", ""hours"": ""00:00 - 23:59""}, {""day"": ""Monday"", ""hours"": ""00:00 - 23:59""}, {""day"": ""Tuesday"", ""hours"": ""00:00 - 23:59""}, {""day"": ""Wednesday"", ""hours"": ""00:00 - 23:59""}, {""day"": ""Thursday"", ""hours"": ""00:00 - 23:59""}, {""day"": ""Friday"", ""hours"": ""00:00 - 23:59""}]",+62 811-6685-665,1.1513408,104.0366225,https://www.google.com/maps/place/Mahveen+Skincare+Batam/data=!4m7!3m6!1s0x31d989dd728a86f3:0x8ed384779911275a!8m2!3d1.1513408!4d104.0366225!16s%2Fg%2F11whr849_k!19sChIJ84aKct2J2TERWicRmXeE044?authuser=0&hl=en&rclk=1,0,Retail,Indonesia.Batam.Cosmetics.202410290644.db,places,null_required_column
3294,PARFUME SAYYIDA & SKINCARE BATAM (Cosmetics store),0.0,0,0,,,"Kavling Mandiri, Bengkong Dalam No.17 Blok H, Tj. Buntung, Kec. Bengkong, Kota Batam, Kepulauan Riau 29433, Indonesia","[{""day"": ""Saturday"", ""hours"": ""07:00 - 21:30""}, {""day"": ""Sunday"", ""hours"": ""07:00 - 23:00""}, {""day"": ""Monday"", ""hours"": ""07:00 - 23:00""}, {""day"": ""Tuesday"", ""hours"": ""07:00 - 23:00""}, {""day"": ""Wednesday"", ""hours"": ""07:00 - 23:00""}, {""day"": ""Thursday"", ""hours"": ""07:00 - 23:00""}, {""day"": ""Friday"", ""hours"": ""07:00 - 23:00""}]",+62 853-5529-2927,1.1616651,104.0252691,"https://www.google.com/maps/place/PARFUME+SAYYIDA+%26+SKINCARE+BATAM/@1.1616651,104.0252691,17z/data=!3m1!4b1!4m6!3m5!1s0x31d989c6ee6e1085:0xa9fcf381f740f0be!8m2!3d1.1616651!4d104.0252691!16s%2Fg%2F11w216s997?authuser=0&hl=en&entry=ttu&g_ep=EgoyMDI0MTAyOS4wIKXMDSoASAFQAw%3D%3D",0,Retail,Indonesia.Batam.Cosmetics.202410290644.db,places,null_required_column
3298,SR12 Herbal Batam (Cosmetics store),0.0,0,0,,,,"[{""day"": ""Saturday"", ""hours"": ""09:00 - 21:00""}, {""day"": ""Sunday"", ""hours"": ""09:00 - 21:00""}, {""day"": ""Monday"", ""hours"": ""09:00 - 21:00""}, {""day"": ""Tuesday"", ""hours"": ""09:00 - 21:00""}, {""day"": ""Wednesday"", ""hours"": ""09:00 - 21:00""}, {""day"": ""Thursday"", ""hours"": ""09:00 - 21:00""}, {""day"": ""Friday"", ""hours"": ""09:00 - 21:00""}]",+62 819-9111-9203,1.7012151,106.2211275,https://www.google.com/maps/place/SR12+Herbal+Batam/data=!4m7!3m6!1s0x31d98b7f95a5db73:0x8f1fe07d8819b361!8m2!3d1.7012151!4d106.2211275!16s%2Fg%2F11g_sydsdn!19sChIJc9ullX-L2TERYbMZiH3gH48?authuser=0&hl=en&rclk=1,0,Retail,Indonesia.Batam.Cosmetics.202410290644.db,places,null_required_column
3300,Incess beauty (Beauty salon),0.0,0,0,,,"Windsor park kios No.3, Lubuk Baja Kota, Lubuk Baja, Batam City, Riau Islands 29444, Indonesia",[],+62 821-7007-5252,1.1405476,104.0124715,"https://www.google.com/maps/place/Incess+beauty/@1.1405476,104.0124715,17z/data=!3m1!4b1!4m6!3m5!1s0x31d9890008ed346f:0xbe7ad8a79596c5bd!8m2!3d1.1405476!4d104.0124715!16s%2Fg%2F11y4l8d01k?authuser=0&hl=en&entry=ttu&g_ep=EgoyMDI0MTAyOS4wIKXMDSoASAFQAw%3D%3D",0,Retail,Indonesia.Batam.Cosmetics.202410290644.db,places,null_required_column
3306,BENING'S AGEN KOTA BATAM (BENING'S RITHA) (Cosmetics store),0.0,0,0,,,"KOMPLEK RUKO GOLDEN BEACH, Blk. A No.17-18, Tj. Buntung, Kec. Bengkong, Kota Batam, Kepulauan Riau 29342, Indonesia","[{""day"": ""Saturday"", ""hours"": ""11:00 - 22:00""}, {""day"": ""Sunday"", ""hours"": ""11:00 - 22:00""}, {""day"": ""Monday"", ""hours"": ""11:00 - 22:00""}, {""day"": ""Tuesday"", ""hours"": ""11:00 - 22:00""}, {""day"": ""Wednesday"", ""hours"": ""11:00 - 22:00""}, {""day"": ""Thursday"", ""hours"": ""11:00 - 22:00""}, {""day"": ""Friday"", ""hours"": ""11:00 - 22:00""}]",,1.1610933,104.0418282,https://www.google.com/maps/place/BENING%27S+AGEN+KOTA+BATAM+%28BENING%27S+RITHA%29/data=!4m7!3m6!1s0x31d989ed128bf4cb:0x348308895d22b1dc!8m2!3d1.1610933!4d104.0418282!16s%2Fg%2F11sr0jvbl4!19sChIJy_SLEu2J2TER3LEiXYkIgzQ?authuser=0&hl=en&rclk=1,0,Retail,Indonesia.Batam.Cosmetics.202410290644.db,places,null_required_column
3312,Revlon (Cosmetics store),0.0,0,0,,,"Perum. Bukit Raya Blok E6 No.9 Kel. Belian kec. Batam Kota, Belian, Kec. Batam Kota, Batam Kota, Kepulauan Riau 29465, Indonesia","[{""day"": ""Saturday"", ""hours"": ""00:00 - 23:59""}, {""day"": ""Sunday"", ""hours"": ""00:00 - 23:59""}, {""day"": ""Monday"", ""hours"": ""00:00 - 23:59""}, {""day"": ""Tuesday"", ""hours"": ""00:00 - 23:59""}, {""day"": ""Wednesday"", ""hours"": ""00:00 - 23:59""}, {""day"": ""Thursday"", ""hours"": ""00:00 - 23:59""}, {""day"": ""Friday"", ""hours"": ""00:00 - 23:59""}]",+62 852-7260-7156,1.132119,104.012367,https://www.google.com/maps/place/Revlon/data=!4m7!3m6!1s0x31d9897c7b5ac2e1:0xf8dcd5cbd47b319b!8m2!3d1.132119!4d104.012367!16s%2Fg%2F1pzt34790!19sChIJ4cJae3yJ2TERmzF71MvV3Pg?authuser=0&hl=en&rclk=1,0,Retail,Indonesia.Batam.Cosmetics.202410290644.db,places,null_required_column
3316,C & C (Cosmetics store),0.0,0,0,,,"Plaza Botania, Jl. Tengku Sulung Lt. 1 Blok H No. 9, Belian, Kec. Batam Kota, Kota Batam, Kepulauan Riau 29432, Indonesia","[{""day"": ""Saturday"", ""hours"": ""09:00 - 17:00""}, {""day"": ""Sunday"", ""hours"": ""None - 11:00""}, {""day"": ""Monday"", ""hours"": ""09:00 - 17:00""}, {""day"": ""Tuesday"", ""hours"": ""09:00 - 17:00""}, {""day"": ""Wednesday"", ""hours"": ""09:00 - 17:00""}, {""day"": ""Thursday"", ""hours"": ""09:00 - 17:00""}, {""day"": ""Friday"", ""hours"": ""09:00 - 17:00""}]",+62 813-6441-7023,1.1263409,104.098021,https://www.google.com/maps/place/C+%26+C/data=!4m7!3m6!1s0x31d9889da60a0a05:0xc317a25a0c825762!8m2!3d1.1263409!4d104.098021!16s%2Fg%2F11b7tv7xs1!19sChIJBQoKpp2I2TERYleCDFqiF8M?authuser=0&hl=en&rclk=1,0,Retail,Indonesia.Batam.Cosmetics.202410290644.db,places,null_required_column
3318,INSANI SKINCARE BATAM (Cosmetics store),0.0,0,0,,,"Kavling Mandiri Blok H No.17, Bengkong Dalam, Kota Batam, Kepulauan Riau 29432, Indonesia","[{""day"": ""Saturday"", ""hours"": ""09:00 - 17:00""}, {""day"": ""Sunday"", ""hours"": ""09:00 - 17:00""}, {""day"": ""Monday"", ""hours"": ""09:00 - 17:00""}, {""day"": ""Tuesday"", ""hours"": ""09:00 - 17:00""}, {""day"": ""Wednesday"", ""hours"": ""09:00 - 17:00""}, {""day"": ""Thursday"", ""hours"": ""09:00 - 17:00""}, {""day"": ""Friday"", ""hours"": ""09:00 - 17:00""}]",+62 821-7133-6336,1.1616736,104.0253095,https://www.google.com/maps/place/INSANI+SKINCARE+BATAM/data=!4m7!3m6!1s0x31d98976e5cad4b5:0xfe3328dedf58d16c!8m2!3d1.1616736!4d104.0253095!16s%2Fg%2F11v9gw4qt7!19sChIJtdTK5XaJ2TERbNFY394oM_4?authuser=0&hl=en&rclk=1,0,Retail,Indonesia.Batam.Cosmetics.202410290644.db,places,null_required_column
3324,Toko radafi Benings skincare (Cosmetics store),0.0,0,0,,,"Jl. Letjend Suprapto No.7, Tembesi, Kec. Sagulung, Kota Batam, Kepulauan Riau 29424, Indonesia","[{""day"": ""Saturday"", ""hours"": ""00:00 - 23:59""}, {""day"": ""Sunday"", ""hours"": ""00:00 - 23:59""}, {""day"": ""Monday"", ""hours"": ""00:00 - 23:59""}, {""day"": ""Tuesday"", ""hours"": ""00:00 - 23:59""}, {""day"": ""Wednesday"", ""hours"": ""00:00 - 23:59""}, {""day"": ""Thursday"", ""hours"": ""00:00 - 23:59""}, {""day"": ""Friday"", ""hours"": ""00:00 - 23:59""}]",+62 823-8660-6210,1.0410006,103.9935501,https://www.google.com/maps/place/Toko+radafi+Benings+skincare/data=!4m7!3m6!1s0x31d98dbd0d05b7f7:0x5300791b9ba87fd8!8m2!3d1.0410006!4d103.9935501!16s%2Fg%2F11rhx1_6gj!19sChIJ97cFDb2N2TER2H-omxt5AFM?authuser=0&hl=en&rclk=1,0,Retail,Indonesia.Batam.Cosmetics.202410290644.db,places,null_required_column
3330,Banaj Beauty Care Batam (Cosmetics store),0.0,0,0,,,"2XVP+86C, Kibing, Batu Aji, Batam City, Riau Islands 29424, Indonesia","[{""day"": ""Saturday"", ""hours"": ""10:00 - 21:00""}, {""day"": ""Sunday"", ""hours"": ""10:00 - 21:00""}, {""day"": ""Monday"", ""hours"": ""10:00 - 21:00""}, {""day"": ""Tuesday"", ""hours"": ""10:00 - 21:00""}, {""day"": ""Wednesday"", ""hours"": ""10:00 - 21:00""}, {""day"": ""Thursday"", ""hours"": ""10:00 - 21:00""}, {""day"": ""Friday"", ""hours"": ""10:00 - 21:00""}]",+62 823-8324-6090,1.0433215,103.9855242,https://www.google.com/maps/place/Banaj+Beauty+Care+Batam/data=!4m7!3m6!1s0x31d98d973f70e209:0x9ea03e4df446f38d!8m2!3d1.0433215!4d103.9855242!16s%2Fg%2F11lr7j0q60!19sChIJCeJwP5eN2TERjfNG9E0-oJ4?authuser=0&hl=en&rclk=1,0,Retail,Indonesia.Batam.Cosmetics.202410290644.db,places,null_required_column
3333,Gallery Skincare Batam | Thrifty's (Cosmetics store),0.0,0,0,,,"Golden City Kios Blok B.53-54, Tj. Buntung, Kec. Bengkong, Kota Batam, Kepulauan Riau 29432, Indonesia",[],,1.1606013,104.0405548,https://www.google.com/maps/place/Gallery+Skincare+Batam+%7C+Thrifty%27s/data=!4m7!3m6!1s0x31d989001f8b2f6f:0x5be70f477b851175!8m2!3d1.1606013!4d104.0405548!16s%2Fg%2F11vs3slmrh!19sChIJby-LHwCJ2TERdRGFe0cP51s?authuser=0&hl=en&rclk=1,0,Retail,Indonesia.Batam.Cosmetics.202410290644.db,places,null_required_column
3335,DISTRIBUTOR PRODUK KESEHATAN DAN KECANTIKAN PT MSI & BASU (Cosmetics store),0.0,0,0,,,"42P3+8HP, Jl. Happy Garden, Batu Selicin, Kec. Lubuk Baja, Kota Batam, Kepulauan Riau, Indonesia",[],,1.1358404,104.0039427,https://www.google.com/maps/place/DISTRIBUTOR+PRODUK+KESEHATAN+DAN+KECANTIKAN+PT.MSI+%26+BASU/data=!4m7!3m6!1s0x31d98b005c4a788b:0x9cd11c9f17e982a8!8m2!3d1.1358404!4d104.0039427!16s%2Fg%2F11y71gpjty!19sChIJi3hKXACL2TERqILpF58c0Zw?authuser=0&hl=en&rclk=1,0,Retail,Indonesia.Batam.Cosmetics.202410290644.db,places,null_required_column
3338,Stokis Shannen Batam (Cosmetics store),0.0,0,0,,,"33X4+HJH, Jl. Sudirman, Baloi Permai, Kec. Batam Kota, Kota Batam, Kepulauan Riau 29444, Indonesia",[],+62 811-696-796,1.0989299,104.0566168,"https://www.google.com/maps/place/Stokis+Shannen+Batam/@1.0989299,104.0566168,17z/data=!3m1!4b1!4m6!3m5!1s0x31d98f3525d5257b:0x7b471ea015663cf2!8m2!3d1.0989299!4d104.0566168!16s%2Fg%2F11h4qfx58j?authuser=0&hl=en&entry=ttu&g_ep=EgoyMDI0MTAyOS4wIKXMDSoASAFQAw%3D%3D",0,Retail,Indonesia.Batam.Cosmetics.202410290644.db,places,null_required_column
3341,GlowGoddess (Cosmetics store),0.0,0,0,,,"Teluk Tering, Batam Kota, Batam City, Riau Islands 29444, Indonesia",[],+62 815-1455-3555,1.1269876,104.0442202,https://www.google.com/maps/place/GlowGoddess/data=!4m7!3m6!1s0x31d98939848b0695:0x1784739507ad5828!8m2!3d1.1269876!4d104.0442202!16s%2Fg%2F11w53l5z5f!19sChIJlQaLhDmJ2TERKFitB5VzhBc?authuser=0&hl=en&rclk=1,0,Retail,Indonesia.Batam.Cosmetics.202410290644.db,places,null_required_column
3342,Wardah Cosmetic Carrefour&nbsp;Mall Kepri (Cosmetics store),0.0,0,0,,,"Jl. Besar Sudirman Simpang Kabil Kec. Batam Kota, Riau Islands 29791, Indonesia","[{""day"": ""Saturday"", ""hours"": ""10:00 - 21:30""}, {""day"": ""Sunday"", ""hours"": ""10:00 - 21:30""}, {""day"": ""Monday"", ""hours"": ""10:00 - 21:30""}, {""day"": ""Tuesday"", ""hours"": ""10:00 - 21:30""}, {""day"": ""Wednesday"", ""hours"": ""10:00 - 21:30""}, {""day"": ""Thursday"", ""hours"": ""10:00 - 21:30""}, {""day"": ""Friday"", ""hours"": ""10:00 - 21:30""}]",+62 21 5849070,1.1143637,104.0383632,"https://www.google.com/maps/place/Wardah+Cosmetic+Carrefour%26nbsp;Mall+Kepri/@1.1143637,104.0383632,17z/data=!3m1!4b1!4m6!3m5!1s0x31d9893b9775bc55:0x2b6746d1a40e199e!8m2!3d1.1143637!4d104.0383632!16s%2Fg%2F11b5vz1l6m?authuser=0&hl=en&entry=ttu&g_ep=EgoyMDI0MTAyOS4wIKXMDSoASAFQAw%3D%3D",0,Retail,Indonesia.Batam.Cosmetics.202410290644.db,places,null_required_column
3347,Beauty Store (Cosmetics store),0.0,0,0,,,"4385+W2F Sharon square, Tlk. Tering, Kec. Batam Kota, Kota Batam, Kepulauan Riau 29431, Indonesia","[{""day"": ""Saturday"", ""hours"": ""09:00 - 22:00""}, {""day"": ""Sunday"", ""hours"": ""09:00 - 22:00""}, {""day"": ""Monday"", ""hours"": ""09:00 - 22:00""}, {""day"": ""Tuesday"", ""hours"": ""09:00 - 22:00""}, {""day"": ""Wednesday"", ""hours"": ""09:00 - 22:00""}, {""day"": ""Thursday"", ""hours"": ""09:00 - 22:00""}, {""day"": ""Friday"", ""hours"": ""09:00 - 22:00""}]",+62 856-5651-5880,1.1173178,104.0575566,https://www.google.com/maps/place/Beauty+Store/data=!4m7!3m6!1s0x31d9890028dd81ab:0x2c81a595ee6f8d9b!8m2!3d1.1173178!4d104.0575566!16s%2Fg%2F11vk4qj6zs!19sChIJq4HdKACJ2TERm41v7pWlgSw?authuser=0&hl=en&rclk=1,0,Retail,Indonesia.Batam.Cosmetics.202410290644.db,places,null_required_column
1351,innisfree Plaza Singapura,4.5,58,0,Cosmetics store,,"68 Orchard Rd, #01-64, Singapore 238839","[{""day"": ""Saturday"", ""hours"": ""10:00 - 22:00""}, {""day"": ""Sunday"", ""hours"": ""10:00 - 22:00""}, {""day"": ""Monday"", ""hours"": ""10:00 - 22:00""}, {""day"": ""Tuesday"", ""hours"": ""10:00 - 22:00""}, {""day"": ""Wednesday"", ""hours"": ""10:00 - 22:00""}, {""day"": ""Thursday"", ""hours"": ""10:00 - 22:00""}, {""day"": ""Friday"", ""hours"": ""10:00 - 22:00""}]",6336 3179,1.3007111,103.844904,https://www.google.com/maps/place/innisfree+Plaza+Singapura/data=!4m7!3m6!1s0x31da19bd42ba0efb:0xe3371849d8cd9542!8m2!3d1.3007111!4d103.844904!16s%2Fg%2F11c0xw4tfn!19sChIJ-w66Qr0Z2jERQpXN2EkYN-M?authuser=0&hl=en&rclk=1,0,Retail,Indonesia.Batam.Cosmetics.202410290644.db,places,out_of_batam_bounds
1353,Bud Cosmetics (Mandarin Gallery),4.3,28,0,Cosmetics store,,"#03-32 Mandarin Gallery, 333A Orchard Rd, Singapore 238897","[{""day"": ""Saturday"", ""hours"": ""11:00 - 20:00""}, {""day"": ""Sunday"", ""hours"": ""11:00 - 20:00""}, {""day"": ""Monday"", ""hours"": ""11:00 - 20:00""}, {""day"": ""Tuesday"", ""hours"": ""11:00 - 20:00""}, {""day"": ""Wednesday"", ""hours"": ""11:00 - 20:00""}, {""day"": ""Thursday"", ""hours"": ""11:00 - 20:00""}, {""day"": ""Friday"", ""hours"": ""11:00 - 20:00""}]",6733 5782,1.3022297,103.8363746,https://www.google.com/maps/place/Bud+Cosmetics+%28Mandarin+Gallery%29/data=!4m7!3m6!1s0x31da19bd39b18c9f:0x616351eebad8ed4d!8m2!3d1.3022297!4d103.8363746!16s%2Fg%2F1vbnlxvl!19sChIJn4yxOb0Z2jERTe3Yuu5RY2E?authuser=0&hl=en&rclk=1,0,Retail,Indonesia.Batam.Cosmetics.202410290644.db,places,out_of_batam_bounds
1355,Coslab® Beauty Spa - Centrepoint,4.8,614,0,Beauty salon,,"The Centrepoint #02-28A/B, 176 Orchard Rd, Singapore 238843","[{""day"": ""Saturday"", ""hours"": ""10:00 - 20:00""}, {""day"": ""Sunday"", ""hours"": ""10:00 - 19:00""}, {""day"": ""Monday"", ""hours"": ""10:30 - 21:30""}, {""day"": ""Tuesday"", ""hours"": ""10:30 - 21:30""}, {""day"": ""Wednesday"", ""hours"": ""10:30 - 21:30""}, {""day"": ""Thursday"", ""hours"": ""10:30 - 21:30""}, {""day"": ""Friday"", ""hours"": ""10:30 - 21:30""}]",6262 0012,1.3024133,103.839871,https://www.google.com/maps/place/Coslab%C2%AE+Beauty+Spa+-+Centrepoint/data=!4m7!3m6!1s0x31da1996b9eb50ed:0x6c69788abe152d06!8m2!3d1.3024133!4d103.839871!16s%2Fg%2F11cn9hyq1d!19sChIJ7VDruZYZ2jERBi0Vvop4aWw?authuser=0&hl=en&rclk=1,0,Retail,Indonesia.Batam.Cosmetics.202410290644.db,places,out_of_batam_bounds
1357,Glam Zone (SG) Pte  Ltd | Best lymphatic drainage massage Facial Singapore,4.9,39,0,Beauty salon,,"150, #04-46 Orchard Rd, Orchard Plaza, 238841","[{""day"": ""Saturday"", ""hours"": ""10:00 - 20:00""}, {""day"": ""Sunday"", ""hours"": ""Closed""}, {""day"": ""Monday"", ""hours"": ""10:00 - 20:00""}, {""day"": ""Tuesday"", ""hours"": ""10:00 - 20:00""}, {""day"": ""Wednesday"", ""hours"": ""10:00 - 20:00""}, {""day"": ""Thursday"", ""hours"": ""10:00 - 20:00""}, {""day"": ""Friday"", ""hours"": ""10:00 - 20:00""}]",9632 2730,1.3010249,103.8410995,https://www.google.com/maps/place/Glam+Zone+%28SG%29+Pte.+Ltd+%7C+Best+lymphatic+drainage+massage+Facial+Singapore/data=!4m7!3m6!1s0x31da19211aedadc5:0x40b46e0cfae0ee5c!8m2!3d1.3010249!4d103.8410995!16s%2Fg%2F11gw2s8f_r!19sChIJxa3tGiEZ2jERXO7g-gxutEA?authuser=0&hl=en&rclk=1,0,Retail,Indonesia.Batam.Cosmetics.202410290644.db,places,out_of_batam_bounds
1359,BEAUTY RECIPE AESTHETICS & ACADEMY | Eyebrow Eyeliner Lip Hairline SMP Embroidery | Skin Body Treatments,3.7,80,0,Beauty salon,,"21 Rochester Park, Level 2 Gold Gym, Singapore 139232","[{""day"": ""Saturday"", ""hours"": ""11:00 - 21:00""}, {""day"": ""Sunday"", ""hours"": ""11:00 - 21:00""}, {""day"": ""Monday"", ""hours"": ""11:00 - 21:00""}, {""day"": ""Tuesday"", ""hours"": ""11:00 - 21:00""}, {""day"": ""Wednesday"", ""hours"": ""11:00 - 21:00""}, {""day"": ""Thursday"", ""hours"": ""11:00 - 21:00""}, {""day"": ""Friday"", ""hours"": ""11:00 - 21:00""}]",6702 3062,1.3007993,103.8396252,https://www.google.com/maps/place/BEAUTY+RECIPE+AESTHETICS+%26+ACADEMY+%7C+Eyebrow+Eyeliner+Lip+Hairline+SMP+Embroidery+%7C+Skin+Body+Treatments/data=!4m7!3m6!1s0x31da19972b2af739:0x5549bdd91b783081!8m2!3d1.3007993!4d103.8396252!16s%2Fg%2F11f04fllnl!19sChIJOfcqK5cZ2jERgTB4G9m9SVU?authuser=0&hl=en&rclk=1,0,Retail,Indonesia.Batam.Cosmetics.202410290644.db,places,out_of_batam_bounds
1363,Pink Parlour Orchard Gateway Singapore,4.8,743,0,Hair removal service,,"277 Orchard Rd, B2-18/18A, Singapore 238858","[{""day"": ""Saturday"", ""hours"": ""11:15 - 21:00""}, {""day"": ""Sunday"", ""hours"": ""11:15 - 19:00""}, {""day"": ""Monday"", ""hours"": ""11:15 - 21:00""}, {""day"": ""Tuesday"", ""hours"": ""11:15 - 21:00""}, {""day"": ""Wednesday"", ""hours"": ""11:15 - 21:00""}, {""day"": ""Thursday"", ""hours"": ""11:15 - 21:00""}, {""day"": ""Friday"", ""hours"": ""11:15 - 21:00""}]",8222 1853,1.3010905,103.8389134,https://www.google.com/maps/place/Pink+Parlour+Orchard+Gateway+Singapore/data=!4m7!3m6!1s0x31da199721100219:0xf1bc1d3cdc6c51ca!8m2!3d1.3010905!4d103.8389134!16s%2Fg%2F11cs6khqyc!19sChIJGQIQIZcZ2jERylFs3DwdvPE?authuser=0&hl=en&rclk=1,0,Retail,Indonesia.Batam.Cosmetics.202410290644.db,places,out_of_batam_bounds
1365,Watsons Singapore - Orchard Gateway (Click & Collect),2.8,24,0,Health and beauty shop,,"277 Orchard Rd, B2-16/17 Orchard, Gateway 238858","[{""day"": ""Saturday"", ""hours"": ""10:00 - 22:00""}, {""day"": ""Sunday"", ""hours"": ""10:00 - 22:00""}, {""day"": ""Monday"", ""hours"": ""10:00 - 22:00""}, {""day"": ""Tuesday"", ""hours"": ""10:00 - 22:00""}, {""day"": ""Wednesday"", ""hours"": ""10:00 - 22:00""}, {""day"": ""Thursday"", ""hours"": ""10:00 - 22:00""}, {""day"": ""Friday"", ""hours"": ""10:00 - 22:00""}]",6994 2834,1.3007611,103.8390583,https://www.google.com/maps/place/Watsons+Singapore+-+Orchard+Gateway+%28Click+%26+Collect%29/data=!4m7!3m6!1s0x31da19972b78b549:0x76aabf38350ade73!8m2!3d1.3007611!4d103.8390583!16s%2Fg%2F11b6v38vy7!19sChIJSbV4K5cZ2jERc94KNTi_qnY?authuser=0&hl=en&rclk=1,0,Retail,Indonesia.Batam.Cosmetics.202410290644.db,places,out_of_batam_bounds
1367,Bon Aesthetics (Orchard),4.7,187,0,Hair removal service,,"360 Orchard Rd, #03-24, Singapore 238869","[{""day"": ""Saturday"", ""hours"": ""09:00 - 18:00""}, {""day"": ""Sunday"", ""hours"": ""Closed""}, {""day"": ""Monday"", ""hours"": ""11:00 - 20:00""}, {""day"": ""Tuesday"", ""hours"": ""11:00 - 20:00""}, {""day"": ""Wednesday"", ""hours"": ""11:00 - 20:00""}, {""day"": ""Thursday"", ""hours"": ""11:00 - 20:00""}, {""day"": ""Friday"", ""hours"": ""11:00 - 20:00""}]",9828 4677,1.3061717,103.8310137,"https://www.google.com/maps/place/Bon+Aesthetics+(Orchard)/@1.3061717,103.8310137,17z/data=!3m1!4b1!4m6!3m5!1s0x31da195bf4a7b6a7:0x6e1586691f766d41!8m2!3d1.3061717!4d103.8310137!16s%2Fg%2F11dzw81x_1?authuser=0&hl=en&entry=ttu&g_ep=EgoyMDI0MTAyOS4wIKXMDSoASAFQAw%3D%3D",0,Retail,Indonesia.Batam.Cosmetics.202410290644.db,places,out_of_batam_bounds
1369,SenseDeBelle,5.0,161,0,Beauty salon,,"14 Scotts Rd, #02-02 Far East Plaza, Singapore 228213","[{""day"": ""Saturday"", ""hours"": ""11:00 - 18:00""}, {""day"": ""Sunday"", ""hours"": ""Closed""}, {""day"": ""Monday"", ""hours"": ""11:00 - 20:00""}, {""day"": ""Tuesday"", ""hours"": ""11:00 - 20:00""}, {""day"": ""Wednesday"", ""hours"": ""11:00 - 20:00""}, {""day"": ""Thursday"", ""hours"": ""11:00 - 20:00""}, {""day"": ""Friday"", ""hours"": ""11:00 - 20:00""}]",9715 4154,1.3060951,103.8337401,https://www.google.com/maps/place/SenseDeBelle/data=!4m7!3m6!1s0x31da1992a153ce69:0x7994985326ed0a27!8m2!3d1.3060951!4d103.8337401!16s%2Fg%2F11c5rpgn6c!19sChIJac5ToZIZ2jERJwrtJlOYlHk?authuser=0&hl=en&rclk=1,0,Retail,Indonesia.Batam.Cosmetics.202410290644.db,places,out_of_batam_bounds
2317,Eudora Slimming Solutions - BCS Mall,5.0,19,0,Health and beauty shop,,,"[{""day"": ""Saturday"", ""hours"": ""10:00 - 22:00""}, {""day"": ""Sunday"", ""hours"": ""10:00 - 22:00""}, {""day"": ""Monday"", ""hours"": ""10:00 - 22:00""}, {""day"": ""Tuesday"", ""hours"": ""10:00 - 22:00""}, {""day"": ""Wednesday"", ""hours"": ""10:00 - 22:00""}, {""day"": ""Thursday"", ""hours"": ""10:00 - 22:00""}, {""day"": ""Friday"", ""hours"": ""10:00 - 22:00""}]",+62 811-7752-500,-2.44565,117.8888,"https://www.google.com/maps/place/Eudora+Slimming+Solutions+-+BCS+Mall/@-2.44565,117.8888,4z/data=!3m1!4b1!4m6!3m5!1s0x2cd4d4e35962906f:0xdca4b98a1ce12cc9!8m2!3d-2.44565!4d117.8888!16s%2Fg%2F11y333f66g?authuser=0&hl=en&entry=ttu&g_ep=EgoyMDI0MTAyOS4wIKXMDSoASAFQAw%3D%3D",0,Retail,Indonesia.Batam.Cosmetics.202410290644.db,places,out_of_batam_bounds
2347,Rajawangi Tiban Lama & Bouquetku Batam,5.0,6,0,Florist,,,"[{""day"": ""Saturday"", ""hours"": ""00:00 - 23:59""}, {""day"": ""Sunday"", ""hours"": ""00:00 - 23:59""}, {""day"": ""Monday"", ""hours"": ""00:00 - 23:59""}, {""day"": ""Tuesday"", ""hours"": ""00:00 - 23:59""}, {""day"": ""Wednesday"", ""hours"": ""00:00 - 23:59""}, {""day"": ""Thursday"", ""hours"": ""00:00 - 23:59""}, {""day"": ""Friday"", ""hours"": ""00:00 - 23:59""}]",+62 823-9216-1427,0.837166,104.053115,https://www.google.com/maps/place/Rajawangi+Tiban+Lama+%26+Bouquetku+Batam/data=!4m7!3m6!1s0x31d98b4d37980d53:0xa8a16b1d99b3de7f!8m2!3d0.837166!4d104.053115!16s%2Fg%2F11jnnlmtpn!19sChIJUw2YN02L2TERf96zmR1roag?authuser=0&hl=en&rclk=1,0,Retail,Indonesia.Batam.Cosmetics.202410290644.db,places,out_of_batam_bounds
3114,Habibsbeauty Tiban,4.8,6,0,Beauty salon,,,"[{""day"": ""Saturday"", ""hours"": ""10:00 - 22:00""}, {""day"": ""Sunday"", ""hours"": ""10:00 - 22:00""}, {""day"": ""Monday"", ""hours"": ""10:00 - 22:00""}, {""day"": ""Tuesday"", ""hours"": ""10:00 - 22:00""}, {""day"": ""Wednesday"", ""hours"": ""10:00 - 22:00""}, {""day"": ""Thursday"", ""hours"": ""10:00 - 22:00""}, {""day"": ""Friday"", ""hours"": ""10:00 - 22:00""}]",+62 821-7791-2218,0.837166,104.053115,https://www.google.com/maps/place/Habibsbeauty+Tiban/data=!4m7!3m6!1s0x81f60be6fa8cdf7f:0x510175ba569f57cc!8m2!3d0.837166!4d104.053115!16s%2Fg%2F11vxk3n_9l!19sChIJf9-M-uYL9oERzFefVrp1AVE?authuser=0&hl=en&rclk=1,0,Retail,Indonesia.Batam.Cosmetics.202410290644.db,places,out_of_batam_bounds
