id,name,rating,review,price_level,category,services,address,open_hours,phone,latitude,longitude,url,cluster,source_category,source_file,source_table,rejection_reason
49,RedDoorz Premium   Permata Baloi Green,3.9,10,0,,[],"Jl. Permata Baloi B3 No.5, Baloi Indah, Lubuk Baja, Batam City, Riau Islands 29444, Indonesia",[],+62 21 80629666,1.1308848,104.0125593,https://www.google.com/maps/place/RedDoorz+Premium+@+Permata+Baloi+Green/data=!4m10!3m9!1s0x31d9894219395837:0xd651e1973e195b83!5m2!4m1!1i2!8m2!3d1.1308848!4d104.0125593!16s%2Fg%2F11j2yq9jvn!19sChIJN1g5GUKJ2TERg1sZPpfhUdY?authuser=0&hl=en&rclk=1,0.0,Hospitality,Indonesia.Batam.Hotel.202408042041.db,places,null_required_column
85,Apartemen Permata Residenses,5.0,4,0,,[],"Jl. Permata Baloi, Baloi Indah, Kec. Lubuk Baja, Kota Batam, Kepulauan Riau, Indonesia",[],+62 896-8728-5063,1.127807,104.0091695,https://www.google.com/maps/place/Apartemen+Permata+Residenses/data=!4m10!3m9!1s0x31d989003d70029f:0x5322fbb52dde06f1!5m2!4m1!1i2!8m2!3d1.127807!4d104.0091695!16s%2Fg%2F11y6ntkxjv!19sChIJnwJwPQCJ2TER8QbeLbX7IlM?authuser=0&hl=en&rclk=1,0.0,Hospitality,Indonesia.Batam.Hotel.202408042041.db,places,null_required_column
150,OYO 90366 Homestay 81 Baloi,3.8,5,0,,[],"Jl. Permata Baloi, Baloi Indah, Kec. Lubuk Baja, Kota Batam, Kepulauan Riau 29444, Indonesia",[],+62 21 29707601,1.1295187,104.0101343,https://www.google.com/maps/place/OYO+90366+Homestay+81+Baloi/data=!4m10!3m9!1s0x31d989473c1cfb6d:0x3440ff4f62696656!5m2!4m1!1i2!8m2!3d1.1295187!4d104.0101343!16s%2Fg%2F11j3083_3p!19sChIJbfscPEeJ2TERVmZpYk__QDQ?authuser=0&hl=en&rclk=1,0.0,Hospitality,Indonesia.Batam.Hotel.202408042041.db,places,null_required_column
336,OYO 91305 Merah Putih Inn,5.0,1,0,,[],"1 Sungai Jodoh, Near Jodoh Center RM Sederhana Jodoh, MC Donald's, Jl. Nagoya Hill, Kepulauan Riau 29444, Indonesia",[],+62 21 29707601,1.1497216,104.0059012,https://www.google.com/maps/place/OYO+91305+Merah+Putih+Inn/data=!4m10!3m9!1s0x31d98ba948c0f875:0x42108d3221eaf0d0!5m2!4m1!1i2!8m2!3d1.1497216!4d104.0059012!16s%2Fg%2F11tgdhx5zb!19sChIJdfjASKmL2TER0PDqITKNEEI?authuser=0&hl=en&rclk=1,0.0,Hospitality,Indonesia.Batam.Hotel.202408042041.db,places,null_required_column
379,SPOT ON 91422 Ringin Pitu 2 Syariah,1.0,1,0,,[],"mall, Jl. Nagoya Hill No.9, Sungai Jodoh, Kec. Batu Ampar, Kota Batam, Kepulauan Riau 29432, Indonesia",[],+62 21 29707601,1.1497836,104.0062351,https://www.google.com/maps/place/SPOT+ON+91422+Ringin+Pitu+2+Syariah/data=!4m10!3m9!1s0x31d98bd088ce9179:0xcd7e629f0b17a19a!5m2!4m1!1i2!8m2!3d1.1497836!4d104.0062351!16s%2Fg%2F11kbl0c2bc!19sChIJeZHOiNCL2TERmqEXC59ifs0?authuser=0&hl=en&rclk=1,0.0,Hospitality,Indonesia.Batam.Hotel.202408042041.db,places,null_required_column
452,OYO Life 2959 Tachi Stay Guest House 2,3.0,2,0,,[],"no 0 Perumahan Bengkong YKB Blok E No. 22, Bengkong Laut, Kota Batam, Kepulauan Riau 29458, Indonesia",[],+62 21 29707601,1.1594334,104.0350444,https://www.google.com/maps/place/OYO+Life+2959+Tachi+Stay+Guest+House+2/data=!4m10!3m9!1s0x31d989c6660815d7:0xdf9957fab5dd8cf4!5m2!4m1!1i2!8m2!3d1.1594334!4d104.0350444!16s%2Fg%2F11nnlt3sh0!19sChIJ1xUIZsaJ2TER9IzdtfpXmd8?authuser=0&hl=en&rclk=1,0.0,Hospitality,Indonesia.Batam.Hotel.202408042041.db,places,null_required_column
510,OYO 91253 Hotel Andi,4.1,49,0,,[],"Jl. Bengkong Harapan 1, Bengkong Laut, Kec. Bengkong, Kota Batam, Kepulauan Riau 29457, Indonesia",[],+62 21 29707601,1.1503985,104.0247629,https://www.google.com/maps/place/OYO+91253+Hotel+Andi/data=!4m10!3m9!1s0x31d98996d5cd3869:0xbc67fa11e89e3e25!5m2!4m1!1i2!8m2!3d1.1503985!4d104.0247629!16s%2Fg%2F11b7q7t135!19sChIJaTjN1ZaJ2TERJT6e6BH6Z7w?authuser=0&hl=en&rclk=1,0.0,Hospitality,Indonesia.Batam.Hotel.202408042041.db,places,null_required_column
600,SPOT ON 92715 Joyoakis 2 Homestay Syariah,0.0,0,0,,[],"05 Rumah Sakit Budi Kemuliaan, Jalan Budi Kemuliaan, Baloi, Kampung Seraya, Bat, Batam City, Riau Islands 29444, Indonesia",[],+62 21 29707601,1.1489084,104.0178877,https://www.google.com/maps/place/SPOT+ON+92715+Joyoakis+2+Homestay+Syariah/data=!4m10!3m9!1s0x31d989489506ce41:0x910388246e1e64e0!5m2!4m1!1i2!8m2!3d1.1489084!4d104.0178877!16s%2Fg%2F11krd9llvk!19sChIJQc4GlUiJ2TER4GQebiSIA5E?authuser=0&hl=en&rclk=1,0.0,Hospitality,Indonesia.Batam.Hotel.202408042041.db,places,null_required_column
711,Airy Eco Nagoya City Centre 8 Batam,4.3,33,0,,[],"Komp. Nagoya City Centre Blok I No.8, Lubuk Baja Kota, , Kota Batam, Lubuk Baja Kota, Lubuk Baja, Batam City, Riau Islands 29432, Indonesia",[],,1.1455421,104.0066479,https://www.google.com/maps/place/Airy+Eco+Nagoya+City+Centre+8+Batam/data=!4m10!3m9!1s0x31d98a29ce9347a9:0x3382b468884347b!5m2!4m1!1i2!8m2!3d1.1455421!4d104.0066479!16s%2Fg%2F11g6mc65zc!19sChIJqUeTzimK2TERezSEiEYrOAM?authuser=0&hl=en&rclk=1,0.0,Hospitality,Indonesia.Batam.Hotel.202408042041.db,places,null_required_column
781,Airy Greenland Ahmad Yani Batam,0.0,0,0,,[],"Komplek Ruko Greenland, Blk. J No.10 - 16, Baloi Permai, Kec. Batam Kota, Kota Batam, Kepulauan Riau 29432, Indonesia",[],+62 804 111 2479,1.1040642,104.0430636,https://www.google.com/maps/place/Airy+Greenland+Ahmad+Yani+Batam/data=!4m10!3m9!1s0x31d9892d9bead1f5:0xa8770b56fa299917!5m2!4m1!1i2!8m2!3d1.1040642!4d104.0430636!16s%2Fg%2F11h0mdq10r!19sChIJ9dHqmy2J2TERF5kp-lYLd6g?authuser=0&hl=en&rclk=1,-1.0,Hospitality,Indonesia.Batam.Hotel.202408042041.db,places,null_required_column
785,Batam Backpacker Guest House,4.1,205,0,,[],"Komp. Bintang Raya, Jl. Raja H. Fisabilillah Blok C No.1 - 2, Tlk. Tering, Kec. Batam Kota, Kota Batam, Kepulauan Riau 29432, Indonesia",[],+62 822-8370-1238,1.1347803,104.0427256,https://www.google.com/maps/place/Batam+Backpacker+Guest+House/data=!4m10!3m9!1s0x31d98906108239bd:0x9c1caae6c917d660!5m2!4m1!1i2!8m2!3d1.1347803!4d104.0427256!16s%2Fg%2F11b7rxq7w1!19sChIJvTmCEAaJ2TERYNYXyeaqHJw?authuser=0&hl=en&rclk=1,0.0,Hospitality,Indonesia.Batam.Hotel.202408042041.db,places,null_required_column
793,OYO Life 3121 Zivana Kost,2.5,2,0,,[],"Komplek Taman, Jl. Hang Tuah No.11, Baloi Permai, Batam Kota, Batam City, Riau Islands 29432, Indonesia",[],+62 21 29707601,1.106864,104.058369,https://www.google.com/maps/place/OYO+Life+3121+Zivana+Kost/data=!4m10!3m9!1s0x31d988d6beae7111:0x453c4e4596a010c1!5m2!4m1!1i2!8m2!3d1.106864!4d104.058369!16s%2Fg%2F11qpmvn68f!19sChIJEXGuvtaI2TERwRCglkVOPEU?authuser=0&hl=en&rclk=1,-1.0,Hospitality,Indonesia.Batam.Hotel.202408042041.db,places,null_required_column
797,Abi Zumi HomeStay,4.0,23,0,,[],"Taman Dutamas Blok C21 no 2 Batam Center, Baloi Permai, Kec. Batam Kota, Kota Batam, Kepulauan Riau 29400, Indonesia",[],+62 823-0000-0632,1.1061605,104.0445852,https://www.google.com/maps/place/Abi+Zumi+HomeStay/data=!4m10!3m9!1s0x31d9892e7f254b85:0x26f9c17492d01fa3!5m2!4m1!1i2!8m2!3d1.1061605!4d104.0445852!16s%2Fg%2F11f15jl47b!19sChIJhUslfy6J2TERox_QknTB-SY?authuser=0&hl=en&rclk=1,-1.0,Hospitality,Indonesia.Batam.Hotel.202408042041.db,places,null_required_column
836,SPOT ON 92538 Joyoakis Homestay Syariah,0.0,0,0,,[],"05, komplek Ruko Seraya Mas blok, Batam City, Riau Islands 29444, Indonesia",[],,1.148414,104.014346,https://www.google.com/maps/place/SPOT+ON+92538+Joyoakis+Homestay+Syariah/data=!4m10!3m9!1s0x31d9898f5dd04547:0x5f7f8b871256858!5m2!4m1!1i2!8m2!3d1.148414!4d104.014346!16s%2Fg%2F11v3z16zqw!19sChIJR0XQXY-J2TERWGglcbj49wU?authuser=0&hl=en&rclk=1,0.0,Hospitality,Indonesia.Batam.Hotel.202408042041.db,places,null_required_column
882,OYO 2065 Holly Sentosa Hotel,5.0,4,0,,[],"Jl. Raya Ali H. Komp. Batam Sentosa, Kp. Seraya, Kec. Batu Ampar, Kota Batam, Kepulauan Riau 29432, Indonesia",[],+62 21 29707601,1.1527199,104.0107179,https://www.google.com/maps/place/OYO+2065+Holly+Sentosa+Hotel/data=!4m10!3m9!1s0x31d98937f30cec27:0x9225ede0117e4d99!5m2!4m1!1i2!8m2!3d1.1527199!4d104.0107179!16s%2Fg%2F11fqss5vp5!19sChIJJ-wM8zeJ2TERmU1-EeDtJZI?authuser=0&hl=en&rclk=1,0.0,Hospitality,Indonesia.Batam.Hotel.202408042041.db,places,null_required_column
912,Nagoya Homestay Batam,4.2,5,0,,[],"Cipta Residence, Kampung Seraya, Batu Ampar, Batam City, Riau Islands 29444, Indonesia",[],+62 813-6474-4343,1.150312,104.013822,https://www.google.com/maps/place/Nagoya+Homestay+Batam/data=!4m10!3m9!1s0x31d9898f28f50b7d:0xd293614c07885461!5m2!4m1!1i2!8m2!3d1.150312!4d104.013822!16s%2Fg%2F11cs04g4x4!19sChIJfQv1KI-J2TERYVSIB0xhk9I?authuser=0&hl=en&rclk=1,0.0,Hospitality,Indonesia.Batam.Hotel.202408042041.db,places,null_required_column
931,ORION HOTEL,4.2,6,0,,[],"Jl. Teuku Umar No.16, Kp. Seraya, Kec. Batu Ampar, Kota Batam, Kepulauan Riau 29454, Indonesia",[],,1.1484,104.0136691,https://www.google.com/maps/place/ORION+HOTEL/data=!4m10!3m9!1s0x31d989462ef96893:0xefa462f01c678b14!5m2!4m1!1i2!8m2!3d1.1484!4d104.0136691!16s%2Fg%2F11lh6dqqcr!19sChIJk2j5LkaJ2TERFItnHPBipO8?authuser=0&hl=en&rclk=1,0.0,Hospitality,Indonesia.Batam.Hotel.202408042041.db,places,null_required_column
940,SPOT ON 92569 Anto Homestay Syariah,0.0,0,0,,[],"08, Sungai Jodoh, Batam, Kepulauan Riau, 29400, Kota Batam, Kepulauan Riau 29432, Indonesia",[],+62 21 29707601,1.1536962,104.0054457,https://www.google.com/maps/place/SPOT+ON+92569+Anto+Homestay+Syariah/data=!4m10!3m9!1s0x31d9898179026a4d:0xf081faea1f6204be!5m2!4m1!1i2!8m2!3d1.1536962!4d104.0054457!16s%2Fg%2F11kr1pglj_!19sChIJTWoCeYGJ2TERvgRiH-r6gfA?authuser=0&hl=en&rclk=1,0.0,Hospitality,Indonesia.Batam.Hotel.202408042041.db,places,null_required_column
942,SPOT ON 91591 Rafika Homestay Syariah,0.0,0,0,,[],"MALL Bat, 13 Batam, Kepulauan Riau, 29400, Indonesia HARBOURBAY MALL, Jl. Nagoya Hill, Kepulauan Riau 29432, Indonesia",[],+62 21 29707601,1.1502707,104.0057178,https://www.google.com/maps/place/SPOT+ON+91591+Rafika+Homestay+Syariah/data=!4m10!3m9!1s0x31d98bfa3ba1e1b5:0x1afba47d84ca0a57!5m2!4m1!1i2!8m2!3d1.1502707!4d104.0057178!16s%2Fg%2F11khzxdg9n!19sChIJteGhO_qL2TERVwrKhH2k-xo?authuser=0&hl=en&rclk=1,0.0,Hospitality,Indonesia.Batam.Hotel.202408042041.db,places,null_required_column
1173,Kost Pondok Indah Asri Batam,5.0,7,0,,[],"Perumahan Pondok Indah/ Idaman Jl. Bakal No.1 Blok B1, Taman Baloi, Batam Kota, Batam City, Riau Islands 29444, Indonesia",[],+62 812-7018-318,1.1124447,104.0366697,https://www.google.com/maps/place/Kost+Pondok+Indah+Asri+Batam/data=!4m10!3m9!1s0x31d989e2ee17ee0d:0x349dc2020e35d7f3!5m2!4m1!1i2!8m2!3d1.1124447!4d104.0366697!16s%2Fg%2F11rw9007t9!19sChIJDe4X7uKJ2TER89c1DgLCnTQ?authuser=0&hl=en&rclk=1,0.0,Hospitality,Indonesia.Batam.Hotel.202408042041.db,places,null_required_column
1213,Hazel Home,5.0,2,0,,[],"Jl. Citra Indah, Tlk. Tering, Kec. Batam Kota, Kota Batam, Kepulauan Riau 29444, Indonesia",[],+62 812-7762-9786,1.1268726,104.0371037,https://www.google.com/maps/place/Hazel+Home/data=!4m10!3m9!1s0x31d98994382e96ab:0xf3f8d9add01f37df!5m2!4m1!1i2!8m2!3d1.1268726!4d104.0371037!16s%2Fg%2F11ssxs_lmb!19sChIJq5YuOJSJ2TER3zcf0K3Z-PM?authuser=0&hl=en&rclk=1,0.0,Hospitality,Indonesia.Batam.Hotel.202408042041.db,places,null_required_column
1215,OYO Life 2665 Aline Kost 2,4.5,2,0,,[],"Komplek Taman Mediterania Blok LL4 No. 17 A, Baloi Permai, Batam Kota, Batam City, Riau Islands 29464, Indonesia",[],+62 21 29707601,1.1027178,104.0665875,https://www.google.com/maps/place/OYO+Life+2665+Aline+Kost+2/data=!4m10!3m9!1s0x31d989920b073d0f:0x123f7a4760f64f83!5m2!4m1!1i2!8m2!3d1.1027178!4d104.0665875!16s%2Fg%2F11j7h5s7mb!19sChIJDz0HC5KJ2TERg0_2YEd6PxI?authuser=0&hl=en&rclk=1,-1.0,Hospitality,Indonesia.Batam.Hotel.202408042041.db,places,null_required_column
1305,Nurbaity kost syariah,4.7,19,0,,[],"Taman Baloi, Batam Kota, Batam City, Riau Islands 29444, Indonesia",[],,1.1094367,104.0387496,https://www.google.com/maps/place/Nurbaity+kost+syariah/data=!4m10!3m9!1s0x31d98950d83dc093:0x709ed6a02bb52c28!5m2!4m1!1i2!8m2!3d1.1094367!4d104.0387496!16s%2Fg%2F11rqp1sys5!19sChIJk8A92FCJ2TERKCy1K6DWnnA?authuser=0&hl=en&rclk=1,-1.0,Hospitality,Indonesia.Batam.Hotel.202408042041.db,places,null_required_column
1312,Kost Golden Land Batam Center,4.3,400,0,,[],"Perumahan Golden Land, Jl. Golden Land No.9 Blok H, Baloi Permai, Kec. Batam Kota, Kota Batam, Kepulauan Riau 29463, Indonesia",[],+62 812-7000-433,1.1096047,104.0399632,https://www.google.com/maps/place/Kost+Golden+Land+Batam+Center/data=!4m10!3m9!1s0x31d989307a711f59:0x717491f24bc2a2b1!5m2!4m1!1i2!8m2!3d1.1096047!4d104.0399632!16s%2Fg%2F11bwzyvg5z!19sChIJWR9xejCJ2TERsaLCS_KRdHE?authuser=0&hl=en&rclk=1,-1.0,Hospitality,Indonesia.Batam.Hotel.202408042041.db,places,null_required_column
1314,OYO Life 2818 Blessing Kost Batam,3.0,2,0,,[],"Jl. Central Raya No.1112 Blok B1, Sukajadi, Kec. Batam Kota, Kota Batam, Kepulauan Riau 29444, Indonesia",[],+62 21 29707601,1.0997885,104.0335719,https://www.google.com/maps/place/OYO+Life+2818+Blessing+Kost+Batam/data=!4m10!3m9!1s0x31d98f25b3066bf1:0xb32d43843d6cf4b!5m2!4m1!1i2!8m2!3d1.0997885!4d104.0335719!16s%2Fg%2F11frr1rzzh!19sChIJ8WsGsyWP2TERS8_WQzjUMgs?authuser=0&hl=en&rclk=1,-1.0,Hospitality,Indonesia.Batam.Hotel.202408042041.db,places,null_required_column
1319,Five star Hotel & familly massage,4.4,31,0,,[],"Ruko Nagoya Hill Blok E No.2, Lubuk Baja Kota, Kec. Lubuk Baja, Kota Batam, Kepulauan Riau 29432, Indonesia",[],,1.1461978,104.0115581,https://www.google.com/maps/place/Five+star+Hotel+%26+familly+massage/data=!4m10!3m9!1s0x31d989d54c165d5f:0x263b0f1756a068e6!5m2!4m1!1i2!8m2!3d1.1461978!4d104.0115581!16s%2Fg%2F1pzvgsph7!19sChIJX10WTNWJ2TER5migVhcPOyY?authuser=0&hl=en&rclk=1,0.0,Hospitality,Indonesia.Batam.Hotel.202408042041.db,places,null_required_column
1323,Kos golden land H-12,4.5,2,0,,[],"Jl. Golden Land No.20, Taman Baloi, Kec. Batam Kota, Kota Batam, Kepulauan Riau 29444, Indonesia",[],+62 813-3613-5913,1.1095077,104.0402887,https://www.google.com/maps/place/Kos+golden+land+H-12/data=!4m10!3m9!1s0x31d9890585a6b329:0x24a84eeb1b17d26a!5m2!4m1!1i2!8m2!3d1.1095077!4d104.0402887!16s%2Fg%2F11flycqsrt!19sChIJKbOmhQWJ2TERatIXG-tOqCQ?authuser=0&hl=en&rclk=1,-1.0,Hospitality,Indonesia.Batam.Hotel.202408042041.db,places,null_required_column
1332,Batam Backpacker House,4.0,1,0,,[],"5226+5MR, Jodoh River, Batu Ampar, Batam City, Riau Islands 29444, Indonesia",[],,1.1504915,104.0116304,https://www.google.com/maps/place/Batam+Backpacker+House/data=!4m10!3m9!1s0x31d9898920439249:0x8912d4c0458898f1!5m2!4m1!1i2!8m2!3d1.1504915!4d104.0116304!16s%2Fg%2F11cn0p6p0z!19sChIJSZJDIImJ2TER8ZiIRcDUEok?authuser=0&hl=en&rclk=1,0.0,Hospitality,Indonesia.Batam.Hotel.202408042041.db,places,null_required_column
1457,Happy Hotel,4.1,91,0,,[],"Komp. Trikarsa Ekualita, Jl. Laksamana Bintan No. 34 - 36, Sungai Panas, Kec. Batam Kota, Kota Batam, Kepulauan Riau 29444, Indonesia",[],,1.1278373,104.0337515,https://www.google.com/maps/place/Happy+Hotel/data=!4m10!3m9!1s0x31d989125a6a32cf:0xd0ef207c50789526!5m2!4m1!1i2!8m2!3d1.1278373!4d104.0337515!16s%2Fg%2F1hm3xcjt2!19sChIJzzJqWhKJ2TERJpV4UHwg79A?authuser=0&hl=en&rclk=1,0.0,Hospitality,Indonesia.Batam.Hotel.202408042041.db,places,null_required_column
1866,Beverly Inn,4.3,189,0,,[],"Komplek Pertokoan Anugrah Batam Centre, Jl. Raja H. Fisabilillah No.4 Blok A2 No 1, RW.4, Tlk. Tering, Kec. Batam Kota, Kota Batam, Kepulauan Riau 29432, Indonesia",[],+62 811-7760-919,1.1343223,104.0428532,https://www.google.com/maps/place/Beverly+Inn/data=!4m10!3m9!1s0x31d9899060ab9c4b:0x4ce1a7712a7b5cda!5m2!4m1!1i2!8m2!3d1.1343223!4d104.0428532!16s%2Fg%2F11h_d72p43!19sChIJS5yrYJCJ2TER2lx7KnGn4Uw?authuser=0&hl=en&rclk=1,0.0,Hospitality,Indonesia.Batam.Hotel.202408042041.db,places,null_required_column
1913,Capital O 1432 Blitz Hotel,4.0,4,0,,[],"42FX+7FP, Jl. Raja M Tahir, Tlk. Tering, Kec. Batam Kota, Kota Batam, Kepulauan Riau 29461, Indonesia",[],+62 813-6460-6122,1.1232125,104.0487039,https://www.google.com/maps/place/Capital+O+1432+Blitz+Hotel/data=!4m10!3m9!1s0x31d9891ec69df51b:0xb769da71417c2904!5m2!4m1!1i2!8m2!3d1.1232125!4d104.0487039!16s%2Fg%2F11hf3psc1k!19sChIJG_Wdxh6J2TERBCl8QXHaabc?authuser=0&hl=en&rclk=1,0.0,Hospitality,Indonesia.Batam.Hotel.202408042041.db,places,null_required_column
1938,Pacific Palace Hotel,4.5,5,0,,[],"Jl. Duyung, Sungai Jodoh, Kec. Batu Ampar, Kota Batam, Kepulauan Riau 29444, Indonesia",[],,1.1514411,104.0009001,https://www.google.com/maps/place/Pacific+Palace+Hotel/data=!4m10!3m9!1s0x31d98e3fffffffff:0x1f5001b813e21153!5m2!4m1!1i2!8m2!3d1.1514411!4d104.0009001!16s%2Fg%2F11hcdz41_g!19sChIJ_____z-O2TERUxHiE7gBUB8?authuser=0&hl=en&rclk=1,0.0,Hospitality,Indonesia.Batam.Hotel.202408042041.db,places,null_required_column
1991,RedDoorz Plus   Batam Centre,4.0,60,0,,[],"Komp, Jl. Orchard Suite Jl. Laksamana Bintan No.2, Tlk. Tering, Kec. Batam Kota, Kota Batam, Kepulauan Riau 29444, Indonesia",[],,1.1212385,104.0342464,https://www.google.com/maps/place/RedDoorz+Plus+@+Batam+Centre/data=!4m10!3m9!1s0x31d98915a2e92fe5:0xc496f8186885658e!5m2!4m1!1i2!8m2!3d1.1212385!4d104.0342464!16s%2Fg%2F11gdjjg_hx!19sChIJ5S_pohWJ2TERjmWFaBj4lsQ?authuser=0&hl=en&rclk=1,0.0,Hospitality,Indonesia.Batam.Hotel.202408042041.db,places,null_required_column
2351,OYO 91195 Manisee 1 Homestay Syariah,0.0,0,0,,[],"4XFP+2QP, Tiban Indah, Sekupang, Batam City, Riau Islands 29424, Indonesia",[],+62 804 104 0040,1.1225922,103.9869538,https://www.google.com/maps/place/OYO+91195+Manisee+1+Homestay+Syariah/data=!4m10!3m9!1s0x31d98bc1aaaaaabf:0x4bd9f05d0d1cafcc!5m2!4m1!1i2!8m2!3d1.1225922!4d103.9869538!16s%2Fg%2F11kb_5tm12!19sChIJv6qqqsGL2TERzK8cDV3w2Us?authuser=0&hl=en&rclk=1,0.0,Hospitality,Indonesia.Batam.Hotel.202408042041.db,places,null_required_column
2392,Solo Baru Kost,4.5,24,0,,[],"Blok C/10 Komplek Jaya Putra, Jl. Raja Ali H., RT.01/RW.04, Jodoh River, Batu Ampar, Batam City, Riau Islands 29444, Indonesia",[],+62 813-8249-0046,1.1514773,104.0060824,https://www.google.com/maps/place/Solo+Baru+Kost/data=!4m10!3m9!1s0x31d98b1a5d156631:0xeb10c61b377b8fba!5m2!4m1!1i2!8m2!3d1.1514773!4d104.0060824!16s%2Fg%2F11grs3wx4k!19sChIJMWYVXRqL2TERuo97NxvGEOs?authuser=0&hl=en&rclk=1,0.0,Hospitality,Indonesia.Batam.Hotel.202408042041.db,places,null_required_column
2399,SPOT ON 91494 Kembang Kunir Syariah,5.0,2,0,,[],"07, Batam, Kepulauan Riau, 29400, Sungai Jodoh, Kec. Batu Ampar, Kota Batam, Kepulauan Riau 29432, Indonesia",[],+62 21 29707601,1.1492379,104.0062195,https://www.google.com/maps/place/SPOT+ON+91494+Kembang+Kunir+Syariah/data=!4m10!3m9!1s0x31d98bbcbc3227ad:0xcaee77ac3d5ab81f!5m2!4m1!1i2!8m2!3d1.1492379!4d104.0062195!16s%2Fg%2F11h9p6qn05!19sChIJrScyvLyL2TERH7haPax37so?authuser=0&hl=en&rclk=1,0.0,Hospitality,Indonesia.Batam.Hotel.202408042041.db,places,null_required_column
2432,Collection O 91586 Green House Tiban,1.8,5,0,,[],"dibelakang tiban foodcourt, 7 Komplek Tiban Indah Blok C No. 9, Tiban Indah, Harb, Riau Islands 29426, Indonesia",[],+62 21 29707601,1.1152005,103.9794353,https://www.google.com/maps/place/Collection+O+91586+Green+House+Tiban/data=!4m7!3m6!1s0x31d98b1e05b848d5:0xb59bb105b42541cf!8m2!3d1.1152005!4d103.9794353!16s%2Fg%2F11s7d86_qv!19sChIJ1Ui4BR6L2TERz0EltAWxm7U?authuser=0&hl=en&rclk=1,-1.0,Hospitality,Indonesia.Batam.Hotel.202408042041.db,places,null_required_column
2445,Guest House Safina Syariah,4.4,151,0,,[],"Komplek Tiban I Blik D No. 173, Jl. Tiban Indah No.Raya, Patam Lestari, Kec. Sekupang, Kota Batam, Kepulauan Riau 29424, Indonesia",[],+62 811-7033-211,1.1163841,103.976958,https://www.google.com/maps/place/Guest+House+Safina+Syariah/data=!4m10!3m9!1s0x31d98b96b9a97ad5:0x5c4debd3972fe217!5m2!4m1!1i2!8m2!3d1.1163841!4d103.976958!16s%2Fg%2F11f4r2j0vm!19sChIJ1XqpuZaL2TERF-Ivl9PrTVw?authuser=0&hl=en&rclk=1,-1.0,Hospitality,Indonesia.Batam.Hotel.202408042041.db,places,null_required_column
2513,SPOT ON 93312 Homestay Orange,0.0,0,0,,[],"18, Taman Mediterania ii8 No.11, Batam City, Central Sumatra 28433, Indonesia",[],,1.130077,104.05292,https://www.google.com/maps/place/SPOT+ON+93312+Homestay+Orange/data=!4m10!3m9!1s0x31d98902bb490911:0x23c33e2d326da5c9!5m2!4m1!1i2!8m2!3d1.130077!4d104.05292!16s%2Fg%2F11vj720kpc!19sChIJEQlJuwKJ2TERyaVtMi0-wyM?authuser=0&hl=en&rclk=1,0.0,Hospitality,Indonesia.Batam.Hotel.202408042041.db,places,null_required_column
2528,OYO 92496 Faraas Homestay Syariah,0.0,0,0,,[],"2, Riau Island, Batam City, Riau Islands 29464, Indonesia",[],,1.130077,104.05292,https://www.google.com/maps/place/OYO+92496+Faraas+Homestay+Syariah/data=!4m10!3m9!1s0x31d98902bb490911:0x35399bd247a17226!5m2!4m1!1i2!8m2!3d1.130077!4d104.05292!16s%2Fg%2F11vzgjmpfl!19sChIJEQlJuwKJ2TERJnKhR9KbOTU?authuser=0&hl=en&rclk=1,0.0,Hospitality,Indonesia.Batam.Hotel.202408042041.db,places,null_required_column
2530,SleepRest   Golden Prima,4.4,11,0,,[],"Perum, Golden Prima No.29 Blok I, Bengkong Laut, Kec. Bengkong, Kota Batam, Kepulauan Riau 29459, Indonesia",[],+62 812-6792-2266,1.1645456,104.0408671,https://www.google.com/maps/place/SleepRest+@+Golden+Prima/data=!4m10!3m9!1s0x31d98937ed0d696f:0xef851d622542efb5!5m2!4m1!1i2!8m2!3d1.1645456!4d104.0408671!16s%2Fg%2F11f66gvgw8!19sChIJb2kN7TeJ2TERte9CJWIdhe8?authuser=0&hl=en&rclk=1,0.0,Hospitality,Indonesia.Batam.Hotel.202408042041.db,places,null_required_column
2532,SPOT ON 93276 Fendi 2 Homestay Syariah,0.0,0,0,,[],"07, Jodoh River, Batam City, Riau Islands 29432, Indonesia",[],,1.130077,104.05292,https://www.google.com/maps/place/SPOT+ON+93276+Fendi+2+Homestay+Syariah/data=!4m10!3m9!1s0x31d98902bb490911:0x468818e41a1bb913!5m2!4m1!1i2!8m2!3d1.130077!4d104.05292!16s%2Fg%2F11y1wht39t!19sChIJEQlJuwKJ2TERE7kbGuQYiEY?authuser=0&hl=en&rclk=1,0.0,Hospitality,Indonesia.Batam.Hotel.202408042041.db,places,null_required_column
2533,Home Stay Paradise,3.5,26,0,,[],"Tanjung Buntung, Bengkong, Batam City, Riau Islands, Indonesia",[],+62 858-3812-4873,1.1642,104.0394332,https://www.google.com/maps/place/Home+Stay+Paradise/data=!4m10!3m9!1s0x31d989c5aa407793:0xeda8eda5aa4388eb!5m2!4m1!1i2!8m2!3d1.1642!4d104.0394332!16s%2Fg%2F11kmn5dtcd!19sChIJk3dAqsWJ2TER64hDqqXtqO0?authuser=0&hl=en&rclk=1,0.0,Hospitality,Indonesia.Batam.Hotel.202408042041.db,places,null_required_column
2555,OYO 91423 Ringin Pitu 1 Syariah,0.0,0,0,,[],"Mall, Harbour Bay, 9, Jodoh River, Lubuk Baja, Batam City, Riau Islands 29432, Indonesia",[],+62 21 29707601,1.149574,104.0061632,https://www.google.com/maps/place/OYO+91423+Ringin+Pitu+1+Syariah/data=!4m10!3m9!1s0x31d98b5768140389:0x33e4b0841e48b220!5m2!4m1!1i2!8m2!3d1.149574!4d104.0061632!16s%2Fg%2F11txfqfk9z!19sChIJiQMUaFeL2TERILJIHoSw5DM?authuser=0&hl=en&rclk=1,0.0,Hospitality,Indonesia.Batam.Hotel.202408042041.db,places,null_required_column
2582,SPOT ON 92092 Wisma Nilam Sari Syariah,4.6,5,0,,[],"Unnamed Road, Lubuk Baja Kota, Kec. Lubuk Baja, Kota Batam, Kepulauan Riau 29444, Indonesia",[],+62 21 29707601,1.1438225,104.0173362,https://www.google.com/maps/place/SPOT+ON+92092+Wisma+Nilam+Sari+Syariah/data=!4m10!3m9!1s0x31d989133eba407b:0x243df286a73df2c5!5m2!4m1!1i2!8m2!3d1.1438225!4d104.0173362!16s%2Fg%2F11gy28yh7c!19sChIJe0C6PhOJ2TERxfI9p4byPSQ?authuser=0&hl=en&rclk=1,0.0,Hospitality,Indonesia.Batam.Hotel.202408042041.db,places,null_required_column
2642,OYO 91882 Bilqis Homestay,1.0,1,0,,[],"Hangnadim Internasional Airport, Baloi, 7 Pasar Pelita, Jl. Sriwijaya, Harbourb, Kota Batam, Kepulauan Riau 29443, Indonesia",[],+62 21 29707601,1.143353,104.0186766,https://www.google.com/maps/place/OYO+91882+Bilqis+Homestay/data=!4m10!3m9!1s0x31d9890cecc13a11:0xb1bebd93d26b8f5c!5m2!4m1!1i2!8m2!3d1.143353!4d104.0186766!16s%2Fg%2F11tj_07lmx!19sChIJETrB7AyJ2TERXI9r0pO9vrE?authuser=0&hl=en&rclk=1,0.0,Hospitality,Indonesia.Batam.Hotel.202408042041.db,places,null_required_column
2655,OYO 92528 Nagoya House Syariah,1.0,3,0,,[],"42P8+VJR, Jl. Raden Patah, Baloi, Lubuk, Kec. Lubuk Baja, Kota Batam, Kepulauan Riau 29444, Indonesia",[],,1.137237,104.016516,https://www.google.com/maps/place/OYO+92528+Nagoya+House+Syariah/data=!4m10!3m9!1s0x31d989785b733af9:0xd00b05f488cfe3b0!5m2!4m1!1i2!8m2!3d1.137237!4d104.016516!16s%2Fg%2F11v3syqb1k!19sChIJ-TpzW3iJ2TERsOPPiPQFC9A?authuser=0&hl=en&rclk=1,0.0,Hospitality,Indonesia.Batam.Hotel.202408042041.db,places,null_required_column
2659,SPOT ON 91968 Penginapan Saweri Gading,2.0,1,0,,[],"Hill Mall Batam, 9 Baloi, Lubuk Baja, Batam City, Riau Islands 29444, Indonesia",[],+62 21 29707601,1.1437118,104.0173249,https://www.google.com/maps/place/SPOT+ON+91968+Penginapan+Saweri+Gading/data=!4m10!3m9!1s0x31d98985bb1cf3b5:0x760e5095a59fdf5!5m2!4m1!1i2!8m2!3d1.1437118!4d104.0173249!16s%2Fg%2F11k3hjhf7b!19sChIJtfMcu4WJ2TER9f1ZWgnlYAc?authuser=0&hl=en&rclk=1,0.0,Hospitality,Indonesia.Batam.Hotel.202408042041.db,places,null_required_column
2661,OYO 91368 Jasmine 999,0.0,0,0,,[],"Mesjid Raya Baitusysyakur, 1 Near Nagoya Hill. Mesjid, Jl. Jabal Arafah, Kepulauan Riau 29444, Indonesia",[],+62 21 29707601,1.1509037,104.0092982,https://www.google.com/maps/place/OYO+91368+Jasmine+999/data=!4m10!3m9!1s0x31d98947775b5659:0x8f54ae6527ce613f!5m2!4m1!1i2!8m2!3d1.1509037!4d104.0092982!16s%2Fg%2F11tc22vwj0!19sChIJWVZbd0eJ2TERP2HOJ2WuVI8?authuser=0&hl=en&rclk=1,0.0,Hospitality,Indonesia.Batam.Hotel.202408042041.db,places,null_required_column
2662,Airy Nagoya Sriwijaya 119 Batam,4.4,18,0,,[],"Jl. Sriwijaya No.119, Kp. Pelita, Kec. Lubuk Baja, Kota Batam, Kepulauan Riau 29432, Indonesia",[],+62 804 111 2479,1.1415686,104.021346,https://www.google.com/maps/place/Airy+Nagoya+Sriwijaya+119+Batam/data=!4m10!3m9!1s0x31d9899cfa882fd7:0x1c5ad7e0d1485222!5m2!4m1!1i2!8m2!3d1.1415686!4d104.021346!16s%2Fg%2F11g6tzmyk1!19sChIJ1y-I-pyJ2TERIlJI0eDXWhw?authuser=0&hl=en&rclk=1,0.0,Hospitality,Indonesia.Batam.Hotel.202408042041.db,places,null_required_column
2665,OYO 91782 Satria Homestay Syariah,3.3,4,0,,[],"Patung Kuda Batam, 12, Batam City, Riau Islands 29444, Indonesia",[],+62 21 29707601,1.1379922,104.0270098,https://www.google.com/maps/place/OYO+91782+Satria+Homestay+Syariah/data=!4m10!3m9!1s0x31d989605b26929d:0x83db46869e7a85c9!5m2!4m1!1i2!8m2!3d1.1379922!4d104.0270098!16s%2Fg%2F11tg42f776!19sChIJnZImW2CJ2TERyYV6noZG24M?authuser=0&hl=en&rclk=1,0.0,Hospitality,Indonesia.Batam.Hotel.202408042041.db,places,null_required_column
2666,Hotel Minang jaya,1.0,1,0,,[],"42V9+VM6, Kampung Pelita, Lubuk Baja, Batam City, Riau Islands 29444, Indonesia",[],,1.1446122,104.0192702,https://www.google.com/maps/place/Hotel+Minang+jaya/data=!4m10!3m9!1s0x31d9890055453189:0xa3264a4bd2a7923a!5m2!4m1!1i2!8m2!3d1.1446122!4d104.0192702!16s%2Fg%2F11vt4tr0b6!19sChIJiTFFVQCJ2TEROpKn0ktKJqM?authuser=0&hl=en&rclk=1,0.0,Hospitality,Indonesia.Batam.Hotel.202408042041.db,places,null_required_column
2668,OYO 93671 Sir Homestay,1.0,1,0,,[],"Jl. Imam Bonjol No.01, Sungai Jodoh, Kec. Batu Ampar, Kota Batam, Kepulauan Riau 29432, Indonesia",[],,1.149971,104.007181,https://www.google.com/maps/place/OYO+93671+Sir+Homestay/data=!4m10!3m9!1s0x31d98a2787919757:0x41a51cb25f0074eb!5m2!4m1!1i2!8m2!3d1.149971!4d104.007181!16s%2Fg%2F11y3sfr0_j!19sChIJV5eRhyeK2TER63QAX7IcpUE?authuser=0&hl=en&rclk=1,0.0,Hospitality,Indonesia.Batam.Hotel.202408042041.db,places,null_required_column
2671,RedDoorz near Nagoya Citywalk Batam 2,4.2,297,0,,[],"Blok B No. 9- 12 Komplek Srijaya Abadi Jalan Lubuk Baja, RW.1, Lubuk Baja Kota, Kec. Lubuk Baja, Kota Batam, Kepulauan Riau 29444, Indonesia",[],+62 21 80629666,1.143189,104.0114849,https://www.google.com/maps/place/RedDoorz+near+Nagoya+Citywalk+Batam+2/data=!4m10!3m9!1s0x31d9898136154bc3:0x71ab678f918268e4!5m2!4m1!1i2!8m2!3d1.143189!4d104.0114849!16s%2Fg%2F11b6dh1jg6!19sChIJw0sVNoGJ2TER5GiCkY9nq3E?authuser=0&hl=en&rclk=1,0.0,Hospitality,Indonesia.Batam.Hotel.202408042041.db,places,null_required_column
2679,SPOT ON 93776 Intan Homestay,0.0,0,0,,[],"Komplek Tanjung Pantun, 2, Batam City, Riau Islands 29400, Indonesia",[],,1.149874,104.005957,https://www.google.com/maps/place/SPOT+ON+93776+Intan+Homestay/data=!4m10!3m9!1s0x31d98a2797804d0b:0xd17d4bc2fc9209cc!5m2!4m1!1i2!8m2!3d1.149874!4d104.005957!16s%2Fg%2F11vygf6mlm!19sChIJC02AlyeK2TERzAmS_MJLfdE?authuser=0&hl=en&rclk=1,0.0,Hospitality,Indonesia.Batam.Hotel.202408042041.db,places,null_required_column
2682,RedDoorz Plus near Nagoya Hill Batam 6,4.2,13,0,,[],"Komp. Bumi Ayu Lestari , Blok F No. 45 - 46, Kota Batam, Kepulauan Riau 29444, Indonesia",[],+62 21 80629666,1.1506263,104.0093063,https://www.google.com/maps/place/RedDoorz+Plus+near+Nagoya+Hill+Batam+6/data=!4m10!3m9!1s0x31d98fafe161b5a1:0x989b1f6f8859a7e9!5m2!4m1!1i2!8m2!3d1.1506263!4d104.0093063!16s%2Fg%2F11pdxxwscd!19sChIJobVh4a-P2TER6adZiG8fm5g?authuser=0&hl=en&rclk=1,0.0,Hospitality,Indonesia.Batam.Hotel.202408042041.db,places,null_required_column
2711,Kost NEWTOWN 999,4.0,4,0,,[],"42V4+P4W, Unnamed Road, Lubuk Baja Kota, Kec. Lubuk Baja, Kota Batam, Kepulauan Riau 29444, Indonesia",[],,1.1443542,104.0053361,https://www.google.com/maps/place/Kost+NEWTOWN+999/data=!4m10!3m9!1s0x31d98bf9776901db:0x3909d60e8588e2e2!5m2!4m1!1i2!8m2!3d1.1443542!4d104.0053361!16s%2Fg%2F11hf4tlcyr!19sChIJ2wFpd_mL2TER4uKIhQ7WCTk?authuser=0&hl=en&rclk=1,0.0,Hospitality,Indonesia.Batam.Hotel.202408042041.db,places,null_required_column
2732,SPOT ON 92323 Ririn Homestay,0.0,0,0,,[],"Hotel Singapore, Jalan No.5, Jodoh River, Batu Ampar, Batam City, Riau Islands 29400, Indonesia",[],+62 21 29707601,1.1506449,104.0066521,https://www.google.com/maps/place/SPOT+ON+92323+Ririn+Homestay/data=!4m10!3m9!1s0x31d98902bb490911:0x14512f8ffcd2f68!5m2!4m1!1i2!8m2!3d1.1506449!4d104.0066521!16s%2Fg%2F11tw_mk1mn!19sChIJEQlJuwKJ2TERaC_N__gSRQE?authuser=0&hl=en&rclk=1,0.0,Hospitality,Indonesia.Batam.Hotel.202408042041.db,places,null_required_column
2738,SPOT ON 92360 Penginapan Reni,5.0,1,0,,[],"2, Jodoh River, Batam City, Riau Islands 29400, Indonesia",[],+62 21 29707601,1.1508744,104.00606,https://www.google.com/maps/place/SPOT+ON+92360+Penginapan+Reni/data=!4m10!3m9!1s0x31d98bf55328459f:0xa91d8c2b51ccea50!5m2!4m1!1i2!8m2!3d1.1508744!4d104.00606!16s%2Fg%2F11srrvcsgq!19sChIJn0UoU_WL2TERUOrMUSuMHak?authuser=0&hl=en&rclk=1,0.0,Hospitality,Indonesia.Batam.Hotel.202408042041.db,places,null_required_column
2744,OYO 91344 Wr House Syariah Batam,5.0,1,0,,[],"Komplek Tanjung Pantun, Jl. Raja Ali H., Sungai Jodoh, Kec. Batu Ampar, Kota Batam, Kepulauan Riau 29432, Indonesia",[],+62 21 29707601,1.1505325,104.0066495,https://www.google.com/maps/place/OYO+91344+Wr+House+Syariah+Batam/data=!4m10!3m9!1s0x31d98ba7b0767a8d:0x956094c0ba75b313!5m2!4m1!1i2!8m2!3d1.1505325!4d104.0066495!16s%2Fg%2F11j90tzxps!19sChIJjXp2sKeL2TERE7N1usCUYJU?authuser=0&hl=en&rclk=1,0.0,Hospitality,Indonesia.Batam.Hotel.202408042041.db,places,null_required_column
2759,SPOT ON 92985 Mitra Homestay,0.0,0,0,,[],"4 Jl. Raja Ali H. No.04, RW.06, Sungai Jodoh, Kec. Batu Ampar, Kota Batam, Kepul, Batam City, Riau Islands 29444, Indonesia",[],+62 21 29707601,1.1508473,104.0062532,https://www.google.com/maps/place/SPOT+ON+92985+Mitra+Homestay/data=!4m10!3m9!1s0x31d98b9a877ed62d:0xf3b083e26b44ad93!5m2!4m1!1i2!8m2!3d1.1508473!4d104.0062532!16s%2Fg%2F11l2hts5s0!19sChIJLdZ-h5qL2TERk61Ea-KDsPM?authuser=0&hl=en&rclk=1,0.0,Hospitality,Indonesia.Batam.Hotel.202408042041.db,places,null_required_column
2771,SPOT ON 91512 Siantan Anambas Syariah,1.0,3,0,,[],"HILL SHOPING CENTE, 06 Batam, Kepulauan Riau, 29400, Indonesia Jl. Harbour Bay, Kec. Lubuk Baja, Kepulauan Riau 29432, Indonesia",[],+62 21 29707601,1.1492473,104.0062935,https://www.google.com/maps/place/SPOT+ON+91512+Siantan+Anambas+Syariah/data=!4m10!3m9!1s0x31d98b614f0d5d71:0x9b30d077c88b375a!5m2!4m1!1i2!8m2!3d1.1492473!4d104.0062935!16s%2Fg%2F11khvhc_z_!19sChIJcV0NT2GL2TERWjeLyHfQMJs?authuser=0&hl=en&rclk=1,0.0,Hospitality,Indonesia.Batam.Hotel.202408042041.db,places,null_required_column
2775,SPOT ON 91792 Solo Baru 2 Homestay Syariah,0.0,0,0,,[],"Jl. Harbour Bay No.10, Sungai Jodoh, Kec. Batu Ampar, Kota Batam, Kepulauan Riau 29444, Indonesia",[],+62 21 29707601,1.1513254,104.0060405,https://www.google.com/maps/place/SPOT+ON+91792+Solo+Baru+2+Homestay+Syariah/data=!4m10!3m9!1s0x31d98bf34fd2b375:0x95fe4824e5711494!5m2!4m1!1i2!8m2!3d1.1513254!4d104.0060405!16s%2Fg%2F11k9b77n9k!19sChIJdbPST_OL2TERlBRx5SRI_pU?authuser=0&hl=en&rclk=1,0.0,Hospitality,Indonesia.Batam.Hotel.202408042041.db,places,null_required_column
2781,SPOT ON 91500 Suci Homestay Syariah,0.0,0,0,,[],"6 sungai jodoh. batu ampar Nagoya Hill, DC Mall, JODOH CENTER, Mc Donald's, Riau Islands 29444, Indonesia",[],+62 21 29707601,1.1493516,104.0048826,https://www.google.com/maps/place/SPOT+ON+91500+Suci+Homestay+Syariah/data=!4m10!3m9!1s0x31d98a27b7cce0cd:0xcebadd0af0fc928e!5m2!4m1!1i2!8m2!3d1.1493516!4d104.0048826!16s%2Fg%2F11kc3cckb7!19sChIJzeDMtyeK2TERjpL88Ardus4?authuser=0&hl=en&rclk=1,0.0,Hospitality,Indonesia.Batam.Hotel.202408042041.db,places,null_required_column
2786,SPOT ON 92389 Fendi Homestay Syariah,5.0,1,0,,[],"07, Komp Jaya Putra BlK D/7, Sungai Jodoh, Kec. Batu Ampar Kota Batam, Kepulauan Riau 29432, Batam City, Riau Islands 29433, Indonesia",[],+62 21 29707601,1.1511798,104.006322,https://www.google.com/maps/place/SPOT+ON+92389+Fendi+Homestay+Syariah/data=!4m10!3m9!1s0x31d98b1e5600ffa9:0x9bb994e1dcb31453!5m2!4m1!1i2!8m2!3d1.1511798!4d104.006322!16s%2Fg%2F11khmfqn_3!19sChIJqf8AVh6L2TERUxSz3OGUuZs?authuser=0&hl=en&rclk=1,0.0,Hospitality,Indonesia.Batam.Hotel.202408042041.db,places,null_required_column
2803,NIDA Rooms Raden Patah Nagoya,0.0,0,0,,[],"Jl. Raden Patah No.7 Blok 3, Lubuk Baja Kota, Kec. Lubuk Baja, Kota Batam, Kepulauan Riau 29444, Indonesia",[],+62 21 80630755,1.1427283,104.0150497,https://www.google.com/maps/place/NIDA+Rooms+Raden+Patah+Nagoya/data=!4m10!3m9!1s0x31d98983917293c3:0xa3d9af1313530c48!5m2!4m1!1i2!8m2!3d1.1427283!4d104.0150497!16s%2Fg%2F11fztnmjcq!19sChIJw5NykYOJ2TERSAxTExOv2aM?authuser=0&hl=en&rclk=1,0.0,Hospitality,Indonesia.Batam.Hotel.202408042041.db,places,null_required_column
2831,OYO Life 2670 Aline Kost,0.0,0,0,,[],"Komplek Perumahan Oma Batam Centre Blok 12 No. 1, Baloi Permai, Batam Kota, Batam City, Riau Islands 29432, Indonesia",[],+62 21 29707601,1.1065284,104.0533515,https://www.google.com/maps/place/OYO+Life+2670+Aline+Kost/data=!4m10!3m9!1s0x31d989525142edbd:0xca02240e837743ae!5m2!4m1!1i2!8m2!3d1.1065284!4d104.0533515!16s%2Fg%2F11j22whhx9!19sChIJve1CUVKJ2TERrkN3gw4kAso?authuser=0&hl=en&rclk=1,-1.0,Hospitality,Indonesia.Batam.Hotel.202408042041.db,places,null_required_column
2838,Pensions Orchid Two,3.8,221,0,,[],"Jl. Teuku Umar No.5, Lubuk Baja Kota, Kec. Lubuk Baja, Kota Batam, Kepulauan Riau 29444, Indonesia",[],+62 812-7525-0701,1.1423529,104.0170956,https://www.google.com/maps/place/Pensions+Orchid+Two/data=!4m10!3m9!1s0x31d9898366e42911:0x2bb050195e5bebb3!5m2!4m1!1i2!8m2!3d1.1423529!4d104.0170956!16s%2Fg%2F11j7dwbwv7!19sChIJESnkZoOJ2TERs-tbXhlQsCs?authuser=0&hl=en&rclk=1,0.0,Hospitality,Indonesia.Batam.Hotel.202408042041.db,places,null_required_column
2849,My Batam Transportation   Wisma Rajawali,4.2,32,0,,[],"Belakang Bank Riau, Komplek Polaris Sakti Blok:B, No:9, Lubuk Baja Kota, Lubuk Baja, Batam City, Riau Islands 29432, Indonesia",[],,1.1455244,104.0102523,https://www.google.com/maps/place/My+Batam+Transportation+%2F+Wisma+Rajawali/data=!4m10!3m9!1s0x31d98986fbc3ab43:0x6ddaa5e17f74e5ae!5m2!4m1!1i2!8m2!3d1.1455244!4d104.0102523!16s%2Fg%2F1hm1zxcqs!19sChIJQ6vD-4aJ2TERruV0f-Gl2m0?authuser=0&hl=en&rclk=1,0.0,Hospitality,Indonesia.Batam.Hotel.202408042041.db,places,null_required_column
2862,Danka Tudor Residence,4.6,14,0,,[],"Duta mas, cluster II, No.51, Baloi Permai, Kec. Batam Kota, Kota Batam, Kepulauan Riau 29444, Indonesia",[],+62 812-6888-1701,1.1025363,104.04763,https://www.google.com/maps/place/Danka@Tudor+Residence/data=!4m10!3m9!1s0x31d9892c9f7209ab:0xf39f153a0a1a5b20!5m2!4m1!1i2!8m2!3d1.1025363!4d104.04763!16s%2Fg%2F11f5hsqyv9!19sChIJqwlynyyJ2TERIFsaCjoVn_M?authuser=0&hl=en&rclk=1,-1.0,Hospitality,Indonesia.Batam.Hotel.202408042041.db,places,null_required_column
2870,Hotel Grand Palace,3.9,183,0,,[],"Komplek Nagoya Business Center Blok 1 No. 37-40, Batu Ampar, Lubuk Baja Kota, Kec. Batam Kota, Kepulauan Riau, 29432, Indonesia",[],,1.1481759,104.0078441,https://www.google.com/maps/place/Hotel+Grand+Palace/data=!4m10!3m9!1s0x31d989814a08d489:0xe1ce05571dc8a572!5m2!4m1!1i2!8m2!3d1.1481759!4d104.0078441!16s%2Fg%2F1hc1yl2r6!19sChIJidQISoGJ2TERcqXIHVcFzuE?authuser=0&hl=en&rclk=1,0.0,Hospitality,Indonesia.Batam.Hotel.202408042041.db,places,null_required_column
2889,OYO 91967 Rajawali Inn,0.0,0,0,,[],"Mall Batam, 9 Baloi, Lubuk Baja, Batam City, Riau Islands 29400, Indonesia",[],+62 21 29707601,1.1455303,104.0102593,https://www.google.com/maps/place/OYO+91967+Rajawali+Inn/data=!4m10!3m9!1s0x31d989dedac568f3:0xd926bceaa4df7364!5m2!4m1!1i2!8m2!3d1.1455303!4d104.0102593!16s%2Fg%2F11ts38csjj!19sChIJ82jF2t6J2TERZHPfpOq8Jtk?authuser=0&hl=en&rclk=1,0.0,Hospitality,Indonesia.Batam.Hotel.202408042041.db,places,null_required_column
2904,OYO 92988 City Room,2.6,5,0,,[],"Nagoya Citywalk, 01, Kota Batam, Kepulauan Riau 29444, Indonesia",[],+62 21 29707601,1.1439752,104.0073205,https://www.google.com/maps/place/OYO+92988+City+Room/data=!4m10!3m9!1s0x31d9894a64e3b3cf:0xb2047c8252ea55c8!5m2!4m1!1i2!8m2!3d1.1439752!4d104.0073205!16s%2Fg%2F11vb2js7r5!19sChIJz7PjZEqJ2TERyFXqUoJ8BLI?authuser=0&hl=en&rclk=1,0.0,Hospitality,Indonesia.Batam.Hotel.202408042041.db,places,null_required_column
2940,Hotel Limindo Pasifik,3.9,131,0,,[],"Jalan Imam Bonjol-Nagoya, Komp. Ruko 10 Blok N No.1-2, Lubuk Baja Kota, Kec. Lubuk Baja, Kota Batam, Kepulauan Riau 29432, Indonesia",[],,1.1456369,104.0105399,https://www.google.com/maps/place/Hotel+Limindo+Pasifik/data=!4m10!3m9!1s0x31d98986f7ca57bb:0xf44c4248fcddf6c9!5m2!4m1!1i2!8m2!3d1.1456369!4d104.0105399!16s%2Fg%2F1hm63gygd!19sChIJu1fK94aJ2TERyfbd_EhCTPQ?authuser=0&hl=en&rclk=1,0.0,Hospitality,Indonesia.Batam.Hotel.202408042041.db,places,null_required_column
2969,SPOT ON 93445 Penginapan Alfafa Scorpio,0.0,0,0,,[],"6, Baloi Permai, Batam, Kepulauan Riau Batam Sumatra, 29433, Indonesia",[],,1.130077,104.05292,https://www.google.com/maps/place/SPOT+ON+93445+Penginapan+Alfafa+Scorpio/data=!4m10!3m9!1s0x31d98902bb490911:0xc211568091c912bd!5m2!4m1!1i2!8m2!3d1.130077!4d104.05292!16s%2Fg%2F11vk2rzgb1!19sChIJEQlJuwKJ2TERvRLJkYBWEcI?authuser=0&hl=en&rclk=1,0.0,Hospitality,Indonesia.Batam.Hotel.202408042041.db,places,null_required_column
2979,Hotel pagoda,4.0,42,0,,[],"42R3+4HW, Jl. Komp. Dian Centre Jalan, Batu Selicin, Kec. Lubuk Baja, Kota Batam, Kepulauan Riau 29444, Indonesia",[],,1.1403658,104.0039554,https://www.google.com/maps/place/Hotel+pagoda/data=!4m10!3m9!1s0x31d98b5f2ed44597:0xb653b36f2da25cc6!5m2!4m1!1i2!8m2!3d1.1403658!4d104.0039554!16s%2Fg%2F11fmd72938!19sChIJl0XULl-L2TERxlyiLW-zU7Y?authuser=0&hl=en&rclk=1,0.0,Hospitality,Indonesia.Batam.Hotel.202408042041.db,places,null_required_column
2984,RedDoorz Plus near DC Mall Batam,3.9,91,0,,[],"Batu Selicin, Lubuk Baja, Batam City, Riau Islands 29432, Indonesia",[],+62 21 80629666,1.1383251,104.0028105,https://www.google.com/maps/place/RedDoorz+Plus+near+DC+Mall+Batam/data=!4m10!3m9!1s0x31d98bb0cf2fdc21:0x8726fc7bca25ddcc!5m2!4m1!1i2!8m2!3d1.1383251!4d104.0028105!16s%2Fg%2F11g4kv56ds!19sChIJIdwvz7CL2TERzN0lynv8Joc?authuser=0&hl=en&rclk=1,0.0,Hospitality,Indonesia.Batam.Hotel.202408042041.db,places,null_required_column
2990,Double D Residence Nagoya,4.5,46,0,,[],"42R4+492, Batu Selicin, Lubuk Baja, Batam City, Riau Islands 29444, Indonesia",[],,1.1402735,104.0058874,https://www.google.com/maps/place/Double+D+Residence+Nagoya/data=!4m10!3m9!1s0x31d98ba03cfdb6e5:0x2a75db5d37b866a!5m2!4m1!1i2!8m2!3d1.1402735!4d104.0058874!16s%2Fg%2F11g1mj_xxc!19sChIJ5bb9PKCL2TERaoZ707VdpwI?authuser=0&hl=en&rclk=1,0.0,Hospitality,Indonesia.Batam.Hotel.202408042041.db,places,null_required_column
3045,WE HOTEL BATAM   PENUIN,4.2,21,0,,[],"RUKO, Jl. Komp. Penuin Centre Blk. V No.4-5, Batu Selicin, Kec. Lubuk Baja, BATAM KOTA, Kepulauan Riau 29441, Indonesia",[],+62 821-6909-6838,1.1334324,104.0109683,https://www.google.com/maps/place/WE+HOTEL+BATAM+@+PENUIN/data=!4m10!3m9!1s0x31d989da71c0b26b:0x852e47b351bea8c!5m2!4m1!1i2!8m2!3d1.1334324!4d104.0109683!16s%2Fg%2F11srxqc28q!19sChIJa7LAcdqJ2TERjOobNXvkUgg?authuser=0&hl=en&rclk=1,0.0,Hospitality,Indonesia.Batam.Hotel.202408042041.db,places,null_required_column
3050,Home Stay Batam,5.0,3,0,,[],"Taman Duta Mas Blok C20 No. 07, Baloi Permai, Kec. Batam Kota, Kota Batam, Kepulauan Riau 29462, Indonesia",[],+62 811-7771-714,1.1055765,104.0446763,https://www.google.com/maps/place/Home+Stay+Batam/data=!4m10!3m9!1s0x31d989afe51aa245:0xb39aaadf261307fa!5m2!4m1!1i2!8m2!3d1.1055765!4d104.0446763!16s%2Fg%2F11px9vhwly!19sChIJRaIa5a-J2TER-gcTJt-qmrM?authuser=0&hl=en&rclk=1,-1.0,Hospitality,Indonesia.Batam.Hotel.202408042041.db,places,null_required_column
3083,SPOT ON 93446 Penginapan Mak Yes,0.0,0,0,,[],"6, Baloi Permai, Batam, Kepulauan Riau, Batam City, Riau Islands 29432, Indonesia",[],,1.130077,104.05292,https://www.google.com/maps/place/SPOT+ON+93446+Penginapan+Mak+Yes/data=!4m10!3m9!1s0x31d98902bb490911:0x564106939de7451e!5m2!4m1!1i2!8m2!3d1.130077!4d104.05292!16s%2Fg%2F11vpnbkfh9!19sChIJEQlJuwKJ2TERHkXnnZMGQVY?authuser=0&hl=en&rclk=1,0.0,Hospitality,Indonesia.Batam.Hotel.202408042041.db,places,null_required_column
3107,Hotel Santika Batam,4.7,1,0,,[],"Jl. Engku Putri No.9, Tlk. Tering, Batam Center, Kota Batam, Kepulauan Riau 29464, Indonesia",[],,1.1289707,104.0525617,https://www.google.com/maps/place/Hotel+Santika+Batam/data=!4m10!3m9!1s0x31d9899b243f228f:0x63f0bb368303cf63!5m2!4m1!1i2!8m2!3d1.1289707!4d104.0525617!16s%2Fg%2F11ry2xk_h7!19sChIJjyI_JJuJ2TERY88Dgza78GM?authuser=0&hl=en&rclk=1,0.0,Hospitality,Indonesia.Batam.Hotel.202408042041.db,places,null_required_column
3129,ARTOTEL Batam,4.8,1,0,,[],"Komplek Penuin Centre, Jl. Pembangunan No.1 Blok H, Batu Selicin, Kec. Lubuk Baja, Kota Batam, Kepulauan Riau 29444, Indonesia",[],,1.136846,104.008604,https://www.google.com/maps/place/ARTOTEL+Batam/data=!4m10!3m9!1s0x31d989e05cb2b0d3:0x5a871740e99565f1!5m2!4m1!1i2!8m2!3d1.136846!4d104.008604!16s%2Fg%2F11fpkgvz7c!19sChIJ07CyXOCJ2TER8WWV6UAXh1o?authuser=0&hl=en&rclk=1,0.0,Hospitality,Indonesia.Batam.Hotel.202408042041.db,places,null_required_column
3134,Best Western Premier Panbil,4.6,4,0,,[],"Jl. Ahmad Yani, Muka Kuning, Kec. Sei Beduk, Kota Batam, Kepulauan Riau 29433, Indonesia",[],,1.082147,104.0296209,https://www.google.com/maps/place/Best+Western+Premier+Panbil/data=!4m10!3m9!1s0x31d98e9551239d61:0x4a3b06667029536f!5m2!4m1!1i2!8m2!3d1.082147!4d104.0296209!16s%2Fg%2F11c2nm7tzn!19sChIJYZ0jUZWO2TERb1MpcGYGO0o?authuser=0&hl=en&rclk=1,-1.0,Hospitality,Indonesia.Batam.Hotel.202408042041.db,places,null_required_column
3138,Harmoni One Convention Hotel & Service Apartments,4.4,4,0,,[],"Jl. Raja M Tahir No.1, Tlk. Tering, Kec. Batam Kota, Kota Batam, Kepulauan Riau 29444, Indonesia",[],+62 811-7093-111,1.1321087,104.0481551,https://www.google.com/maps/place/Harmoni+One+Convention+Hotel+%26+Service+Apartments/data=!4m10!3m9!1s0x31d98e95555554e3:0xbb17e56689b01c1f!5m2!4m1!1i2!8m2!3d1.1321087!4d104.0481551!16s%2Fg%2F1tczy09f!19sChIJ41RVVZWO2TERHxywiWblF7s?authuser=0&hl=en&rclk=1,0.0,Hospitality,Indonesia.Batam.Hotel.202408042041.db,places,null_required_column
3163,OYO 90981 X2 Homestay,3.0,12,0,,[],"Blok m no 5 Nagoya Paradise, Blk. M No.5, Lubuk Baja Kota, Kec. Lubuk Baja, Kota Batam, Kepulauan Riau 29444, Indonesia",[],+62 21 29707601,1.1425971,104.0050063,https://www.google.com/maps/place/OYO+90981+X2+Homestay/data=!4m10!3m9!1s0x31d98b67a7b929cb:0xe7664443e675e679!5m2!4m1!1i2!8m2!3d1.1425971!4d104.0050063!16s%2Fg%2F11s462xd77!19sChIJyym5p2eL2TEReeZ15kNEZuc?authuser=0&hl=en&rclk=1,0.0,Hospitality,Indonesia.Batam.Hotel.202408042041.db,places,null_required_column
3172,Urbanview Hotel Kansa Batam,4.4,28,0,,[],"komplek orchid centre, Jl. Duyung No.16, Sungai Jodoh, Kec. Batu Ampar, Kota Batam, Kepulauan Riau 29432, Indonesia",[],+62 21 80629666,1.1543965,104.0037128,https://www.google.com/maps/place/Urbanview+Hotel+Kansa+Batam/data=!4m10!3m9!1s0x31d9898d14bb9e0d:0x41b8ff87130fa6ef!5m2!4m1!1i2!8m2!3d1.1543965!4d104.0037128!16s%2Fg%2F11v0n41t8g!19sChIJDZ67FI2J2TER76YPE4f_uEE?authuser=0&hl=en&rclk=1,0.0,Hospitality,Indonesia.Batam.Hotel.202408042041.db,places,null_required_column
3186,I Hotel Baloi,4.5,2,0,,[],"Komplek Baloi Kusuma Indah No.7, Batu Selicin, Kec. Lubuk Baja, Kota Batam, Kepulauan Riau 29432, Indonesia",[],,1.1346767,104.0087087,https://www.google.com/maps/place/I+Hotel+Baloi/data=!4m10!3m9!1s0x31d9897e6be7c8b9:0x1cd31d5125822e55!5m2!4m1!1i2!8m2!3d1.1346767!4d104.0087087!16s%2Fg%2F11bc7sqscn!19sChIJucjna36J2TERVS6CJVEd0xw?authuser=0&hl=en&rclk=1,0.0,Hospitality,Indonesia.Batam.Hotel.202408042041.db,places,null_required_column
3190,RedDoorz Premium near Harbour Bay Mall Batam 2,4.1,233,0,,[],"Komp. Seraya Mas Centre, Jl. Raja Ali H., Kampung Seraya, Batu Ampar, Batam City, Riau Islands 29454, Indonesia",[],,1.149375,104.0129949,https://www.google.com/maps/place/RedDoorz+Premium+near+Harbour+Bay+Mall+Batam+2/data=!4m10!3m9!1s0x31d9898f357186b1:0xe94a25536bb5053a!5m2!4m1!1i2!8m2!3d1.149375!4d104.0129949!16s%2Fg%2F11b6d7d852!19sChIJsYZxNY-J2TEROgW1a1MlSuk?authuser=0&hl=en&rclk=1,0.0,Hospitality,Indonesia.Batam.Hotel.202408042041.db,places,null_required_column
3192,Swiss-Belinn Baloi  Batam,4.6,2,0,,[],"komplek Villa Idaman Baloi, Jl. Pembangunan, Batu Selicin, Kec. Lubuk Baja, Kota Batam, Kepulauan Riau 29432, Indonesia",[],,1.1336155,104.0069915,"https://www.google.com/maps/place/Swiss-Belinn+Baloi,+Batam/data=!4m10!3m9!1s0x31da3c8c254ad11f:0xd703ac9d9b85ac28!5m2!4m1!1i2!8m2!3d1.1336155!4d104.0069915!16s%2Fg%2F1v9grzss!19sChIJH9FKJYw82jERKKyFm52sA9c?authuser=0&hl=en&rclk=1",0.0,Hospitality,Indonesia.Batam.Hotel.202408042041.db,places,null_required_column
3201,Kost Elite Caitlin Batam,4.8,4,0,,[],"Jl. Imam Bonjol-Komplek Nagoya Newtown No.j1, Lubuk Baja Kota, Kec. Lubuk Baja, Kota Batam, Kepulauan Riau 29444, Indonesia",[],,1.1447662,104.0051467,https://www.google.com/maps/place/Kost+Elite+Caitlin+Batam/data=!4m10!3m9!1s0x31d98b6ac3c77025:0xcca3b9fa3268164b!5m2!4m1!1i2!8m2!3d1.1447662!4d104.0051467!16s%2Fg%2F11gnrl7c9y!19sChIJJXDHw2qL2TERSxZoMvq5o8w?authuser=0&hl=en&rclk=1,0.0,Hospitality,Indonesia.Batam.Hotel.202408042041.db,places,null_required_column
3204,Newton Hotel & Spa,4.4,693,0,,[],"Komp nagoya newton blok M NO 10, Lubuk Baja Kota, Kec. Lubuk Baja, Kota Batam, Kepulauan Riau 29444, Indonesia",[],,1.1429021,104.0060789,https://www.google.com/maps/place/Newton+Hotel+%26+Spa/data=!4m10!3m9!1s0x31d98a2a2199af49:0x6d238c62f5fbe5e0!5m2!4m1!1i2!8m2!3d1.1429021!4d104.0060789!16s%2Fg%2F11bccgj72t!19sChIJSa-ZISqK2TER4OX79WKMI20?authuser=0&hl=en&rclk=1,0.0,Hospitality,Indonesia.Batam.Hotel.202408042041.db,places,null_required_column
3210,Mitra raya,4.4,29,0,,[],"Jl. Laksamana Bintan No.2, Tlk. Tering, Kec. Batam Kota, Kota Batam, Kepulauan Riau 29444, Indonesia",[],,1.1228849,104.0404506,https://www.google.com/maps/place/Mitra+raya/data=!4m10!3m9!1s0x31d989fa71196e23:0xb81ae2ee39b70167!5m2!4m1!1i2!8m2!3d1.1228849!4d104.0404506!16s%2Fg%2F11p658q5gp!19sChIJI24ZcfqJ2TERZwG3Oe7iGrg?authuser=0&hl=en&rclk=1,0.0,Hospitality,Indonesia.Batam.Hotel.202408042041.db,places,null_required_column
3211,Lee s Hotel,5.0,7,0,,[],"JLN. PEMBANGUNAN, RUKO PENUIN CENTER, BLOK JA 2, Batu Selicin, Kec. Lubuk Baja, Kota Batam, Kepulauan Riau 29411, Indonesia",[],+62 811-6668-330,1.1365341,104.0099186,https://www.google.com/maps/place/Lee%27s+Hotel/data=!4m10!3m9!1s0x31d989b178ac6a9f:0xaef8019cf0a33438!5m2!4m1!1i2!8m2!3d1.1365341!4d104.0099186!16s%2Fg%2F11j3vz1r7w!19sChIJn2qseLGJ2TERODSj8JwB-K4?authuser=0&hl=en&rclk=1,0.0,Hospitality,Indonesia.Batam.Hotel.202408042041.db,places,null_required_column
3224,YELLO Hotel Harbour Bay Batam,4.8,98,0,,[],"Harbour Bay Batam, Jl. Duyung, Sungai Jodoh, Kec. Batu Ampar, Kota Batam, Kepulauan Riau 29453, Indonesia",[],,1.1525071,103.9989848,https://www.google.com/maps/place/YELLO+Hotel+Harbour+Bay+Batam/data=!4m10!3m9!1s0x31d98bfc6351ee3b:0xbe800e690e9be1ed!5m2!4m1!1i2!8m2!3d1.1525071!4d103.9989848!16s%2Fg%2F11tx90891k!19sChIJO-5RY_yL2TER7eGbDmkOgL4?authuser=0&hl=en&rclk=1,0.0,Hospitality,Indonesia.Batam.Hotel.202408042041.db,places,null_required_column
3234,SleepRest   Nagoya Valley,4.5,6,0,,[],"Nagoya Valley Residence Blok C no 8, Kp. Seraya, Kec. Batu Ampar, Kota Batam, Kepulauan Riau 29444, Indonesia",[],+62 812-7009-7909,1.1558765,104.0118659,https://www.google.com/maps/place/SleepRest+@+Nagoya+Valley/data=!4m10!3m9!1s0x31d98936835f9f3d:0x91d8a9166aa703b7!5m2!4m1!1i2!8m2!3d1.1558765!4d104.0118659!16s%2Fg%2F11gnpkrvdq!19sChIJPZ9fgzaJ2TERtwOnahap2JE?authuser=0&hl=en&rclk=1,0.0,Hospitality,Indonesia.Batam.Hotel.202408042041.db,places,null_required_column
3236,D  Grande Hotel Batam,4.3,325,0,,[],"Jalan Raden Patah Blok 3 No.7 Nagoya, Sukajadi, Batam Kota, Batam City, Riau Islands 29432, Indonesia",[],,1.1386311,104.0152176,https://www.google.com/maps/place/D%27+Grande+Hotel+Batam/data=!4m10!3m9!1s0x31d989789cf15e57:0x1c6e3c23847fb921!5m2!4m1!1i2!8m2!3d1.1386311!4d104.0152176!16s%2Fg%2F11bx45gjf8!19sChIJV17xnHiJ2TERIbl_hCM8bhw?authuser=0&hl=en&rclk=1,0.0,Hospitality,Indonesia.Batam.Hotel.202408042041.db,places,null_required_column
3243,Sovrano Hotel Batam,4.2,126,0,,[],"Jl. Pembangunan No.1, RW.3, Batu Selicin, Kec. Lubuk Baja, Kota Batam, Kepulauan Riau 29444, Indonesia",[],+62 811-7036-333,1.1350325,104.0083416,https://www.google.com/maps/place/Sovrano+Hotel+Batam/data=!4m10!3m9!1s0x31d989bb7a8c62b7:0xbab5365a9501c8ca!5m2!4m1!1i2!8m2!3d1.1350325!4d104.0083416!16s%2Fg%2F11h760tt78!19sChIJt2KMeruJ2TERysgBlVo2tbo?authuser=0&hl=en&rclk=1,0.0,Hospitality,Indonesia.Batam.Hotel.202408042041.db,places,null_required_column
3252,Morena Hotel,4.3,20,0,,[],"Komplek Windsor Square, Blk. D No.63- 65, Batam City, Riau Islands, Indonesia",[],,1.147728,104.0068547,https://www.google.com/maps/place/Morena+Hotel/data=!4m10!3m9!1s0x31d98bb01ff6a89f:0xa88b2ba980679619!5m2!4m1!1i2!8m2!3d1.147728!4d104.0068547!16s%2Fg%2F11s0wqqd_8!19sChIJn6j2H7CL2TERGZZngKkri6g?authuser=0&hl=en&rclk=1,0.0,Hospitality,Indonesia.Batam.Hotel.202408042041.db,places,null_required_column
3255,Dju Dju Hotel & Coffeeshop,3.9,387,0,,[],"Jl. Komp. Bumi Indah Blok 4 No.44, Lubuk Baja Kota, Kec. Lubuk Baja, Kota Batam, Kepulauan Riau 29444, Indonesia",[],,1.146154,104.0088051,https://www.google.com/maps/place/Dju+Dju+Hotel+%26+Coffeeshop/data=!4m10!3m9!1s0x31d98987a599635d:0x16f465e4b4298bcd!5m2!4m1!1i2!8m2!3d1.146154!4d104.0088051!16s%2Fg%2F1hm31v77q!19sChIJXWOZpYeJ2TERzYsptORl9BY?authuser=0&hl=en&rclk=1,0.0,Hospitality,Indonesia.Batam.Hotel.202408042041.db,places,null_required_column
3258,Lovina at Formosa Residence - Nagoya,3.0,2,0,,[],"42V5+MRM, Lubuk Baja Kota, Lubuk Baja, Batam City, Riau Islands 29444, Indonesia",[],,1.144223,104.0095435,https://www.google.com/maps/place/Lovina+at+Formosa+Residence+-+Nagoya/data=!4m10!3m9!1s0x31d9895777e0eeeb:0x264e1bacd622a7c0!5m2!4m1!1i2!8m2!3d1.144223!4d104.0095435!16s%2Fg%2F11l6_yx4dd!19sChIJ6-7gd1eJ2TERwKci1qwbTiY?authuser=0&hl=en&rclk=1,0.0,Hospitality,Indonesia.Batam.Hotel.202408042041.db,places,null_required_column
3261,Casabella Penuin Batam,4.9,11,0,,[],"42P6+G2, Jl. Komp. Penuin Centre Blok J 12 dan 12A, Batu Selicin, Kec. Lubuk Baja, Kota Batam, Kepulauan Riau 29432, Indonesia",[],+62 21 80629666,1.136395,104.0101014,https://www.google.com/maps/place/Casabella+Penuin+Batam/data=!4m10!3m9!1s0x31d989ba8554012f:0x6077aa95f180be82!5m2!4m1!1i2!8m2!3d1.136395!4d104.0101014!16s%2Fg%2F11vt478rnw!19sChIJLwFUhbqJ2TERgr6A8ZWqd2A?authuser=0&hl=en&rclk=1,0.0,Hospitality,Indonesia.Batam.Hotel.202408042041.db,places,null_required_column
3265,Hotel Osaka Batam Nagoya,4.0,441,0,,[],"Komplek Nagoya Newton, Blk. V No.7, Lubuk Baja Kota, Kec. Lubuk Baja, Kota Batam, Kepulauan Riau 29444, Indonesia",[],,1.1450842,104.0054447,https://www.google.com/maps/place/Hotel+Osaka+Batam+Nagoya/data=!4m10!3m9!1s0x31d98a29b961453b:0x8ba0002555907c1e!5m2!4m1!1i2!8m2!3d1.1450842!4d104.0054447!16s%2Fg%2F11crzjydqx!19sChIJO0VhuSmK2TERHnyQVSUAoIs?authuser=0&hl=en&rclk=1,0.0,Hospitality,Indonesia.Batam.Hotel.202408042041.db,places,null_required_column
3276,Nine Days Hotel,4.3,107,0,,[],"Ruko Harbour Bay, Jl. Duyung No.3-5 blok d, Sei Jodoh, Kec. Batu Ampar, Kota Batam, Kepulauan Riau 29433, Indonesia",[],+62 815-3435-8728,1.1535072,104.0006959,https://www.google.com/maps/place/Nine+Days+Hotel/data=!4m10!3m9!1s0x31d98a2388ffb5f7:0xf69467c776beebbb!5m2!4m1!1i2!8m2!3d1.1535072!4d104.0006959!16s%2Fg%2F11b7ztszxh!19sChIJ97X_iCOK2TERu-u-dsdnlPY?authuser=0&hl=en&rclk=1,0.0,Hospitality,Indonesia.Batam.Hotel.202408042041.db,places,null_required_column
3277,Holiday Hotel,4.2,609,0,,[],"Jl. Imam Bonjol B No.1, Lubuk Baja Kota, Kec. Lubuk Baja, Kota Batam, Kepulauan Riau 29444, Indonesia",[],,1.1472302,104.0098885,https://www.google.com/maps/place/Holiday+Hotel/data=!4m10!3m9!1s0x31d98987cb9a3dfb:0x1e499b4d5e1258e3!5m2!4m1!1i2!8m2!3d1.1472302!4d104.0098885!16s%2Fg%2F1hm5wpxm4!19sChIJ-z2ay4eJ2TER41gSXk2bSR4?authuser=0&hl=en&rclk=1,0.0,Hospitality,Indonesia.Batam.Hotel.202408042041.db,places,null_required_column
3280,jakson homestay batam penginapan,4.2,125,0,,[],"Ruko aku tahu . Blok. F. 9, Jl. Laksamana Bintan Komp. Pertokoan Seruni Jl. Laksamana Bintan No.9, Kec. Batam Kota, Kota Batam, Kepulauan Riau 29432, Indonesia",[],+62 812-7582-3059,1.1339746,104.033744,https://www.google.com/maps/place/jakson+homestay+batam+penginapan/data=!4m10!3m9!1s0x31d989ed6d8cec43:0xd8f219d795454e27!5m2!4m1!1i2!8m2!3d1.1339746!4d104.033744!16s%2Fg%2F11fhvprs5k!19sChIJQ-yMbe2J2TERJ05FldcZ8tg?authuser=0&hl=en&rclk=1,0.0,Hospitality,Indonesia.Batam.Hotel.202408042041.db,places,null_required_column
3284,RedDoorz Plus Hotel Kireinn,4.0,156,0,,[],"Komplek Tanjung Pantun, Blk. F No.7, RW.8, Sungai Jodoh, Kec. Batu Ampar, Kota Batam, Kepulauan Riau 29444, Indonesia",[],,1.1498569,104.0052818,https://www.google.com/maps/place/RedDoorz+Plus+Hotel+Kireinn/data=!4m10!3m9!1s0x31d98a27bb2fcfcb:0x28352783c7cd3044!5m2!4m1!1i2!8m2!3d1.1498569!4d104.0052818!16s%2Fg%2F11c2klxtzg!19sChIJy88vuyeK2TERRDDNx4MnNSg?authuser=0&hl=en&rclk=1,0.0,Hospitality,Indonesia.Batam.Hotel.202408042041.db,places,null_required_column
3291,Chola Inn Redpartner,0.0,0,0,,[],"42W7+JCR Nagoya Hill Superblok, Kota, Jalan No.8 Blok R3, 10, Jodoh, Kec. Lubuk Baja, Kota Batam, Kepulauan Riau 29444, Indonesia",[],+62 21 80629666,1.1465625,104.0135625,https://www.google.com/maps/place/Chola+Inn+Redpartner/data=!4m10!3m9!1s0x31d989e7c5f97201:0xbe0cdbd64a5184fd!5m2!4m1!1i2!8m2!3d1.1465625!4d104.0135625!16s%2Fg%2F11ld8gh_q2!19sChIJAXL5xeeJ2TER_YRRStbbDL4?authuser=0&hl=en&rclk=1,0.0,Hospitality,Indonesia.Batam.Hotel.202408042041.db,places,null_required_column
3294,Sahid Vanilla Nagoya Batam,4.1,880,0,,[],"Jl. Pembangunan No.blok VI, Batu Selicin, Kec. Lubuk Baja, Kota Batam, Kepulauan Riau 29444, Indonesia",[],,1.1385003,104.0086518,https://www.google.com/maps/place/Sahid+Vanilla+Nagoya+Batam/data=!4m10!3m9!1s0x31d9897fec020b35:0x87fa72e8b98cebc7!5m2!4m1!1i2!8m2!3d1.1385003!4d104.0086518!16s%2Fg%2F11g6bpk_zh!19sChIJNQsC7H-J2TERx-uMuehy-oc?authuser=0&hl=en&rclk=1,0.0,Hospitality,Indonesia.Batam.Hotel.202408042041.db,places,null_required_column
3296,PARAGON Nagoya HOTEL,4.2,409,0,,[],"Jl. Komp. Business Centre No.4 no 10-14, Lubuk Baja Kota, Lubuk Baja, Batam City, Riau Islands 29444, Indonesia",[],+62 811-7777-512,1.1463917,104.0075724,https://www.google.com/maps/place/PARAGON@Nagoya+HOTEL/data=!4m10!3m9!1s0x31d989878f3e2e37:0x2d4ac9e778ee8c28!5m2!4m1!1i2!8m2!3d1.1463917!4d104.0075724!16s%2Fg%2F11gdrwxt7s!19sChIJNy4-j4eJ2TERKIzueOfJSi0?authuser=0&hl=en&rclk=1,0.0,Hospitality,Indonesia.Batam.Hotel.202408042041.db,places,null_required_column
3299,Nagoya Inn,4.1,108,0,,[],"Komplek Bumi Indah Blok 3 no. 20, Nagoya, Lubuk Baja Kota, Kec. Lubuk Baja, Kota Batam, Kepulauan Riau 29444, Indonesia",[],,1.146378,104.0087338,https://www.google.com/maps/place/Nagoya+Inn/data=!4m10!3m9!1s0x31d98987a260b625:0xd9951c828d005185!5m2!4m1!1i2!8m2!3d1.146378!4d104.0087338!16s%2Fg%2F1hm28h_f6!19sChIJJbZgooeJ2TERhVEAjYIcldk?authuser=0&hl=en&rclk=1,0.0,Hospitality,Indonesia.Batam.Hotel.202408042041.db,places,null_required_column
3300,VIVOTEL Batam,4.4,49,0,,[],"Komp Ruko Eden Garden, Jl. Duyung No 01 to 05, Baloi Indah, Lubuk Baja, Batam City, Riau Islands 29432, Indonesia",[],+62 811-7755-787,1.1373691,104.0012709,https://www.google.com/maps/place/VIVOTEL+Batam/data=!4m10!3m9!1s0x31d98b10869e7bdb:0xf35b0c8a44634ae9!5m2!4m1!1i2!8m2!3d1.1373691!4d104.0012709!16s%2Fg%2F11vhk4bb0r!19sChIJ23uehhCL2TER6UpjRIoMW_M?authuser=0&hl=en&rclk=1,0.0,Hospitality,Indonesia.Batam.Hotel.202408042041.db,places,null_required_column
3320,Cardinal Lucky Star Hotel,4.0,228,0,,[],"Komplek Lucky Estate Blok B No.51, Jl. Pembangunan, Batu Selicin, Kec. Batam Kota, Kota Batam, Kepulauan Riau 29444, Indonesia",[],,1.1387265,104.008236,https://www.google.com/maps/place/Cardinal+Lucky+Star+Hotel/data=!4m10!3m9!1s0x31d9898022febef7:0x27598afc0ce9aed3!5m2!4m1!1i2!8m2!3d1.1387265!4d104.008236!16s%2Fg%2F11bxg04q_m!19sChIJ977-IoCJ2TER067pDPyKWSc?authuser=0&hl=en&rclk=1,0.0,Hospitality,Indonesia.Batam.Hotel.202408042041.db,places,null_required_column
3324,Ace Hotel Batam,4.0,172,0,,[],"Komplek Ruko Seraya Mas Centre, Blok C No. 12-16, Kp. Seraya, Kec. Batu Ampar, Kota Batam, Kepulauan Riau 29454, Indonesia",[],,1.1485436,104.0140816,https://www.google.com/maps/place/Ace+Hotel+Batam/data=!4m10!3m9!1s0x31d9898f4fd1187b:0x20ded0e11d59b62f!5m2!4m1!1i2!8m2!3d1.1485436!4d104.0140816!16s%2Fg%2F1pp2wz9jr!19sChIJexjRT4-J2TERL7ZZHeHQ3iA?authuser=0&hl=en&rclk=1,0.0,Hospitality,Indonesia.Batam.Hotel.202408042041.db,places,null_required_column
3338,Xoleil Spa Village,4.6,282,0,,[],"Jl. Raja H. Fisabilillah, Tlk. Tering, Kec. Batam Kota, Kota Batam, Kepulauan Riau 29444, Indonesia",[],+62 812-8800-0766,1.1277387,104.0482237,https://www.google.com/maps/place/Xoleil+Spa+Village/data=!4m10!3m9!1s0x31d9898db84155d3:0x98de72b6221399cf!5m2!4m1!1i2!8m2!3d1.1277387!4d104.0482237!16s%2Fg%2F11h0091f3t!19sChIJ01VBuI2J2TERz5kTIrZy3pg?authuser=0&hl=en&rclk=1,0.0,Hospitality,Indonesia.Batam.Hotel.202408042041.db,places,null_required_column
3342,Onyx Hotel & Villa,4.5,15,0,,[],"Citra Onyx, Jl. Mekar Sari, Tj. Uban Sel., Kec. Bintan Utara, Kabupaten Bintan, Kepulauan Riau 29152, Indonesia",[],+62 851-7968-1689,1.0663542,104.2423476,https://www.google.com/maps/place/Onyx+Hotel+%26+Villa/data=!4m10!3m9!1s0x31d983ee4a4a87f9:0x2fb72202057cf465!5m2!4m1!1i2!8m2!3d1.0663542!4d104.2423476!16s%2Fg%2F11v69l31xn!19sChIJ-YdKSu6D2TERZfR8BQIity8?authuser=0&hl=en&rclk=1,5.0,Hospitality,Indonesia.Batam.Hotel.202408042041.db,places,null_required_column
3375,Hotel Sari Bintan,3.8,127,0,,[],"Tanjung Uban Kota, North Bintan, Bintan Regency, Riau Islands 29152, Indonesia",[],,1.0638058,104.2204555,https://www.google.com/maps/place/Hotel+Sari+Bintan/data=!4m10!3m9!1s0x31d983a098314417:0x2280f351c033cbcf!5m2!4m1!1i2!8m2!3d1.0638058!4d104.2204555!16s%2Fg%2F11cnkfzqrf!19sChIJF0QxmKCD2TERz8szwFHzgCI?authuser=0&hl=en&rclk=1,5.0,Hospitality,Indonesia.Batam.Hotel.202408042041.db,places,null_required_column
3377,Hotel Melayu Bedendang,3.9,39,0,,[],"365R+HF3, South Tanjung Uban, North Bintan, Bintan Regency, Riau Islands 29152, Indonesia",[],,1.0588995,104.2416905,https://www.google.com/maps/place/Hotel+Melayu+Bedendang/data=!4m10!3m9!1s0x31d983d5448699b9:0xfd406671185ba52a!5m2!4m1!1i2!8m2!3d1.0588995!4d104.2416905!16s%2Fg%2F11p_32847m!19sChIJuZmGRNWD2TERKqVbGHFmQP0?authuser=0&hl=en&rclk=1,5.0,Hospitality,Indonesia.Batam.Hotel.202408042041.db,places,null_required_column
3378,Wisma Batam,4.3,602,0,,[],"Batam Centre, Jl. Engku Putri Utara, Tlk. Tering, Kec. Batam Kota, Kota Batam, Kepulauan Riau, Indonesia",[],,1.1256093,104.0572952,https://www.google.com/maps/place/Wisma+Batam/data=!4m10!3m9!1s0x31d988e3c9162253:0xe9376df3637d20db!5m2!4m1!1i2!8m2!3d1.1256093!4d104.0572952!16s%2Fg%2F12qgtxhbl!19sChIJUyIWyeOI2TER2yB9Y_NtN-k?authuser=0&hl=en&rclk=1,0.0,Hospitality,Indonesia.Batam.Hotel.202408042041.db,places,null_required_column
3381,Wisma Pesona,3.8,387,0,,[],"Tanjung Uban Kota, North Bintan, Bintan Regency, Riau Islands 29152, Indonesia",[],,1.0648161,104.2240507,https://www.google.com/maps/place/Wisma+Pesona/data=!4m10!3m9!1s0x31d983a713c5ae03:0x3c531a2b0b5dc935!5m2!4m1!1i2!8m2!3d1.0648161!4d104.2240507!16s%2Fg%2F1pzvvfh_l!19sChIJA67FE6eD2TERNcldCysaUzw?authuser=0&hl=en&rclk=1,5.0,Hospitality,Indonesia.Batam.Hotel.202408042041.db,places,null_required_column
3388,SleepRest   Diamond Palace,4.6,14,0,,[],"Perum Diamond Palace Blok B no 12, Belian, Kec. Batam Kota, Kota Batam, Kepulauan Riau 29461, Indonesia",[],+62 812-6792-2266,1.1220808,104.0618353,https://www.google.com/maps/place/SleepRest+@+Diamond+Palace/data=!4m10!3m9!1s0x31d988e703c9ca75:0x98028fa7b2ee3643!5m2!4m1!1i2!8m2!3d1.1220808!4d104.0618353!16s%2Fg%2F11gbwy6r30!19sChIJdcrJA-eI2TERQzbusqePApg?authuser=0&hl=en&rclk=1,0.0,Hospitality,Indonesia.Batam.Hotel.202408042041.db,places,null_required_column
3400,Homestay Pak Ucu,4.9,10,0,,[],"Pantai Sekera, Tj. Uban Utara, Kec. Bintan Utara, Kabupaten Bintan, Kepulauan Riau 29512, Indonesia",[],+62 858-3515-5458,1.1133322,104.2412117,https://www.google.com/maps/place/Homestay+Pak+Ucu/data=!4m10!3m9!1s0x31d9816ffe8b4ef1:0x52ee0f47bf63d27!5m2!4m1!1i2!8m2!3d1.1133322!4d104.2412117!16s%2Fg%2F11pkdlkjzc!19sChIJ8U6L_m-B2TERJz32e_TgLgU?authuser=0&hl=en&rclk=1,-1.0,Hospitality,Indonesia.Batam.Hotel.202408042041.db,places,null_required_column
3402,Amazona Homestay,4.6,12,0,,[],"Jl. Bhakti Sosial Gg Cendana, Tj. Uban Sel., Kec. Bintan Utara, Kabupaten Bintan, Kepulauan Riau 29152, Indonesia",[],+62 821-1693-6366,1.0642958,104.2347163,https://www.google.com/maps/place/Amazona+Homestay/data=!4m10!3m9!1s0x31d983ec84e968ff:0x75a1e759bb5836f3!5m2!4m1!1i2!8m2!3d1.0642958!4d104.2347163!16s%2Fg%2F11tn_3km09!19sChIJ_2jphOyD2TER8zZYu1nnoXU?authuser=0&hl=en&rclk=1,5.0,Hospitality,Indonesia.Batam.Hotel.202408042041.db,places,null_required_column
3410,Yan s Homestay,4.4,9,0,,[],"36XH+FX, North Tanjung Uban, North Bintan, Bintan Regency, Riau Islands, Indonesia",[],+62 813-7267-0414,1.0986258,104.2299725,https://www.google.com/maps/place/Yan%27s+Homestay/data=!4m10!3m9!1s0x31d983908649c92f:0x91b2b1499226a9cf!5m2!4m1!1i2!8m2!3d1.0986258!4d104.2299725!16s%2Fg%2F11rmnbxmng!19sChIJL8lJhpCD2TERz6kmkkmxspE?authuser=0&hl=en&rclk=1,5.0,Hospitality,Indonesia.Batam.Hotel.202408042041.db,places,null_required_column
3418,Kenanga Inn,3.6,40,0,,[],"Komp. Puri Regency, Jl. Duyung No.4, Sungai Jodoh, Kec. Batu Ampar, Kota Batam, Kepulauan Riau 29432, Indonesia",[],,1.148898,104.004212,https://www.google.com/maps/place/Kenanga+Inn/data=!4m10!3m9!1s0x31d98a26331bb3e1:0x82996d6fc0e4764e!5m2!4m1!1i2!8m2!3d1.148898!4d104.004212!16s%2Fg%2F11bc7nx0s9!19sChIJ4bMbMyaK2TERTnbkwG9tmYI?authuser=0&hl=en&rclk=1,0.0,Hospitality,Indonesia.Batam.Hotel.202408042041.db,places,null_required_column
3420,Airy Nagoya Dian Centre Baloi Batam,4.0,12,0,,[],"Jl. Komp. Dian Centre No.9-11 Blok B, Batu Selicin, Kec. Lubuk Baja, Kota Batam, Kepulauan Riau 29444, Indonesia",[],+62 804 111 2479,1.1405555,104.0034944,https://www.google.com/maps/place/Airy+Nagoya+Dian+Centre+Baloi+Batam/data=!4m10!3m9!1s0x31d98a2b0e1aad57:0x44c91d209668ccda!5m2!4m1!1i2!8m2!3d1.1405555!4d104.0034944!16s%2Fg%2F11csbwx7f3!19sChIJV60aDiuK2TER2sxoliAdyUQ?authuser=0&hl=en&rclk=1,0.0,Hospitality,Indonesia.Batam.Hotel.202408042041.db,places,null_required_column
3424,Home of Zen,4.2,9,0,,[],"Perumahan Beverlypark Blok D No. 21, Batam Center, 29463, Indonesia",[],,1.1232504,104.0671854,https://www.google.com/maps/place/Home+of+Zen/data=!4m10!3m9!1s0x31d988e8f7a1a67f:0xf6a9422269a19766!5m2!4m1!1i2!8m2!3d1.1232504!4d104.0671854!16s%2Fg%2F11dzdh6_lt!19sChIJf6ah9-iI2TERZpehaSJCqfY?authuser=0&hl=en&rclk=1,0.0,Hospitality,Indonesia.Batam.Hotel.202408042041.db,places,null_required_column
3432,KOS ELSA BATAM,3.1,8,0,,[],"Cluster Puri Legenda, Blk. A2 No.19, Baloi Permai, Batam Kota, Batam City, Riau Islands 29463, Indonesia",[],+62 823-8999-3503,1.1033443,104.0640299,https://www.google.com/maps/place/KOS+ELSA+BATAM/data=!4m10!3m9!1s0x31d9890ce642048b:0x9ff0e6bec1ca7d3e!5m2!4m1!1i2!8m2!3d1.1033443!4d104.0640299!16s%2Fg%2F11j65qppgz!19sChIJiwRC5gyJ2TERPn3Kwb7m8J8?authuser=0&hl=en&rclk=1,-1.0,Hospitality,Indonesia.Batam.Hotel.202408042041.db,places,null_required_column
3449,OYO 91636 Kak Dadut Homestay,2.5,15,0,,[],"ONE BATAM MALL, Mega Mall Batam, 09 Batam, Kepulauan Riau, 24961, Kepulauan Riau 29411, Indonesia",[],+62 21 29707601,1.1250234,104.0474587,https://www.google.com/maps/place/OYO+91636+Kak+Dadut+Homestay/data=!4m10!3m9!1s0x31d9899733af3f57:0x2ea2bda8d2da012e!5m2!4m1!1i2!8m2!3d1.1250234!4d104.0474587!16s%2Fg%2F11s9hgw8s6!19sChIJVz-vM5eJ2TERLgHa0qi9oi4?authuser=0&hl=en&rclk=1,0.0,Hospitality,Indonesia.Batam.Hotel.202408042041.db,places,null_required_column
3458,HOMESTAY LA MAISON BATAM CENTRE INDONESIA,4.8,29,0,,[],"Bukit Palem Permai blok M no.1 Batam Center, Belian, Batam Kota, Batam City, Riau Islands, Indonesia",[],+62 812-7781-1278,1.112525,104.0779991,https://www.google.com/maps/place/HOMESTAY+LA+MAISON+BATAM+CENTRE+INDONESIA/data=!4m10!3m9!1s0x31d989c76bb15fd7:0x61e7379a891f64a0!5m2!4m1!1i2!8m2!3d1.112525!4d104.0779991!16s%2Fg%2F11gjhp3pjh!19sChIJ11-xa8eJ2TERoGQfiZo352E?authuser=0&hl=en&rclk=1,-1.0,Hospitality,Indonesia.Batam.Hotel.202408042041.db,places,null_required_column
3461,Zainab Homestay Syariah Mitra RedDoorz,3.5,2,0,,[],"Perum Nadim Raya No.3a Blok b, Belian, Kecamatan Batam, Kota Batam, Kepulauan Riau 29464, Indonesia",[],+62 21 80629666,1.1308618,104.0969428,https://www.google.com/maps/place/Zainab+Homestay+Syariah+Mitra+RedDoorz/data=!4m10!3m9!1s0x31d9897f83b81147:0xae6948a7d6f29675!5m2!4m1!1i2!8m2!3d1.1308618!4d104.0969428!16s%2Fg%2F11rmtz_p65!19sChIJRxG4g3-J2TERdZby1qdIaa4?authuser=0&hl=en&rclk=1,-1.0,Hospitality,Indonesia.Batam.Hotel.202408042041.db,places,null_required_column
3463,OYO Life 2672 Athaya Kost,4.7,12,0,,[],"Perum KPRI Sekawan, Batam Center, Botania 2 Blok K No. 17, Belian, Batam Kota, Batam City, Riau Islands 29464, Indonesia",[],+62 21 29707601,1.1121349,104.0854503,https://www.google.com/maps/place/OYO+Life+2672+Athaya+Kost/data=!4m10!3m9!1s0x31d9902a0abb9625:0x81d16ef5fa104f71!5m2!4m1!1i2!8m2!3d1.1121349!4d104.0854503!16s%2Fg%2F11j1n0mm1p!19sChIJJZa7CiqQ2TERcU8Q-vVu0YE?authuser=0&hl=en&rclk=1,-1.0,Hospitality,Indonesia.Batam.Hotel.202408042041.db,places,null_required_column
3464,Olive Homestay Syariah Batam,4.5,41,0,,[],"Masjid Al Hidayah, PLN, PERUMAHAN KOPKAR PLN BLOK H NO.8 Kel. Belian Kecamatan Batam Kota Depan Masjid Jami Kopkar, Belian, Kec. Batam Kota, Kota Batam, Kepulauan Riau 29432, Indonesia",[],+62 813-6622-4224,1.110601,104.0764458,https://www.google.com/maps/place/Olive+Homestay+Syariah+Batam/data=!4m10!3m9!1s0x31d9897fa0662cff:0x45fcbecdfcd35d56!5m2!4m1!1i2!8m2!3d1.110601!4d104.0764458!16s%2Fg%2F11fm6qd2pm!19sChIJ_yxmoH-J2TERVl3T_M2-_EU?authuser=0&hl=en&rclk=1,-1.0,Hospitality,Indonesia.Batam.Hotel.202408042041.db,places,null_required_column
3466,OYO 2917 Evelyn Kost,4.5,11,0,,[],"Botania 2 Batam Center, No. 21, Perum KPRI Sekawan Blok L No. 21, Belian, Batam Kota, Batam City, Riau Islands 29464, Indonesia",[],,1.1072475,104.0859663,https://www.google.com/maps/place/OYO+2917+Evelyn+Kost/data=!4m10!3m9!1s0x31d9897057ec39af:0x26a9f86b4e8785c6!5m2!4m1!1i2!8m2!3d1.1072475!4d104.0859663!16s%2Fg%2F11hz7j7yfh!19sChIJrznsV3CJ2TERxoWHTmv4qSY?authuser=0&hl=en&rclk=1,-1.0,Hospitality,Indonesia.Batam.Hotel.202408042041.db,places,null_required_column
3467,Cluda A5 Syariah,4.7,15,0,,[],"Perumahan Cluster Daun, Blok A no. 5, Belian, Batam Kota, Batam City, Riau Islands 29433, Indonesia",[],+62 895-3912-06301,1.1044348,104.0914528,https://www.google.com/maps/place/Cluda+A5+Syariah/data=!4m10!3m9!1s0x31d9899613d5b39d:0x2a01afcc880898b3!5m2!4m1!1i2!8m2!3d1.1044348!4d104.0914528!16s%2Fg%2F11f7b3g5q1!19sChIJnbPVE5aJ2TERs5gIiMyvASo?authuser=0&hl=en&rclk=1,-1.0,Hospitality,Indonesia.Batam.Hotel.202408042041.db,places,null_required_column
3504,Hans Inn,4.3,458,0,,[],"Komplek Nagoya Newtown, Jl. Imam Bonjol Blok A No.1-3, Lubuk Baja Kota, Kec. Lubuk Baja, Kota Batam, Kepulauan Riau 29432, Indonesia",[],,1.1448524,104.0066055,https://www.google.com/maps/place/Hans+Inn/data=!4m10!3m9!1s0x31d98a29f6b950d3:0x7541a65af3c56f9b!5m2!4m1!1i2!8m2!3d1.1448524!4d104.0066055!16s%2Fg%2F11b6s3x576!19sChIJ01C59imK2TERm2_F81qmQXU?authuser=0&hl=en&rclk=1,0.0,Hospitality,Indonesia.Batam.Hotel.202408042041.db,places,null_required_column
3517,SPOT ON 2755 Zainab Homestay Syariah,4.3,30,0,,[],"nadim raya blok, Blk. H No.3A, Belian, Kec. Batam Kota, Kota Batam, Kepulauan Riau 29465, Indonesia",[],+62 21 29707601,1.1309038,104.0969097,https://www.google.com/maps/place/SPOT+ON+2755+Zainab+Homestay+Syariah/data=!4m10!3m9!1s0x31d98994237eeef9:0xbac1408ac61a2874!5m2!4m1!1i2!8m2!3d1.1309038!4d104.0969097!16s%2Fg%2F11gnhf2vs7!19sChIJ-e5-I5SJ2TERdCgaxopAwbo?authuser=0&hl=en&rclk=1,-1.0,Hospitality,Indonesia.Batam.Hotel.202408042041.db,places,null_required_column
3518,Sindo Gemilang Hotel,4.1,73,0,,[],"JL. Imam Bonjol, Blok N No. 4 & 5, Komplek Ruko 10, Lubuk Baja Kota, Kec. Lubuk Baja, Kota Batam, Kepulauan Riau 29444, Indonesia",[],,1.145822,104.0104085,https://www.google.com/maps/place/Sindo+Gemilang+Hotel/data=!4m10!3m9!1s0x31d98986f58b90c1:0x4587bef4feb8e60!5m2!4m1!1i2!8m2!3d1.145822!4d104.0104085!16s%2Fg%2F1pzyp662t!19sChIJwZCL9YaJ2TERYI7rT-97WAQ?authuser=0&hl=en&rclk=1,0.0,Hospitality,Indonesia.Batam.Hotel.202408042041.db,places,null_required_column
3560,RedDoorz Apartment   Batam Centre 3,4.3,6,0,,[],"Sharon Square Komplek Mega Cipta, Jl. Hang Kesturi No.1, Sungai Langkai, Kec. Sagulung, Kota Batam, Kepulauan Riau 29472, Indonesia",[],+62 21 80629666,1.112694,104.049448,https://www.google.com/maps/place/RedDoorz+Apartment+@+Batam+Centre+3/data=!4m10!3m9!1s0x31d989f7c77c77b1:0xbc6bc0d60decc080!5m2!4m1!1i2!8m2!3d1.112694!4d104.049448!16s%2Fg%2F11h1kdq8d1!19sChIJsXd8x_eJ2TERgMDsDdbAa7w?authuser=0&hl=en&rclk=1,0.0,Hospitality,Indonesia.Batam.Hotel.202408042041.db,places,null_required_column
3594,Taman Nongsa Indah Village,4.5,138,0,,[],"Jl.Teluk Mata Ikan, Nongsa, Sambau, Batam, Batam City, Riau Islands 29465, Indonesia",[],,1.1919547,104.1044323,https://www.google.com/maps/place/Taman+Nongsa+Indah+Village/data=!4m10!3m9!1s0x31da280b9e299d45:0xacbd7122f47d8ed!5m2!4m1!1i2!8m2!3d1.1919547!4d104.1044323!16s%2Fg%2F1tp2xxm0!19sChIJRZ0pngso2jER7dhHLxLXywo?authuser=0&hl=en&rclk=1,-1.0,Hospitality,Indonesia.Batam.Hotel.202408042041.db,places,null_required_column
3643,OYO 92986 Inara Homestay,1.0,3,0,,[],"Jl. Sumatera No.22, Tj. Buntung, Kec. Bengkong, Kota Batam, Kepulauan Riau 29458, Indonesia",[],,1.1607678,104.0278779,https://www.google.com/maps/place/OYO+92986+Inara+Homestay/data=!4m10!3m9!1s0x31d989ea4989fe39:0x40acd2861ae44be0!5m2!4m1!1i2!8m2!3d1.1607678!4d104.0278779!16s%2Fg%2F11vbzbq5th!19sChIJOf6JSeqJ2TER4EvkGobSrEA?authuser=0&hl=en&rclk=1,0.0,Hospitality,Indonesia.Batam.Hotel.202408042041.db,places,null_required_column
3645,OYO 91967 Rajawali Inn,0.0,0,0,,[],"Ruko Nagoya Hill, Jl. Komp. Sakura Anpan Blk. G No.19, Tj. Buntung, Kec. Bengkong, Kota Batam, Kepulauan Riau 29444, Indonesia",[],,1.16285,104.0384938,https://www.google.com/maps/place/OYO+91967+Rajawali+Inn/data=!4m10!3m9!1s0x31d989c4374e8b5f:0xeffd19cb1b5f9aa5!5m2!4m1!1i2!8m2!3d1.16285!4d104.0384938!16s%2Fg%2F11sd09flk0!19sChIJX4tON8SJ2TERpZpfG8sZ_e8?authuser=0&hl=en&rclk=1,0.0,Hospitality,Indonesia.Batam.Hotel.202408042041.db,places,null_required_column
3646,RedDoorz Near Batu Ampar Harbour,0.0,0,0,,[],"525C+V57, Jl. Mentok No.29, Tj. Buntung, Kec. Bengkong, Kota Batam, Kepulauan Riau 29444, Indonesia",[],+62 21 80629666,1.1596344,104.0204586,https://www.google.com/maps/place/RedDoorz+Near+Batu+Ampar+Harbour/data=!4m10!3m9!1s0x31d989e09b7d096d:0x3bb40678bd87d171!5m2!4m1!1i2!8m2!3d1.1596344!4d104.0204586!16s%2Fg%2F11y46flpy_!19sChIJbQl9m-CJ2TERcdGHvXgGtDs?authuser=0&hl=en&rclk=1,0.0,Hospitality,Indonesia.Batam.Hotel.202408042041.db,places,null_required_column
3660,Botania Homestay Hotel & Cafe,4.1,199,0,,[],"Komplek Rexvin Village Blok A1 No. 45-47, Belian, Kec. Batam Kota, Kota Batam, Kepulauan Riau 29432, Indonesia",[],+62 852-7832-6004,1.131933,104.0984417,https://www.google.com/maps/place/Botania+Homestay%2FHotel+%26+Cafe/data=!4m10!3m9!1s0x31d9888242b599d5:0xbed0c5290ecb8bc2!5m2!4m1!1i2!8m2!3d1.131933!4d104.0984417!16s%2Fg%2F11hc_0myfk!19sChIJ1Zm1QoKI2TERwovLDinF0L4?authuser=0&hl=en&rclk=1,-1.0,Hospitality,Indonesia.Batam.Hotel.202408042041.db,places,null_required_column
3661,GGI Hotel,0.0,0,0,,[],"Jl Duyung Sei Jodoh Batu Ampar Batu Ampar Pulau Batam, Kota Batam, Kepulauan Riau 29453, Indonesia",[],+62 812-7722-2991,1.1793408,104.0145412,https://www.google.com/maps/place/GGI+Hotel/data=!4m10!3m9!1s0x31da27f5193c70c3:0x8cc760df5ecf5dfd!5m2!4m1!1i2!8m2!3d1.1793408!4d104.0145412!16s%2Fg%2F11vt1v410k!19sChIJw3A8GfUn2jER_V3PXt9gx4w?authuser=0&hl=en&rclk=1,-1.0,Hospitality,Indonesia.Batam.Hotel.202408042041.db,places,null_required_column
3684,Bintan Beach Resort - Tanjung Pinang Hotel,4.2,2,0,,[],"Jl. Pantai Impian No.1, Kp. Baru, Kec. Tanjungpinang Bar., Kota Tanjung Pinang, Kepulauan Riau 29111, Indonesia",[],,0.9007566,104.4510387,https://www.google.com/maps/place/Bintan+Beach+Resort+-+Tanjung+Pinang+Hotel/data=!4m10!3m9!1s0x31d972936f54da1f:0xbd44bb934e60dfb!5m2!4m1!1i2!8m2!3d0.9007566!4d104.4510387!16s%2Fg%2F113dmh2d6!19sChIJH9pUb5Ny2TER-w3mNLlL1As?authuser=0&hl=en&rclk=1,1.0,Hospitality,Indonesia.Batam.Hotel.202408042041.db,places,null_required_column
3691,Nite & Day Hotel Laguna Bintan - Tanjungpinang,4.4,581,0,,[],"Jl. Bintan No.51, Tanjungpinang Kota, Kec. Tj. Pinang Kota, Kota Tanjung Pinang, Kepulauan Riau 29111, Indonesia",[],,0.9288236,104.4420082,https://www.google.com/maps/place/Nite+%26+Day+Hotel+Laguna+Bintan+-+Tanjungpinang/data=!4m10!3m9!1s0x31d973a037382fdd:0x97da8edc7b2cf0f4!5m2!4m1!1i2!8m2!3d0.9288236!4d104.4420082!16s%2Fg%2F11fg4x783h!19sChIJ3S84N6Bz2TER9PAse9yO2pc?authuser=0&hl=en&rclk=1,1.0,Hospitality,Indonesia.Batam.Hotel.202408042041.db,places,null_required_column
3698,Alltrue Hotel Tanjungpinang,4.7,108,0,,[],"Jl. Gudang Minyak No.133, Kemboja, Kec. Tanjungpinang Bar., Kota Tanjung Pinang, Kepulauan Riau 29111, Indonesia",[],+62 821-7108-9996,0.9266298,104.4524446,https://www.google.com/maps/place/Alltrue+Hotel+Tanjungpinang/data=!4m10!3m9!1s0x31d973e060c05adb:0x291938d1a2bc0fd!5m2!4m1!1i2!8m2!3d0.9266298!4d104.4524446!16s%2Fg%2F11vbfz2zql!19sChIJ21rAYOBz2TER_cArGo2TkQI?authuser=0&hl=en&rclk=1,1.0,Hospitality,Indonesia.Batam.Hotel.202408042041.db,places,null_required_column
3699,Sunset Curly Bay Hotel & Resort,4.9,38,0,,[],"Jl. Usman Harun No.21, SB, Kec. Tanjungpinang Bar., Kepulauan Riau 29111, Indonesia",[],+62 812-7548-8827,0.9149936,104.4375191,https://www.google.com/maps/place/Sunset+Curly+Bay+Hotel+%26+Resort/data=!4m10!3m9!1s0x31d973b65c8df4d9:0x26e9dca5e5aa1d72!5m2!4m1!1i2!8m2!3d0.9149936!4d104.4375191!16s%2Fg%2F11sk8sgh3v!19sChIJ2fSNXLZz2TERch2q5aXc6SY?authuser=0&hl=en&rclk=1,1.0,Hospitality,Indonesia.Batam.Hotel.202408042041.db,places,null_required_column
3700,Hotel Bintan Nirwana,4.0,549,0,,[],"Jl. Ir. Juanda No.KM. 2, Tj. Pinang Timur, Kec. Bukit Bestari, Kota Tanjung Pinang, Kepulauan Riau 29121, Indonesia",[],+62 812-8380-8888,0.9203422,104.453478,https://www.google.com/maps/place/Hotel+Bintan+Nirwana/data=!4m10!3m9!1s0x31d97266eda42901:0x607a0fae4f2c6f5b!5m2!4m1!1i2!8m2!3d0.9203422!4d104.453478!16s%2Fg%2F12lk5l6ck!19sChIJASmk7WZy2TERW28sT64PemA?authuser=0&hl=en&rclk=1,1.0,Hospitality,Indonesia.Batam.Hotel.202408042041.db,places,null_required_column
3702,RAV Hotel,4.2,684,0,,[],"Jl. D.I. Panjaitan No.17, Air Raja, Kec. Tanjungpinang Tim., Kota Tanjung Pinang, Kepulauan Riau 29125, Indonesia",[],+62 822-8883-0855,0.9169538,104.5055119,https://www.google.com/maps/place/RAV+Hotel/data=!4m10!3m9!1s0x31d96d2dd2bf5f41:0x4fd2e44b48307b25!5m2!4m1!1i2!8m2!3d0.9169538!4d104.5055119!16s%2Fg%2F11gphdgl8s!19sChIJQV-_0i1t2TERJXswSEvk0k8?authuser=0&hl=en&rclk=1,1.0,Hospitality,Indonesia.Batam.Hotel.202408042041.db,places,null_required_column
3703,Hotel Panorama,4.1,596,0,,[],"Jl. Haji Jl. Agus Salim No.21, Tanjungpinang Barat, Tanjung Pinang City, Riau Islands 29112, Indonesia",[],,0.9223222,104.4399578,https://www.google.com/maps/place/Hotel+Panorama/data=!4m10!3m9!1s0x31d97259745485af:0x3c587b4ebd0a984c!5m2!4m1!1i2!8m2!3d0.9223222!4d104.4399578!16s%2Fg%2F11xbb39sr!19sChIJr4VUdFly2TERTJgKvU57WDw?authuser=0&hl=en&rclk=1,1.0,Hospitality,Indonesia.Batam.Hotel.202408042041.db,places,null_required_column
3704,Sampurna Jaya Hotel,3.9,304,0,,[],"WCHR+8C8, Jl. Yusuf Kahar, Tanjungpinang Kota, Kec. Tj. Pinang Kota, Kota Tanjung Pinang, Kepulauan Riau 29111, Indonesia",[],+62 21 29706666,0.9282866,104.4410899,https://www.google.com/maps/place/Sampurna+Jaya+Hotel/data=!4m10!3m9!1s0x31d972446b3b014f:0x900abbed2335bf5c!5m2!4m1!1i2!8m2!3d0.9282866!4d104.4410899!16s%2Fg%2F1tj82c8h!19sChIJTwE7a0Ry2TERXL81I-27CpA?authuser=0&hl=en&rclk=1,1.0,Hospitality,Indonesia.Batam.Hotel.202408042041.db,places,null_required_column
3705,Kita Hotel,4.1,388,0,,[],"Jl. D.I. Panjaitan No.KM. 6, Melayu Kota Piring, Kec. Tanjungpinang Tim., Kota Tanjung Pinang, Kepulauan Riau 29123, Indonesia",[],,0.9157483,104.4798337,https://www.google.com/maps/place/Kita+Hotel/data=!4m10!3m9!1s0x31d96d124bc0bb83:0x347a0bf36a1eb362!5m2!4m1!1i2!8m2!3d0.9157483!4d104.4798337!16s%2Fg%2F11b8zr4lpv!19sChIJg7vASxJt2TERYrMeavMLejQ?authuser=0&hl=en&rclk=1,1.0,Hospitality,Indonesia.Batam.Hotel.202408042041.db,places,null_required_column
3706,Super Capital O 1867 Kara Guest House,4.0,212,0,,[],"Jl. Ahmad Yani Blok AA2, Baloi Permai, Kec. Batam Kota, Kota Batam, Kepulauan Riau 29444, Indonesia",[],+62 21 29707601,1.1094369,104.0475369,https://www.google.com/maps/place/Super+Capital+O+1867+Kara+Guest+House/data=!4m10!3m9!1s0x31d989aa601dd9fd:0x8b55404d1a09a98d!5m2!4m1!1i2!8m2!3d1.1094369!4d104.0475369!16s%2Fg%2F11fhrjcpnw!19sChIJ_dkdYKqJ2TERjakJGk1AVYs?authuser=0&hl=en&rclk=1,-1.0,Hospitality,Indonesia.Batam.Hotel.202408042041.db,places,null_required_column
3708,Hotel Laut Jaya Tanjung Pinang Mitra RedDoorz,3.7,342,0,,[],"Jl. Plantar II No.98, Tanjungpinang Kota, Kec. Tj. Pinang Kota, Kota Tanjung Pinang, Kepulauan Riau 29111, Indonesia",[],+62 21 80629666,0.9342126,104.4442528,https://www.google.com/maps/place/Hotel+Laut+Jaya+Tanjung+Pinang+Mitra+RedDoorz/data=!4m10!3m9!1s0x31d964b9e7f97d25:0x6ee59fb727214c2d!5m2!4m1!1i2!8m2!3d0.9342126!4d104.4442528!16s%2Fg%2F1ttp_md1!19sChIJJX3557lk2TERLUwhJ7ef5W4?authuser=0&hl=en&rclk=1,1.0,Hospitality,Indonesia.Batam.Hotel.202408042041.db,places,null_required_column
3709,Plaza Hotel Tanjungpinang,4.2,93,0,,[],"WF98+WR8, Jl. MT Haryono, Tj. Unggat, Kec. Bukit Bestari, Kota Tanjung Pinang, Kepulauan Riau 29111, Indonesia",[],,0.919796,104.4670715,https://www.google.com/maps/place/Plaza+Hotel+Tanjungpinang/data=!4m10!3m9!1s0x31d9727968353657:0xade269977f95b091!5m2!4m1!1i2!8m2!3d0.919796!4d104.4670715!16s%2Fg%2F11f38qnk1_!19sChIJVzY1aHly2TERkbCVf5dp4q0?authuser=0&hl=en&rclk=1,1.0,Hospitality,Indonesia.Batam.Hotel.202408042041.db,places,null_required_column
3711,Halim Hotel,4.1,525,0,,[],"Jl. D.I. Panjaitan No.KM. 6, Melayu Kota Piring, Kec. Tanjungpinang Tim., Kota Tanjung Pinang, Kepulauan Riau 29123, Indonesia",[],+62 812-7072-9595,0.9153906,104.4799158,https://www.google.com/maps/place/Halim+Hotel/data=!4m10!3m9!1s0x31d97a5c6044e003:0x237fc6f12f6dd756!5m2!4m1!1i2!8m2!3d0.9153906!4d104.4799158!16s%2Fg%2F113jw891s!19sChIJA-BEYFx62TERVtdtL_HGfyM?authuser=0&hl=en&rclk=1,1.0,Hospitality,Indonesia.Batam.Hotel.202408042041.db,places,null_required_column
3712,Paradise Hotel,3.9,231,0,,[],"Bukit Bestari, Jl. Potong Lembu No.58 B, Tj. Pinang Timur, Kec. Tanjungpinang Bar., Kota Tanjung Pinang, Kepulauan Riau 29122, Indonesia",[],,0.9260814,104.4486457,https://www.google.com/maps/place/Paradise+Hotel/data=!4m10!3m9!1s0x31d97283a90f0de9:0x55a928cb129ef173!5m2!4m1!1i2!8m2!3d0.9260814!4d104.4486457!16s%2Fg%2F1tczg_3m!19sChIJ6Q0PqYNy2TERc_GeEssoqVU?authuser=0&hl=en&rclk=1,1.0,Hospitality,Indonesia.Batam.Hotel.202408042041.db,places,null_required_column
3713,Bintan Lumba Lumba Inn,4.4,286,0,,[],"Jl. Kemboja No.35-37, Kemboja, Kec. Tanjungpinang Bar., Kota Tanjung Pinang, Kepulauan Riau, Indonesia",[],+62 811-7048-890,0.9250268,104.4476045,https://www.google.com/maps/place/Bintan+Lumba+Lumba+Inn/data=!4m10!3m9!1s0x31d97360168ef955:0x5e99e2f90dee86cb!5m2!4m1!1i2!8m2!3d0.9250268!4d104.4476045!16s%2Fg%2F11h2g19wkc!19sChIJVfmOFmBz2TERy4buDfnimV4?authuser=0&hl=en&rclk=1,1.0,Hospitality,Indonesia.Batam.Hotel.202408042041.db,places,null_required_column
3714,OYO 92989 Backpaker Seraya,0.0,0,0,,[],"Blk. B No.16 No.16, Baloi Permai, Kec, Batam City, Riau Islands 29444, Indonesia",[],,1.1539704,104.0144935,https://www.google.com/maps/place/OYO+92989+Backpaker+Seraya/data=!4m10!3m9!1s0x31d9898c15555593:0x1114b990fdbb4a7b!5m2!4m1!1i2!8m2!3d1.1539704!4d104.0144935!16s%2Fg%2F11vbzcglmm!19sChIJk1VVFYyJ2TERe0q7_ZC5FBE?authuser=0&hl=en&rclk=1,0.0,Hospitality,Indonesia.Batam.Hotel.202408042041.db,places,null_required_column
3715,Hotel Lesmina,4.3,30,0,,[],"Jl. Pasar Ikan No.29A, Tanjungpinang Kota, Kec. Tj. Pinang Kota, Kota Tanjung Pinang, Kepulauan Riau 29111, Indonesia",[],+62 812-7041-234,0.931873,104.442393,https://www.google.com/maps/place/Hotel+Lesmina/data=!4m10!3m9!1s0x31d9734bb136b3ff:0x62b2e9b9bc1fabac!5m2!4m1!1i2!8m2!3d0.931873!4d104.442393!16s%2Fg%2F11k5nt5jdm!19sChIJ_7M2sUtz2TERrKsfvLnpsmI?authuser=0&hl=en&rclk=1,1.0,Hospitality,Indonesia.Batam.Hotel.202408042041.db,places,null_required_column
3716,OYO 91839 Penginapan Sulthan Penyengat Syariah,4.7,20,0,,[],"1, Kota Tanjung Pinang, Kepulauan Riau 29114, Indonesia",[],+62 21 29707601,0.9284109,104.4205433,https://www.google.com/maps/place/OYO+91839+Penginapan+Sulthan+Penyengat+Syariah/data=!4m10!3m9!1s0x31d973b416483075:0x2c03a4d1c5e1ec5!5m2!4m1!1i2!8m2!3d0.9284109!4d104.4205433!16s%2Fg%2F11g9dcfh_q!19sChIJdTBIFrRz2TERxR5eHE06wAI?authuser=0&hl=en&rclk=1,1.0,Hospitality,Indonesia.Batam.Hotel.202408042041.db,places,null_required_column
3717,RedDoorz   Jl D I Panjaitan Batu 7 Tanjung Pinang,4.2,98,0,,[],"Jl. D.I. Panjaitan, Melayu Kota Piring, Kec. Tanjungpinang Tim., Kota Tanjung Pinang, Kepulauan Riau 29115, Indonesia",[],+62 821-3838-6736,0.9172672,104.4884556,https://www.google.com/maps/place/RedDoorz+@+Jl+D+I+Panjaitan+Batu+7+Tanjung+Pinang/data=!4m10!3m9!1s0x31d96d98fb2907bf:0x1123d93c84bf16b0!5m2!4m1!1i2!8m2!3d0.9172672!4d104.4884556!16s%2Fg%2F11lkf8x_l0!19sChIJvwcp-5ht2TERsBa_hDzZIxE?authuser=0&hl=en&rclk=1,1.0,Hospitality,Indonesia.Batam.Hotel.202408042041.db,places,null_required_column
3718,OYO 91428 Duta Stay,2.4,7,0,,[],"Indonesia Jembatan, 3, Dompak, Tanjungpinang Barat, Tanjung Pinang City, Riau Islands 29113, Indonesia",[],+62 21 29707601,0.9053071,104.4547972,https://www.google.com/maps/place/OYO+91428+Duta+Stay/data=!4m10!3m9!1s0x31d973781a531f67:0xa6bc8eafd85d81f7!5m2!4m1!1i2!8m2!3d0.9053071!4d104.4547972!16s%2Fg%2F11tckddcvz!19sChIJZx9TGnhz2TER94Fd2K-OvKY?authuser=0&hl=en&rclk=1,1.0,Hospitality,Indonesia.Batam.Hotel.202408042041.db,places,null_required_column
3719,Arsya,5.0,2,0,,[],"XG59+828, Jl. Bawean, Air Raja, Kec. Tanjungpinang Tim., Kota Tanjung Pinang, Kepulauan Riau 29125, Indonesia",[],,0.9582864,104.5175636,https://www.google.com/maps/place/Arsya/data=!4m10!3m9!1s0x31d96f9022c021d5:0x2504146fdaf7663d!5m2!4m1!1i2!8m2!3d0.9582864!4d104.5175636!16s%2Fg%2F11fs_l0xwp!19sChIJ1SHAIpBv2TERPWb32m8UBCU?authuser=0&hl=en&rclk=1,-1.0,Hospitality,Indonesia.Batam.Hotel.202408042041.db,places,null_required_column
3720,Wisma Bintan Harmoni,3.9,324,0,,[],"WFF3+355 Wisma Bintan Harmoni, Jl. Ir. Juanda, Kemboja, Kec. Tanjungpinang Bar., Kota Tanjung Pinang, Kepulauan Riau 29122, Indonesia",[],,0.922645,104.4529967,https://www.google.com/maps/place/Wisma+Bintan+Harmoni/data=!4m10!3m9!1s0x31d9726625c4b415:0x4a8965608703602f!5m2!4m1!1i2!8m2!3d0.922645!4d104.4529967!16s%2Fg%2F11bxfz4hbn!19sChIJFbTEJWZy2TERL2ADh2BliUo?authuser=0&hl=en&rclk=1,1.0,Hospitality,Indonesia.Batam.Hotel.202408042041.db,places,null_required_column
3721,RedDoorz Syariah near Tanjung Pinang City Center,4.3,22,0,,[],"Jl. Sei Serai, Batu IX, Kec. Tanjungpinang Tim., Kota Tanjung Pinang, Kepulauan Riau 29124, Indonesia",[],+62 21 29707600,0.8913346,104.4796896,https://www.google.com/maps/place/RedDoorz+Syariah+near+Tanjung+Pinang+City+Center/data=!4m10!3m9!1s0x31d96d5c9efef2ad:0xde85c4c73dedcd9c!5m2!4m1!1i2!8m2!3d0.8913346!4d104.4796896!16s%2Fg%2F11j4v4fv15!19sChIJrfL-nlxt2TERnM3tPcfEhd4?authuser=0&hl=en&rclk=1,-1.0,Hospitality,Indonesia.Batam.Hotel.202408042041.db,places,null_required_column
3722,OYO 90998 Wisma Pinggir,3.5,15,0,,[],"02, Jl. Gatot Subroto Gg. Putri Ayu VII RT. 01 RW. 05 Blok C, Jl. Gatot Subroto, Kp. Bulang, Kec. Tanjungpinang Tim., Kota Tanjung Pinang, Kepulauan Riau 29122, Indonesia",[],+62 21 29707601,0.914838,104.4727802,https://www.google.com/maps/place/OYO+90998+Wisma+Pinggir/data=!4m10!3m9!1s0x31d9727edfeec0db:0xa18f2013306e04bc!5m2!4m1!1i2!8m2!3d0.914838!4d104.4727802!16s%2Fg%2F11rvcslrw_!19sChIJ28Du335y2TERvARuMBMgj6E?authuser=0&hl=en&rclk=1,1.0,Hospitality,Indonesia.Batam.Hotel.202408042041.db,places,null_required_column
3723,Hotel Tanjung Pinang Jaya RedPartner,3.8,186,0,,[],"Jl. Pos, Tanjungpinang Kota, Kec. Tj. Pinang Kota, Kota Tanjung Pinang, Kepulauan Riau 29111, Indonesia",[],+62 813-6325-5443,0.9315961,104.4421818,https://www.google.com/maps/place/Hotel+Tanjung+Pinang+Jaya+RedPartner/data=!4m10!3m9!1s0x31d9724710488251:0xb55537bd6606431f!5m2!4m1!1i2!8m2!3d0.9315961!4d104.4421818!16s%2Fg%2F11c6065nlr!19sChIJUYJIEEdy2TERH0MGZr03VbU?authuser=0&hl=en&rclk=1,1.0,Hospitality,Indonesia.Batam.Hotel.202408042041.db,places,null_required_column
3724,OYO 91784 Zazezo Homestay Syariah,2.9,14,0,,[],"Mall Ramayana, 17, Tanjung Pinang City, Riau Islands 29112, Indonesia",[],+62 21 29707601,0.9112262,104.4569401,https://www.google.com/maps/place/OYO+91784+Zazezo+Homestay+Syariah/data=!4m10!3m9!1s0x31d9734fcab6addd:0x56f21cfa7702b50a!5m2!4m1!1i2!8m2!3d0.9112262!4d104.4569401!16s%2Fg%2F11sbss2pzs!19sChIJ3a22yk9z2TERCrUCd_oc8lY?authuser=0&hl=en&rclk=1,1.0,Hospitality,Indonesia.Batam.Hotel.202408042041.db,places,null_required_column
3725,Spot On 91527 As-sakinah Homestay Syariah,0.0,0,0,,[],"WF64+FQW, Wringinanom, Jawa, Malang Regency, Riau Islands 65157, Indonesia",[],+62 804 104 0040,0.911226,104.45694,https://www.google.com/maps/place/Spot+On+91527+As-sakinah+Homestay+Syariah/data=!4m10!3m9!1s0x31d972890f0a44c7:0x70fdaaf9d4b0ab2d!5m2!4m1!1i2!8m2!3d0.911226!4d104.45694!16s%2Fg%2F11ssrjmzyy!19sChIJx0QKD4ly2TERLauw1Pmq_XA?authuser=0&hl=en&rclk=1,1.0,Hospitality,Indonesia.Batam.Hotel.202408042041.db,places,null_required_column
3727,RedDoorz near Puskesmas Sei Jang Tanjung Pinang,4.2,5,0,,[],"Gg. Gatra, Tj. Ayun Sakti, Kec. Bukit Bestari, Kota Tanjung Pinang, Kepulauan Riau 29113, Indonesia",[],+62 21 80629666,0.89619,104.4675205,https://www.google.com/maps/place/RedDoorz+near+Puskesmas+Sei+Jang+Tanjung+Pinang/data=!4m10!3m9!1s0x31d973e87185fc57:0x4aca71803f39538e!5m2!4m1!1i2!8m2!3d0.89619!4d104.4675205!16s%2Fg%2F11k56sj1d2!19sChIJV_yFcehz2TERjlM5P4Bxyko?authuser=0&hl=en&rclk=1,1.0,Hospitality,Indonesia.Batam.Hotel.202408042041.db,places,null_required_column
3728,Wisma Pinggir RedPartner,5.0,1,0,,[],"WF7F+R68, Jl. Gatot Subroto No.20a, Kp. Bulang, Kec. Tanjungpinang Tim., Kota Tanjung Pinang, Kepulauan Riau 29123, Indonesia",[],+62 21 80629666,0.9145625,104.4730625,https://www.google.com/maps/place/Wisma+Pinggir+RedPartner/data=!4m10!3m9!1s0x31d96ddef6409a2b:0x964c47cce5179af2!5m2!4m1!1i2!8m2!3d0.9145625!4d104.4730625!16s%2Fg%2F11vwn_0rff!19sChIJK5pA9t5t2TER8poX5cxHTJY?authuser=0&hl=en&rclk=1,1.0,Hospitality,Indonesia.Batam.Hotel.202408042041.db,places,null_required_column
3729,RedDoorz Syariah Near Pelabuhan Sri Bintan Pura Tanjungpinang,5.0,1,0,,[],"WCHR+9M5, Jl. Yusuf Kahar, Tanjungpinang Kota, Kec. Tj. Pinang Kota, Kota Tanjung Pinang, Kepulauan Riau 29111, Indonesia",[],+62 21 80629666,0.9284375,104.4416875,https://www.google.com/maps/place/RedDoorz+Syariah+Near+Pelabuhan+Sri+Bintan+Pura+Tanjungpinang/data=!4m10!3m9!1s0x31d9736cf268314d:0xf84d3163f74c4a94!5m2!4m1!1i2!8m2!3d0.9284375!4d104.4416875!16s%2Fg%2F11vzb150c8!19sChIJTTFo8mxz2TERlEpM92MxTfg?authuser=0&hl=en&rclk=1,1.0,Hospitality,Indonesia.Batam.Hotel.202408042041.db,places,null_required_column
3730,Kos Duta,3.1,10,0,,[],"Jl. Lembah Purnama No.3, RT2 RW7, Kec. Bukit Bestari, Kota Tanjung Pinang, Kepulauan Riau 29113, Indonesia",[],+62 812-6803-2668,0.905433,104.454988,https://www.google.com/maps/place/Kos+Duta/data=!4m10!3m9!1s0x31d97367231d4a39:0x29a6bf8499a45b79!5m2!4m1!1i2!8m2!3d0.905433!4d104.454988!16s%2Fg%2F11j3rpfnyk!19sChIJOUodI2dz2TEReVukmYS_pik?authuser=0&hl=en&rclk=1,1.0,Hospitality,Indonesia.Batam.Hotel.202408042041.db,places,null_required_column
3731,Zazezo Homestay Syariah RedPartner,0.0,0,0,,[],"Jl. Ir. Sutami No.17, RT.007/RW.005, Tj. Pinang Timur, Kec. Bukit Bestari, Kota Tanjung Pinang, Kepulauan Riau 29122, Indonesia",[],+62 21 80629666,0.9119388,104.4549333,https://www.google.com/maps/place/Zazezo+Homestay+Syariah+RedPartner/data=!4m10!3m9!1s0x31d973c9adb0d401:0xf872714eb3575e6!5m2!4m1!1i2!8m2!3d0.9119388!4d104.4549333!16s%2Fg%2F11vy3bl2dk!19sChIJAdSwrclz2TER5nU16xQnhw8?authuser=0&hl=en&rclk=1,1.0,Hospitality,Indonesia.Batam.Hotel.202408042041.db,places,null_required_column
3733,Melia Bintan Indonesia,3.8,10,0,,[],"Jl. Pos No.26, Tanjungpinang Kota, Kec. Tj. Pinang Kota, Kota Tanjung Pinang, Kepulauan Riau, Indonesia",[],+62 857-7477-2063,0.9312502,104.4411046,https://www.google.com/maps/place/Melia+Bintan+Indonesia/data=!4m10!3m9!1s0x31d97247116127ef:0xbddb4c3b184620e1!5m2!4m1!1i2!8m2!3d0.9312502!4d104.4411046!16s%2Fg%2F11bc7p0w5f!19sChIJ7ydhEUdy2TER4SBGGDtM270?authuser=0&hl=en&rclk=1,1.0,Hospitality,Indonesia.Batam.Hotel.202408042041.db,places,null_required_column
3736,Ramayana Hotel,3.9,512,0,,[],"Ramayana, Jl. Pembangunan No.2, Lubuk Baja Kota, Kec. Lubuk Baja, Kota Batam, Kepulauan Riau 29432, Indonesia",[],,1.1441061,104.0115134,https://www.google.com/maps/place/Ramayana+Hotel/data=!4m10!3m9!1s0x31d98986c7f99083:0x841c755c3fbba3c!5m2!4m1!1i2!8m2!3d1.1441061!4d104.0115134!16s%2Fg%2F1hm3rh8xg!19sChIJg5D5x4aJ2TERPLr7w1XHQQg?authuser=0&hl=en&rclk=1,0.0,Hospitality,Indonesia.Batam.Hotel.202408042041.db,places,null_required_column
3737,Homestay Pulau Penyengat DAPOER LAUT,5.0,6,0,,[],"Jl. Istana Laut No.26, Penyengat, Kec. Tj. Pinang Kota, Kota Tanjung Pinang, Kepulauan Riau 29114, Indonesia",[],+62 813-7206-8123,0.9296721,104.4209211,https://www.google.com/maps/place/Homestay+Pulau+Penyengat%2FDAPOER+LAUT/data=!4m10!3m9!1s0x31d973259d969c1d:0xa3b2ca3a88192099!5m2!4m1!1i2!8m2!3d0.9296721!4d104.4209211!16s%2Fg%2F11gszxck38!19sChIJHZyWnSVz2TERmSAZiDrKsqM?authuser=0&hl=en&rclk=1,1.0,Hospitality,Indonesia.Batam.Hotel.202408042041.db,places,null_required_column
3739,Comforta Hotel & Resort Tanjung Pinang,4.2,1,0,,[],"Jl. Adi Sucipto No.Km.10, Batu IX, Kec. Tanjungpinang Tim., Kota Tanjung Pinang, Kepulauan Riau 29125, Indonesia",[],+62 812-7062-999,0.919423,104.512118,https://www.google.com/maps/place/Comforta+Hotel+%26+Resort+Tanjung+Pinang/data=!4m10!3m9!1s0x31d96ddd8d58f45d:0x5d26f633dadd5ce9!5m2!4m1!1i2!8m2!3d0.919423!4d104.512118!16s%2Fg%2F11pys6w6pz!19sChIJXfRYjd1t2TER6Vzd2jP2Jl0?authuser=0&hl=en&rclk=1,-1.0,Hospitality,Indonesia.Batam.Hotel.202408042041.db,places,null_required_column
3741,Polaris Hotel,3.7,75,0,,[],"Jl. Sriwijaya Kompleks Putri Buana No.1-2, Kp. Pelita, Kec. Lubuk Baja, Kota Batam, Kepulauan Riau 29432, Indonesia",[],+62 813-7860-3488,1.1435981,104.0205062,https://www.google.com/maps/place/Polaris+Hotel/data=!4m10!3m9!1s0x31d9899b60f67bb7:0x4d7b219e6ff3e1d4!5m2!4m1!1i2!8m2!3d1.1435981!4d104.0205062!16s%2Fg%2F11byp6d27t!19sChIJt3v2YJuJ2TER1OHzb54he00?authuser=0&hl=en&rclk=1,0.0,Hospitality,Indonesia.Batam.Hotel.202408042041.db,places,null_required_column
3743,Hotel Bintan Plaza,4.0,586,0,,[],"WF98+QV7, Tanjung Unggat, Bukit Bestari, Tanjung Pinang City, Riau Islands, Indonesia",[],,0.9194005,104.467162,https://www.google.com/maps/place/Hotel+Bintan+Plaza/data=!4m10!3m9!1s0x31d972795c7593b5:0xf2a4d079295426d3!5m2!4m1!1i2!8m2!3d0.9194005!4d104.467162!16s%2Fg%2F113dqvtr2!19sChIJtZN1XHly2TER0yZUKXnQpPI?authuser=0&hl=en&rclk=1,1.0,Hospitality,Indonesia.Batam.Hotel.202408042041.db,places,null_required_column
3744,Nagoya Hill Hotel,4.4,4,0,,[],"Hill Batam, Superblok, Jl. Teuku Umar No.1, Lubuk Baja Kota, Kec. Lubuk Baja, Kota Batam, Kepulauan Riau 29432, Indonesia",[],,1.1475358,104.0128956,https://www.google.com/maps/place/Nagoya+Hill+Hotel/data=!4m10!3m9!1s0x31d9898674db4523:0x1a39bf29a628931!5m2!4m1!1i2!8m2!3d1.1475358!4d104.0128956!16s%2Fg%2F11bc7d6q2_!19sChIJI0XbdIaJ2TERMYlimvKbowE?authuser=0&hl=en&rclk=1,0.0,Hospitality,Indonesia.Batam.Hotel.202408042041.db,places,null_required_column
3745,Kaputra Hotel,4.0,416,0,,[],"Jl. Wiratno No.18, Kp. Baru, Kec. Tanjungpinang Bar., Kota Tanjung Pinang, Kepulauan Riau 29112, Indonesia",[],,0.9069305,104.451981,https://www.google.com/maps/place/Kaputra+Hotel/data=!4m10!3m9!1s0x31d9703e5726191d:0x7994e15599f1cc47!5m2!4m1!1i2!8m2!3d0.9069305!4d104.451981!16s%2Fg%2F113jpgrkq!19sChIJHRkmVz5w2TERR8zxmVXhlHk?authuser=0&hl=en&rclk=1,1.0,Hospitality,Indonesia.Batam.Hotel.202408042041.db,places,null_required_column
3749,Hotel Novanda,4.3,210,0,,[],"WF53+2H7, Jl. Wiratno, Kp. Baru, Kec. Tanjungpinang Bar., Kota Tanjung Pinang, Kepulauan Riau 29112, Indonesia",[],+62 21 29706666,0.9075341,104.4539074,https://www.google.com/maps/place/Hotel+Novanda/data=!4m10!3m9!1s0x31d97307317e6ab3:0x56734ac91a86f621!5m2!4m1!1i2!8m2!3d0.9075341!4d104.4539074!16s%2Fg%2F11h3zf9jr1!19sChIJs2p-MQdz2TERIfaGGslKc1Y?authuser=0&hl=en&rclk=1,1.0,Hospitality,Indonesia.Batam.Hotel.202408042041.db,places,null_required_column
3752,Memory KTV & Hotel,4.3,74,0,,[],"Komplek Nagoya, Jl. Komp. Business Centre No.30, Lubuk Baja Kota, Kec. Lubuk Baja, Kota Batam, Kepulauan Riau 29432, Indonesia",[],,1.1481679,104.007424,https://www.google.com/maps/place/Memory+KTV+%26+Hotel/data=!4m10!3m9!1s0x31d98988008868ff:0x3a16697e0888b081!5m2!4m1!1i2!8m2!3d1.1481679!4d104.007424!16s%2Fg%2F11c3hw71wc!19sChIJ_2iIAIiJ2TERgbCICH5pFjo?authuser=0&hl=en&rclk=1,0.0,Hospitality,Indonesia.Batam.Hotel.202408042041.db,places,null_required_column
3756,Traveller Bintan,0.0,0,0,,[],"Jl. Cempedak No.11, Kp. Baru, Kec. Tanjungpinang Bar., Kota Tanjung Pinang, Kepulauan Riau 29112, Indonesia",[],,0.9095318,104.4501955,https://www.google.com/maps/place/Traveller+Bintan/data=!4m10!3m9!1s0x31d9728b5f2826fd:0x4259caf78ee834df!5m2!4m1!1i2!8m2!3d0.9095318!4d104.4501955!16s%2Fg%2F11j4sw03cp!19sChIJ_SYoX4ty2TER3zTojvfKWUI?authuser=0&hl=en&rclk=1,1.0,Hospitality,Indonesia.Batam.Hotel.202408042041.db,places,null_required_column
3758,PELANGI HOTEL,4.1,997,0,,[],"WF8J+68H, Jl. D.I. Panjaitan No.KM, RW.6, Melayu Kota Piring, Kec. Tanjungpinang Tim., Kota Tanjung Pinang, Kepulauan Riau, Indonesia",[],,0.9148338,104.4807731,https://www.google.com/maps/place/PELANGI+HOTEL/data=!4m10!3m9!1s0x31d96da1a636cddd:0xa9450b2e2d27ec2b!5m2!4m1!1i2!8m2!3d0.9148338!4d104.4807731!16s%2Fm%2F0cc73b9!19sChIJ3c02pqFt2TERK-wnLS4LRak?authuser=0&hl=en&rclk=1,1.0,Hospitality,Indonesia.Batam.Hotel.202408042041.db,places,null_required_column
3760,Collection O 91629 Ndalem Abhirama,5.0,1,0,,[],"Pelem, Sardonoharjo, daerah Istimewa, 1, Riau Islands 55581, Indonesia",[],+62 804 104 0040,0.911226,104.45694,https://www.google.com/maps/place/Collection+O+91629+Ndalem+Abhirama/data=!4m10!3m9!1s0x31d972890f0a44c7:0x993f663fd41fdc0a!5m2!4m1!1i2!8m2!3d0.911226!4d104.45694!16s%2Fg%2F11kqcyt3zx!19sChIJx0QKD4ly2TERCtwf1D9mP5k?authuser=0&hl=en&rclk=1,1.0,Hospitality,Indonesia.Batam.Hotel.202408042041.db,places,null_required_column
3761,Hotel Mutiara,3.7,42,0,,[],"WCJV+2VQ, Jl. Gambir, Tanjungpinang Kota, Kec. Tj. Pinang Kota, Kota Tanjung Pinang, Kepulauan Riau, Indonesia",[],,0.9300961,104.4447337,https://www.google.com/maps/place/Hotel+Mutiara/data=!4m10!3m9!1s0x31d972411f918f09:0x4aaf31613e007321!5m2!4m1!1i2!8m2!3d0.9300961!4d104.4447337!16s%2Fg%2F11gh2sqv13!19sChIJCY-RH0Fy2TERIXMAPmExr0o?authuser=0&hl=en&rclk=1,1.0,Hospitality,Indonesia.Batam.Hotel.202408042041.db,places,null_required_column
3763,Hotel Sampurna Inn,3.7,46,0,,[],"WCHR+9M5, Jl. Yusuf Kahar, Tanjungpinang Kota, Kec. Tj. Pinang Kota, Kota Tanjung Pinang, Kepulauan Riau, Indonesia",[],,0.9283851,104.4417417,https://www.google.com/maps/place/Hotel+Sampurna+Inn/data=!4m10!3m9!1s0x31d972441445ade9:0x56bd640edee6f56a!5m2!4m1!1i2!8m2!3d0.9283851!4d104.4417417!16s%2Fg%2F1tcwchh3!19sChIJ6a1FFERy2TERavXm3g5kvVY?authuser=0&hl=en&rclk=1,1.0,Hospitality,Indonesia.Batam.Hotel.202408042041.db,places,null_required_column
3765,Hotel Sunrise City (ex Bali),4.0,424,0,,[],"Sei Jang, Bukit Bestari, Tanjung Pinang City, Riau Islands 29122, Indonesia",[],,0.9037268,104.471735,https://www.google.com/maps/place/Hotel+Sunrise+City+%28ex+Bali%29/data=!4m10!3m9!1s0x31d9729d5e286101:0x97857c20239bf04c!5m2!4m1!1i2!8m2!3d0.9037268!4d104.471735!16s%2Fg%2F11dxs10c90!19sChIJAWEoXp1y2TERTPCbIyB8hZc?authuser=0&hl=en&rclk=1,1.0,Hospitality,Indonesia.Batam.Hotel.202408042041.db,places,null_required_column
3766,ASTON Nagoya City Hotel,4.8,1,0,,[],"Komplek Nagoya Thamrin City, Jl. Imam Bonjol, Lubuk Baja Kota, Kec. Lubuk Baja, Kota Batam, Kepulauan Riau 29444, Indonesia",[],,1.1443749,104.0142719,https://www.google.com/maps/place/ASTON+Nagoya+City+Hotel/data=!4m10!3m9!1s0x31d9892762595343:0x8b2bb8e6ae09f284!5m2!4m1!1i2!8m2!3d1.1443749!4d104.0142719!16s%2Fg%2F11t5l4z179!19sChIJQ1NZYieJ2TERhPIJrua4K4s?authuser=0&hl=en&rclk=1,0.0,Hospitality,Indonesia.Batam.Hotel.202408042041.db,places,null_required_column
3767,Hotel Furia,3.6,237,0,,[],"WCHR+W8H, Tanjungpinang Kota, Tanjung Pinang Kota, Tanjung Pinang City, Riau Islands, Indonesia",[],,0.929807,104.4408715,https://www.google.com/maps/place/Hotel+Furia/data=!4m10!3m9!1s0x31d972467c8e2b4b:0x9d1838b4fcbfca26!5m2!4m1!1i2!8m2!3d0.929807!4d104.4408715!16s%2Fg%2F1vc_mw0d!19sChIJSyuOfEZy2TERJsq__LQ4GJ0?authuser=0&hl=en&rclk=1,1.0,Hospitality,Indonesia.Batam.Hotel.202408042041.db,places,null_required_column
3774,RedDoorz   Hotel Novanda,4.4,5,0,,[],"Jl. Wiratno, Kp. Baru, Kec. Tanjungpinang Bar., Kota Tanjung Pinang, Kepulauan Riau 29112, Indonesia",[],+62 21 80629666,0.907565,104.4538897,https://www.google.com/maps/place/RedDoorz+@+Hotel+Novanda/data=!4m10!3m9!1s0x31d9735312343461:0xc2a1edb27876b549!5m2!4m1!1i2!8m2!3d0.907565!4d104.4538897!16s%2Fg%2F11j3rwkb0j!19sChIJYTQ0ElNz2TERSbV2eLLtocI?authuser=0&hl=en&rclk=1,1.0,Hospitality,Indonesia.Batam.Hotel.202408042041.db,places,null_required_column
3776,Hotel citra,4.0,43,0,,[],"Jl. Bakar Batu No.173, Kemboja, Kec. Tanjungpinang Bar., Kota Tanjung Pinang, Kepulauan Riau, Indonesia",[],,0.9272621,104.4461477,https://www.google.com/maps/place/Hotel+citra/data=!4m10!3m9!1s0x31d973c6de2aea2d:0xdf2082f4d8964fa8!5m2!4m1!1i2!8m2!3d0.9272621!4d104.4461477!16s%2Fg%2F11qn7pflc4!19sChIJLeoq3sZz2TERqE-W2PSCIN8?authuser=0&hl=en&rclk=1,1.0,Hospitality,Indonesia.Batam.Hotel.202408042041.db,places,null_required_column
3777,Hotel Sinta,4.0,62,0,,[],"WCGX+6R4, Kemboja, Tanjungpinang Barat, Tanjung Pinang City, Riau Islands 29112, Indonesia",[],,0.925518,104.4495746,https://www.google.com/maps/place/Hotel+Sinta/data=!4m10!3m9!1s0x31d972682cd83523:0x5d19af6816179597!5m2!4m1!1i2!8m2!3d0.925518!4d104.4495746!16s%2Fg%2F11c1xp4zf3!19sChIJIzXYLGhy2TERl5UXFmivGV0?authuser=0&hl=en&rclk=1,1.0,Hospitality,Indonesia.Batam.Hotel.202408042041.db,places,null_required_column
3779,Hotel Melin,4.0,91,0,,[],"Jl. Pos No.25-27, Tanjungpinang Kota, Kec. Tj. Pinang Kota, Kota Tanjung Pinang, Kepulauan Riau, Indonesia",[],,0.931244,104.4414287,https://www.google.com/maps/place/Hotel+Melin/data=!4m10!3m9!1s0x31d97247a939758b:0xf4c37d73cf540f3a!5m2!4m1!1i2!8m2!3d0.931244!4d104.4414287!16s%2Fg%2F1tfzd85x!19sChIJi3U5qUdy2TEROg9Uz3N9w_Q?authuser=0&hl=en&rclk=1,1.0,Hospitality,Indonesia.Batam.Hotel.202408042041.db,places,null_required_column
3781,Penginapan TIO Sans,4.5,15,0,,[],"Jl. Pramuka Lr. Bunyu No.33, Tj. Ayun Sakti, Kec. Bukit Bestari, Kota Tanjung Pinang, Kepulauan Riau 29124, Indonesia",[],+62 852-6454-1186,0.9004326,104.4605023,https://www.google.com/maps/place/Penginapan+TIO+Sans/data=!4m10!3m9!1s0x31d9735740dbe6e3:0xbd8b9aa8c1d5c9bc!5m2!4m1!1i2!8m2!3d0.9004326!4d104.4605023!16s%2Fg%2F11kmyw948p!19sChIJ4-bbQFdz2TERvMnVwaiai70?authuser=0&hl=en&rclk=1,1.0,Hospitality,Indonesia.Batam.Hotel.202408042041.db,places,null_required_column
3782,GLORIS HOTEL,4.0,458,0,,[],"Komplek Nagoya City Centre, Jl. Komp. Business Centre, Lubuk Baja Kota, Kec. Lubuk Baja, Kota Batam, Kepulauan Riau 29445, Indonesia",[],+62 878-8014-0520,1.1456669,104.0063934,https://www.google.com/maps/place/GLORIS+HOTEL/data=!4m10!3m9!1s0x31d98a29cc59460d:0xffdcef6f78197933!5m2!4m1!1i2!8m2!3d1.1456669!4d104.0063934!16s%2Fg%2F1hm1_17x_!19sChIJDUZZzCmK2TERM3kZeG_v3P8?authuser=0&hl=en&rclk=1,0.0,Hospitality,Indonesia.Batam.Hotel.202408042041.db,places,null_required_column
3783,Airy Pos 25 Tanjung Pinang,4.3,9,0,,[],"Jl. Pos No.25 - 27, Tanjung pinang, Kepr, Kota Tanjung Pinang, Kepulauan Riau 29111, Indonesia",[],+62 804 111 2479,0.9309091,104.4413995,https://www.google.com/maps/place/Airy+Pos+25+Tanjung+Pinang/data=!4m10!3m9!1s0x31d9724713cbdf49:0xada4f229abc244ef!5m2!4m1!1i2!8m2!3d0.9309091!4d104.4413995!16s%2Fg%2F11f54sbdxb!19sChIJSd_LE0dy2TER70TCqynypK0?authuser=0&hl=en&rclk=1,1.0,Hospitality,Indonesia.Batam.Hotel.202408042041.db,places,null_required_column
3789,Wisma Pesona,4.0,200,0,,[],"JL. Mayor Jenderal DI Panjaitan No.23, Bintan Buyu, Kec. Tlk. Bintan, Kabupaten Bintan, Kepulauan Riau 29133, Indonesia",[],+62 852-7220-9855,0.9152152,104.4961934,https://www.google.com/maps/place/Wisma+Pesona/data=!4m10!3m9!1s0x31d964b0cdb80f37:0x16cf5a1f534e3ef4!5m2!4m1!1i2!8m2!3d0.9152152!4d104.4961934!16s%2Fg%2F1pzrm471p!19sChIJNw-4zbBk2TER9D5OUx9azxY?authuser=0&hl=en&rclk=1,1.0,Hospitality,Indonesia.Batam.Hotel.202408042041.db,places,null_required_column
3791,Hotel metro tanjung pinang,3.9,53,0,,[],"Jl. Pelantar I No.23, Tanjungpinang Kota, Kec. Tj. Pinang Kota, Kota Tanjung Pinang, Kepulauan Riau 29115, Indonesia",[],+62 838-0259-2284,0.9321811,104.441476,https://www.google.com/maps/place/Hotel+metro+tanjung+pinang/data=!4m10!3m9!1s0x31d9724766befad5:0x5f157829c3e8b1c3!5m2!4m1!1i2!8m2!3d0.9321811!4d104.441476!16s%2Fg%2F11ggblbd5k!19sChIJ1fq-Zkdy2TERw7Howyl4FV8?authuser=0&hl=en&rclk=1,1.0,Hospitality,Indonesia.Batam.Hotel.202408042041.db,places,null_required_column
3792,OYO 1635 New Star hotel,4.0,253,0,,[],"Komp. Nagoya Centre Blok B No. 5, RW.9, Sungai Jodoh, Kec. Batu Ampar, Kota Batam, Kepulauan Riau 29444, Indonesia",[],+62 21 29707601,1.149035,104.0071607,https://www.google.com/maps/place/OYO+1635+New+Star+hotel/data=!4m10!3m9!1s0x31d98989bb51d663:0x40362db304367632!5m2!4m1!1i2!8m2!3d1.149035!4d104.0071607!16s%2Fg%2F1hm519szq!19sChIJY9ZRu4mJ2TERMnY2BLMtNkA?authuser=0&hl=en&rclk=1,0.0,Hospitality,Indonesia.Batam.Hotel.202408042041.db,places,null_required_column
3793,SPOT ON 2685 Hotel Surya,3.6,179,0,,[],"Jl. Bintan No.53, Tanjungpinang Kota, Kec. Tj. Pinang Kota, Kota Tanjung Pinang, Kepulauan Riau, Indonesia",[],+62 21 29707601,0.9287169,104.4421185,https://www.google.com/maps/place/SPOT+ON+2685+Hotel+Surya/data=!4m10!3m9!1s0x31d972441eefd5f7:0x7a3a11c24c40489b!5m2!4m1!1i2!8m2!3d0.9287169!4d104.4421185!16s%2Fg%2F1tdk_1ww!19sChIJ99XvHkRy2TERm0hATMIROno?authuser=0&hl=en&rclk=1,1.0,Hospitality,Indonesia.Batam.Hotel.202408042041.db,places,null_required_column
3795,OYO 1164 Edotel Mahligai By Smkn 2 Tanjung Pinang,4.3,38,0,,[],"Jl. Pramuka No.1, Tj. Ayun Sakti, Kec. Bukit Bestari, Kota Tanjung Pinang, Kepulauan Riau 29113, Indonesia",[],+62 21 29707601,0.9042899,104.4582498,https://www.google.com/maps/place/OYO+1164+Edotel+Mahligai+By+Smkn+2+Tanjung+Pinang/data=!4m10!3m9!1s0x31d973755576b5b3:0x42cd03a3b3a5ce8f!5m2!4m1!1i2!8m2!3d0.9042899!4d104.4582498!16s%2Fg%2F11h_79y6jr!19sChIJs7V2VXVz2TERj86ls6MDzUI?authuser=0&hl=en&rclk=1,1.0,Hospitality,Indonesia.Batam.Hotel.202408042041.db,places,null_required_column
3797,Airy MT Haryono KM 3 5 Tanjung Pinang,4.3,29,0,,[],"WF98+VRF, Jl. MT Haryono, Tj. Unggat, Kec. Bukit Bestari, Kota Tanjung Pinang, Kepulauan Riau 29111, Indonesia",[],+62 804 111 2479,0.9196797,104.4670322,https://www.google.com/maps/place/Airy+MT+Haryono+KM+3.5+Tanjung+Pinang/data=!4m10!3m9!1s0x31d972796815dc6b:0x378fd30bc0c7bf00!5m2!4m1!1i2!8m2!3d0.9196797!4d104.4670322!16s%2Fg%2F11ggs8jtdz!19sChIJa9wVaHly2TERAL_HwAvTjzc?authuser=0&hl=en&rclk=1,1.0,Hospitality,Indonesia.Batam.Hotel.202408042041.db,places,null_required_column
3799,Pinang City Hotel,0.0,0,0,,[],"WFG2+MXH, Jl. Gudang Minyak, Tj. Unggat, Kec. Bukit Bestari, Kota Tanjung Pinang, Kepulauan Riau, Indonesia",[],,0.9266887,104.4524933,https://www.google.com/maps/place/Pinang+City+Hotel/data=!4m10!3m9!1s0x31d97269732a5689:0xf1108f4330a1dd26!5m2!4m1!1i2!8m2!3d0.9266887!4d104.4524933!16s%2Fg%2F11j4t6vcw3!19sChIJiVYqc2ly2TERJt2hMEOPEPE?authuser=0&hl=en&rclk=1,1.0,Hospitality,Indonesia.Batam.Hotel.202408042041.db,places,null_required_column
3801,SPOT ON 91781 Solo Baru Homestay Syariah,0.0,0,0,,[],"HARBOURBAY MALL, 10 Batam, Kepulauan Riau, 29400, Jl. Nagoya Hill, SHOPPIN, Kota Batam, Kepulauan Riau 29443, Indonesia",[],+62 21 29707601,1.1514845,104.0060822,https://www.google.com/maps/place/SPOT+ON+91781+Solo+Baru+Homestay+Syariah/data=!4m10!3m9!1s0x31d98b9fb4471019:0x82cd823e6332ab!5m2!4m1!1i2!8m2!3d1.1514845!4d104.0060822!16s%2Fg%2F11trfmqc98!19sChIJGRBHtJ-L2TERqzJjPoLNggA?authuser=0&hl=en&rclk=1,0.0,Hospitality,Indonesia.Batam.Hotel.202408042041.db,places,null_required_column
3802,ZEN Rooms near D I Panjaitan Tanjung Pinang,4.0,15,0,,[],"Jalan DI Panjaitan KM 6, Kabupaten Bintan, Melayu Kota Piring, Bintan Island, Tanjung Pinang City, Riau Islands 29111, Indonesia",[],+62 855-7467-1004,0.9156446,104.4795367,https://www.google.com/maps/place/ZEN+Rooms+near+D.I.Panjaitan+Tanjung+Pinang/data=!4m10!3m9!1s0x31d96d8244be1db5:0xec6a313c648d0f9e!5m2!4m1!1i2!8m2!3d0.9156446!4d104.4795367!16s%2Fg%2F11cn7k3k68!19sChIJtR2-RIJt2TERng-NZDwxauw?authuser=0&hl=en&rclk=1,1.0,Hospitality,Indonesia.Batam.Hotel.202408042041.db,places,null_required_column
3804,The Clover Bed & Breakfast,0.0,0,0,,[],"Ruko, Jl. Perumahan Jl. Hang Lekir No.9, Kota Tanjung Pinang, Kepulauan Riau 29125, Indonesia",[],+62 831-8796-0766,0.9126879,104.5117878,https://www.google.com/maps/place/The+Clover+Bed+%26+Breakfast/data=!4m10!3m9!1s0x31d96dfc380be3b5:0x57f52f59e4cc298a!5m2!4m1!1i2!8m2!3d0.9126879!4d104.5117878!16s%2Fg%2F11sb4xskzb!19sChIJteMLOPxt2TERiinM5Fkv9Vc?authuser=0&hl=en&rclk=1,-1.0,Hospitality,Indonesia.Batam.Hotel.202408042041.db,places,null_required_column
3806,Wisma Sakura,3.9,45,0,,[],"WCGX+J59, Jl. Potong Lembu, Kemboja, Kec. Tanjungpinang Bar., Kota Tanjung Pinang, Kepulauan Riau, Indonesia",[],,0.9265486,104.4479908,https://www.google.com/maps/place/Wisma+Sakura/data=!4m10!3m9!1s0x31d973feeca0d077:0xe49c31d3b60c0274!5m2!4m1!1i2!8m2!3d0.9265486!4d104.4479908!16s%2Fg%2F11gsmkqbp8!19sChIJd9Cg7P5z2TERdAIMttMxnOQ?authuser=0&hl=en&rclk=1,1.0,Hospitality,Indonesia.Batam.Hotel.202408042041.db,places,null_required_column
3808,Aisyah homestay penyengat,0.0,0,0,,[],"jl.Sambang Balik kota, Pulau, Penyengat, Kec. Tj. Pinang Kota, Kota Tanjung Pinang, Kepulauan Riau 29114, Indonesia",[],+62 823-8711-5616,0.9282057,104.4232837,https://www.google.com/maps/place/Aisyah+homestay+penyengat/data=!4m10!3m9!1s0x31d973170afdae29:0xb2f37522042705bd!5m2!4m1!1i2!8m2!3d0.9282057!4d104.4232837!16s%2Fg%2F11y75p1flq!19sChIJKa79Chdz2TERvQUnBCJ187I?authuser=0&hl=en&rclk=1,1.0,Hospitality,Indonesia.Batam.Hotel.202408042041.db,places,null_required_column
3813,Homestay 2-Z,0.0,0,0,,[],"Jl. Istana Laut, kampung bulang, Penyengat, Kota, Kota Tanjung Pinang, Kepulauan Riau 29114, Indonesia",[],+62 812-7655-9221,0.9311462,104.4197014,https://www.google.com/maps/place/Homestay+2-Z/data=!4m10!3m9!1s0x31d973f8a8a14deb:0xe102c3fa7fa7b73a!5m2!4m1!1i2!8m2!3d0.9311462!4d104.4197014!16s%2Fg%2F11w3051yg1!19sChIJ602hqPhz2TEROrenf_rDAuE?authuser=0&hl=en&rclk=1,1.0,Hospitality,Indonesia.Batam.Hotel.202408042041.db,places,null_required_column
3825,Batam View Beach Resort,4.2,1,0,,[],"Jl. Hang Lekiu, Sambau, Kecamatan Nongsa, Kota Batam, Kepulauan Riau 29465, Indonesia",[],,1.18491,104.0745641,https://www.google.com/maps/place/Batam+View+Beach+Resort/data=!4m10!3m9!1s0x31d98ed55446d65d:0x4e3d80e46e60f0cc!5m2!4m1!1i2!8m2!3d1.18491!4d104.0745641!16s%2Fg%2F1tctzyzq!19sChIJXdZGVNWO2TERzPBgbuSAPU4?authuser=0&hl=en&rclk=1,-1.0,Hospitality,Indonesia.Batam.Hotel.202408042041.db,places,null_required_column
3829,OYO 795 Nipah Island Resort,4.2,481,0,,[],"Jl. Trans Barelang Jembatan Dua, Nipah, Pulau Setokok, Kec. Bulang, Kota Batam, Kepulauan Riau 29471, Indonesia",[],+62 21 29707601,0.9780522,104.0547155,https://www.google.com/maps/place/OYO+795+Nipah+Island+Resort/data=!4m10!3m9!1s0x31d990e129c4fc73:0x41f6f28f69fdbc57!5m2!4m1!1i2!8m2!3d0.9780522!4d104.0547155!16s%2Fg%2F11c500q2mx!19sChIJc_zEKeGQ2TERV7z9aY_y9kE?authuser=0&hl=en&rclk=1,2.0,Hospitality,Indonesia.Batam.Hotel.202408042041.db,places,null_required_column
3834,D Merlion Hotel,4.2,914,0,,[],"Perum...Merlion square blokA/7 jl.Marina city Yg, Tj. Uncang, Kec. Batu Aji, Kota Batam, Kepulauan Riau 29425, Indonesia",[],,1.0562164,103.9477558,https://www.google.com/maps/place/D%27Merlion+Hotel/data=!4m10!3m9!1s0x31d98d1a9606eed5:0x3b8724a2bc9fb81!5m2!4m1!1i2!8m2!3d1.0562164!4d103.9477558!16s%2Fg%2F11b73ntd8z!19sChIJ1e4GlhqN2TERgfvJK0pyuAM?authuser=0&hl=en&rclk=1,3.0,Hospitality,Indonesia.Batam.Hotel.202408042041.db,places,null_required_column
3850,Capital O 664 Romance Hotel,4.2,324,0,,[],"Jl. Komp. Dian Centre No.11 blok B No. 9, Batu Selicin, Kec. Lubuk Baja, Kota Batam, Kepulauan Riau 29444, Indonesia",[],+62 21 29707601,1.1405783,104.0034765,https://www.google.com/maps/place/Capital+O+664+Romance+Hotel/data=!4m10!3m9!1s0x31d98b8f8567cca7:0x8bcadb1ecb4d7863!5m2!4m1!1i2!8m2!3d1.1405783!4d104.0034765!16s%2Fg%2F1hm2lkz77!19sChIJp8xnhY-L2TERY3hNyx7byos?authuser=0&hl=en&rclk=1,0.0,Hospitality,Indonesia.Batam.Hotel.202408042041.db,places,null_required_column
3854,OYO 93397 Hotel California,3.7,32,0,,[],"Komplek Pasar Aviari Pratama, Jl. Letjen Soeprapto, Buliang, Kec. Batu Aji, Kota Batam, Kepulauan Riau 29444, Indonesia",[],+62 21 29707601,1.0515625,103.9703125,https://www.google.com/maps/place/OYO+93397+Hotel+California/data=!4m10!3m9!1s0x31d98da48da665d9:0xb448a0fc65b569b6!5m2!4m1!1i2!8m2!3d1.0515625!4d103.9703125!16s%2Fg%2F11b6d21dqn!19sChIJ2WWmjaSN2TERtmm1ZfygSLQ?authuser=0&hl=en&rclk=1,3.0,Hospitality,Indonesia.Batam.Hotel.202408042041.db,places,null_required_column
3856,RedDoorz   Pasar Melayu Sagulung Batam,4.0,36,0,,[],"Komp Pasar Melayu, Jl. Letjend Suprapto, Bukit Tempayan, Kec. Batu Aji, Kota Batam, Kepulauan Riau 29425, Indonesia",[],+62 21 80629666,1.047128,103.956959,https://www.google.com/maps/place/RedDoorz+@+Pasar+Melayu+Sagulung+Batam/data=!4m10!3m9!1s0x31d98d0b3db4678b:0xa3d5f923bfd8f683!5m2!4m1!1i2!8m2!3d1.047128!4d103.956959!16s%2Fg%2F11b6d59qqq!19sChIJi2e0PQuN2TERg_bYvyP51aM?authuser=0&hl=en&rclk=1,3.0,Hospitality,Indonesia.Batam.Hotel.202408042041.db,places,null_required_column
3862,RedDoorz near RSUD Embung Fatimah Batam,3.4,107,0,,[],"Komplek Pertokoan Muka Kuning Indah, Jl. Letjend Suprapto No.2, Buliang, Kec. Batu Aji, Kota Batam, Kepulauan Riau 29432, Indonesia",[],+62 21 80629666,1.0492312,103.9690562,https://www.google.com/maps/place/RedDoorz+near+RSUD+Embung+Fatimah+Batam/data=!4m10!3m9!1s0x31d98d98c1b1b327:0x46e2ddf3b1e2dea1!5m2!4m1!1i2!8m2!3d1.0492312!4d103.9690562!16s%2Fg%2F11h1kw7634!19sChIJJ7OxwZiN2TERod7isfPd4kY?authuser=0&hl=en&rclk=1,3.0,Hospitality,Indonesia.Batam.Hotel.202408042041.db,places,null_required_column
3864,OYO 92741 Octav Homestay,3.0,2,0,,[],"Hangnadim Internasional Airp, 1 Taman Kota 60 SPBU Taman Kota, Grandmall, Batam City, Riau Islands 29432, Indonesia",[],+62 21 29707601,1.1316937,104.0100489,https://www.google.com/maps/place/OYO+92741+Octav+Homestay/data=!4m10!3m9!1s0x31d9890ed782a82f:0x1037a5a729cb9639!5m2!4m1!1i2!8m2!3d1.1316937!4d104.0100489!16s%2Fg%2F11v3mhq5j8!19sChIJL6iC1w6J2TEROZbLKaelNxA?authuser=0&hl=en&rclk=1,0.0,Hospitality,Indonesia.Batam.Hotel.202408042041.db,places,null_required_column
3865,RedDoorz near Universitas Riau Kepulauan,0.0,0,0,,[],"Sebelah UNRIKA) UNRIKA, 100, Jl. Pahlawan No.100, Bukit Tempayan, Kec. Batu Aji, Kota Batam, Kepulauan Riau 29425, Indonesia",[],+62 21 80629666,1.0477212,103.9682719,https://www.google.com/maps/place/RedDoorz+near+Universitas+Riau+Kepulauan/data=!4m10!3m9!1s0x31d98de45d1c35e3:0xba1dd6c842e45068!5m2!4m1!1i2!8m2!3d1.0477212!4d103.9682719!16s%2Fg%2F11y5v_v055!19sChIJ4zUcXeSN2TERaFDkQsjWHbo?authuser=0&hl=en&rclk=1,3.0,Hospitality,Indonesia.Batam.Hotel.202408042041.db,places,null_required_column
3867,Hotel Hallo Batam,4.2,122,0,,[],"Jl. Komp. Bumi Indah Blok V No.33, 34, 35, Lubuk Baja Kota, Kec. Lubuk Baja, Kota Batam, Kepulauan Riau 29444, Indonesia",[],,1.1453672,104.0084614,https://www.google.com/maps/place/Hotel+Hallo+Batam/data=!4m10!3m9!1s0x31d9898773252ccb:0xfb3b674fb9342379!5m2!4m1!1i2!8m2!3d1.1453672!4d104.0084614!16s%2Fg%2F11bycg69rt!19sChIJyywlc4eJ2TEReSM0uU9nO_s?authuser=0&hl=en&rclk=1,0.0,Hospitality,Indonesia.Batam.Hotel.202408042041.db,places,null_required_column
3868,Hotel Holie,4.3,311,0,,[],"Komplek Ruko City Point, Jl. Letjend Suprapto No.11-15, Buliang, Kec. Batu Aji, Kota Batam, Kepulauan Riau 29439, Indonesia",[],+62 853-6429-2075,1.0569564,103.9659294,https://www.google.com/maps/place/Hotel+Holie/data=!4m10!3m9!1s0x31d98da8c5519855:0x120dc8a6bb77a186!5m2!4m1!1i2!8m2!3d1.0569564!4d103.9659294!16s%2Fg%2F11b6dgbzz6!19sChIJVZhRxaiN2TERhqF3u6bIDRI?authuser=0&hl=en&rclk=1,3.0,Hospitality,Indonesia.Batam.Hotel.202408042041.db,places,null_required_column
3871,Harmoni Hotel,4.3,1,0,,[],"Jl. Imam Bonjol no.1 Nagoya, Lubuk Baja Batam Kepulauan Riau, Sungai Jodoh, Kec. Batu Ampar, Kota Batam, Kepulauan Riau 29444, Indonesia",[],,1.1497957,104.0077378,https://www.google.com/maps/place/Harmoni+Hotel/data=!4m10!3m9!1s0x31d9894dd3a408ab:0x6e9b75001a0899e!5m2!4m1!1i2!8m2!3d1.1497957!4d104.0077378!16s%2Fg%2F11g0hsd_t1!19sChIJqwik002J2TERnomgAVC36QY?authuser=0&hl=en&rclk=1,0.0,Hospitality,Indonesia.Batam.Hotel.202408042041.db,places,null_required_column
3878,Blitz Hotel Batam Near Sultan Mahmud Ri ayat Shah Mosque,4.1,475,0,,[],"Tunas Regency, Komplek Pertokoan Fanindo, Jl. Brigjen Katamso No.Km. 4 Blok A2, Sungai Binti, Kec. Sagulung, Kota Batam, Kepulauan Riau 29439, Indonesia",[],,1.0490713,103.9337768,https://www.google.com/maps/place/Blitz+Hotel+Batam+Near+Sultan+Mahmud+Ri%27ayat+Shah+Mosque/data=!4m10!3m9!1s0x31d98d3eef63f5ad:0x95ad38557f0477a0!5m2!4m1!1i2!8m2!3d1.0490713!4d103.9337768!16s%2Fg%2F11bc7mkn_2!19sChIJrfVj7z6N2TERoHcEf1U4rZU?authuser=0&hl=en&rclk=1,3.0,Hospitality,Indonesia.Batam.Hotel.202408042041.db,places,null_required_column
3879,Namii Hotel,4.3,121,0,,[],"Ruko Taman Nagoya Indah Blok C1 No.12A/12B, Batu Selicin, Kec. Lubuk Baja, Kota Batam, Kepulauan Riau 29444, Indonesia",[],,1.1410483,104.0055507,https://www.google.com/maps/place/Namii+Hotel/data=!4m10!3m9!1s0x31d98a2af5a6f935:0x8f7e3b51d1807bfd!5m2!4m1!1i2!8m2!3d1.1410483!4d104.0055507!16s%2Fg%2F11gxrvz76b!19sChIJNfmm9SqK2TER_XuA0VE7fo8?authuser=0&hl=en&rclk=1,0.0,Hospitality,Indonesia.Batam.Hotel.202408042041.db,places,null_required_column
3881,Hotel Kolekta,4.0,119,0,,[],"Jl. Raden Patah No.12A, Lubuk Baja Kota, Kec. Lubuk Baja, Kota Batam, Kepulauan Riau 29444, Indonesia",[],,1.139067,104.014336,https://www.google.com/maps/place/Hotel+Kolekta/data=!4m10!3m9!1s0x31d98982750dee9b:0xda926f68f04bc276!5m2!4m1!1i2!8m2!3d1.139067!4d104.014336!16s%2Fg%2F1hc6wy74h!19sChIJm-4NdYKJ2TERdsJL8Ghvkto?authuser=0&hl=en&rclk=1,0.0,Hospitality,Indonesia.Batam.Hotel.202408042041.db,places,null_required_column
3888,OYO 1327 Avava Inn,5.0,1,0,,[],"Komplek Nagoya Hill Superblock, Blk. C No.8 ,9, 10, Sungai Langkai, Kec. Sagulung, Kota Batam, Kepulauan Riau 29444, Indonesia",[],+62 21 29707601,1.0287773,103.9759129,https://www.google.com/maps/place/OYO+1327+Avava+Inn/data=!4m10!3m9!1s0x31d98d89b126adc7:0xf1e8b8e5167824c!5m2!4m1!1i2!8m2!3d1.0287773!4d103.9759129!16s%2Fg%2F11hzxyy7y6!19sChIJx60msYmN2TERTIJnUY6LHg8?authuser=0&hl=en&rclk=1,-1.0,Hospitality,Indonesia.Batam.Hotel.202408042041.db,places,null_required_column
3890,Airy Pandawa Pertokoan Limanda Blok D 6 Batam,4.2,17,0,,[],"Komplek Pertokoan Limanda, Jl. Letjen R. Suprapto No.6 - 8 Blok D, Buliang, Batu Aji, Batam City, Riau Islands 29438, Indonesia",[],+62 804 111 2479,1.0459693,103.9702863,https://www.google.com/maps/place/Airy+Pandawa+Pertokoan+Limanda+Blok+D+6+Batam/data=!4m10!3m9!1s0x31d98da282b322d1:0x1f4deff2501faf29!5m2!4m1!1i2!8m2!3d1.0459693!4d103.9702863!16s%2Fg%2F11csqtlc11!19sChIJ0SKzgqKN2TERKa8fUPLvTR8?authuser=0&hl=en&rclk=1,3.0,Hospitality,Indonesia.Batam.Hotel.202408042041.db,places,null_required_column
3892,NIDA Rooms Water Front Batam,0.0,0,0,,[],"Komplek Jodoh Square, Blok E 53-56, Jodoh River, Batam, Batam City, Riau Islands 29444, Indonesia",[],+62 21 80630755,1.1529286,104.0051875,https://www.google.com/maps/place/NIDA+Rooms+Water+Front+Batam/data=!4m10!3m9!1s0x31d98a20cd0a46ef:0x3bd1141055debd19!5m2!4m1!1i2!8m2!3d1.1529286!4d104.0051875!16s%2Fg%2F11g9r1d0g4!19sChIJ70YKzSCK2TERGb3eVRAU0Ts?authuser=0&hl=en&rclk=1,0.0,Hospitality,Indonesia.Batam.Hotel.202408042041.db,places,null_required_column
3894,OYO Life 2579 Kost Anggun 2,4.8,8,0,,[],"Jl. Pepaya, Kabil, Kecamatan Nongsa, Kota Batam, Kepulauan Riau 29433, Indonesia",[],+62 21 29707601,1.03961,104.076584,https://www.google.com/maps/place/OYO+Life+2579+Kost+Anggun+2/data=!4m10!3m9!1s0x31d98fc20b52a64f:0xd22a9e5446b7e89b!5m2!4m1!1i2!8m2!3d1.03961!4d104.076584!16s%2Fg%2F11lk_lykmy!19sChIJT6ZSC8KP2TERm-i3RlSeKtI?authuser=0&hl=en&rclk=1,-1.0,Hospitality,Indonesia.Batam.Hotel.202408042041.db,places,null_required_column
3895,OYO Life 2572 Tachi Stay Guest House Syariah,4.7,22,0,,[],"Teluk Tering, Batam Kota, Batam City, Riau Islands, Indonesia",[],+62 21 29707601,1.1190165,104.0370772,https://www.google.com/maps/place/OYO+Life+2572+Tachi+Stay+Guest+House+Syariah/data=!4m10!3m9!1s0x31d989806da14c4d:0x36cba61add0d5734!5m2!4m1!1i2!8m2!3d1.1190165!4d104.0370772!16s%2Fg%2F11h84fbpcy!19sChIJTUyhbYCJ2TERNFcN3RqmyzY?authuser=0&hl=en&rclk=1,0.0,Hospitality,Indonesia.Batam.Hotel.202408042041.db,places,null_required_column
3896,OYO 3405 Mini Homestay,0.0,0,0,,[],"No. 5 Komp Angkasa, Blk. V No.5, Kec. Lubuk Baja, Kota Batam, Kepulauan Riau 29444, Indonesia",[],+62 21 29707601,1.1442857,104.0043215,https://www.google.com/maps/place/OYO+3405+Mini+Homestay/data=!4m10!3m9!1s0x31d98be134e1ae73:0x9037881795eb686a!5m2!4m1!1i2!8m2!3d1.1442857!4d104.0043215!16s%2Fg%2F11ftgq5h47!19sChIJc67hNOGL2TERamjrlReIN5A?authuser=0&hl=en&rclk=1,0.0,Hospitality,Indonesia.Batam.Hotel.202408042041.db,places,null_required_column
3897,OYO 90507 Hotel Kundur,0.0,0,0,,[],"5243+3P4, Baloi, Sungai Jodoh, Batam Center, Kota Batam, Kepulauan Riau 29444, Indonesia",[],+62 804 104 0040,1.155134,104.004333,https://www.google.com/maps/place/OYO+90507+Hotel+Kundur/data=!4m10!3m9!1s0x31d98a20fffffff1:0x5db45ece4a4ae8d3!5m2!4m1!1i2!8m2!3d1.155134!4d104.004333!16s%2Fg%2F11rtcrddb9!19sChIJ8f___yCK2TER0-hKSs5etF0?authuser=0&hl=en&rclk=1,0.0,Hospitality,Indonesia.Batam.Hotel.202408042041.db,places,null_required_column
3898,OYO 91296 Nagoya Guesthouse,0.0,0,0,,[],"3, RW.Baloi, Lubuk Baja Kota, Kota Batam, Kepulauan Riau 29454, Indonesia",[],+62 21 29707601,1.1480855,104.0154403,https://www.google.com/maps/place/OYO+91296+Nagoya+Guesthouse/data=!4m10!3m9!1s0x31d9897eea1bffff:0x556e8740739e5762!5m2!4m1!1i2!8m2!3d1.1480855!4d104.0154403!16s%2Fg%2F11t1bc57sn!19sChIJ__8b6n6J2TERYleec0CHblU?authuser=0&hl=en&rclk=1,0.0,Hospitality,Indonesia.Batam.Hotel.202408042041.db,places,null_required_column
3900,OYO 92553 Caitlin Homestay,0.0,0,0,,[],"1, Jl. Imam Bonjol-Komplek, Lubuk Baja, Batam City, Riau Islands 29444, Indonesia",[],,1.144845,104.005084,https://www.google.com/maps/place/OYO+92553+Caitlin+Homestay/data=!4m10!3m9!1s0x31d98a29bcc94d9d:0x65cf35aa9264b7f7!5m2!4m1!1i2!8m2!3d1.144845!4d104.005084!16s%2Fg%2F11vldjfszz!19sChIJnU3JvCmK2TER97dkkqo1z2U?authuser=0&hl=en&rclk=1,0.0,Hospitality,Indonesia.Batam.Hotel.202408042041.db,places,null_required_column
3907,Newton Hotel & Spa,4.4,694,0,,,"Komp nagoya newton blok M NO 10, Lubuk Baja Kota, Kec. Lubuk Baja, Kota Batam, Kepulauan Riau 29444, Indonesia",[object Object],+62 778 451177,1.1436029,104.0057411,https://www.google.com/maps/place/Newton+Hotel+%26+Spa/data=!4m10!3m9!1s0x31d98a2a2199af49:0x6d238c62f5fbe5e0!5m2!4m1!1i2!8m2!3d1.1436029!4d104.0057411!16s%2Fg%2F11bccgj72t!19sChIJSa-ZISqK2TER4OX79WKMI20?authuser=0&hl=en&rclk=1,0.0,Hospitality,Indonesia.Batam.Hotel.202408042041.db,places,null_required_column
3908,Hotel Golden Gate,4.0,438,0,,,"Selikin Lubuk Bajana Goya, Komplek Ruko Golden Gate Blok F1-3 Jalan Imam Bonjol-Plaza Square Batu, Batu Selicin, Kec. Lubuk Baja, Kota Batam, Kepulauan Riau 29444, Indonesia",[object Object],+62 778 458571,1.1398171,104.0016283,https://www.google.com/maps/place/Hotel+Golden+Gate/data=!4m10!3m9!1s0x31d98a2b5f0a8c33:0x7ca5be32d42d2c97!5m2!4m1!1i2!8m2!3d1.1398171!4d104.0016283!16s%2Fg%2F12hlnw_hy!19sChIJM4wKXyuK2TERlywt1DK-pXw?authuser=0&hl=en&rclk=1,0.0,Hospitality,Indonesia.Batam.Hotel.202408042041.db,places,null_required_column
3912,Terang Bintang Hotel,3.9,202,0,,,"Blok J No. 7-8-9 Komplek Newton Jalan Komplek Newton, Lubuk Baja Kota, Kec. Lubuk Baja, Kota Batam, Kepulauan Riau 29432, Indonesia",[object Object],+62 21 29706666,1.1445948,104.0050471,https://www.google.com/maps/place/Terang+Bintang+Hotel/data=!4m10!3m9!1s0x31d98a2a6d03e071:0xd4a71163614bdfd1!5m2!4m1!1i2!8m2!3d1.1445948!4d104.0050471!16s%2Fg%2F11bc7sp5z1!19sChIJceADbSqK2TER0d9LYWMRp9Q?authuser=0&hl=en&rclk=1,0.0,Hospitality,Indonesia.Batam.Hotel.202408042041.db,places,null_required_column
3948,Kiki Beach Resort Batam,4.3,190,0,,,"Sijantung, Galang, Batam City, Riau Islands 29485, Indonesia",[object Object],+62 811-7771-920,0.7422752,104.2640563,https://www.google.com/maps/place/Kiki+Beach+Resort+Batam/data=!4m10!3m9!1s0x31d9a74c4953664b:0x4a6f8b1a0e288f47!5m2!4m1!1i2!8m2!3d0.7422752!4d104.2640563!16s%2Fg%2F11qq5kc3d2!19sChIJS2ZTSUyn2TERR48oDhqLb0o?authuser=0&hl=en&rclk=1,-1.0,Hospitality,Indonesia.Batam.Hotel.202408042041.db,places,null_required_column
3949,Kelong Almira Resort,4.4,163,0,,,"Q5HH+49R, Sijantung, Galang, Batam City, Riau Islands 29481, Indonesia",[object Object],,0.7778551,104.1784043,https://www.google.com/maps/place/Kelong+Almira+Resort/data=!4m10!3m9!1s0x31d9a554e3220ae9:0x3c28549504c6f6d2!5m2!4m1!1i2!8m2!3d0.7778551!4d104.1784043!16s%2Fg%2F11g4hpz7d3!19sChIJ6Qoi41Sl2TER0vbGBJVUKDw?authuser=0&hl=en&rclk=1,4.0,Hospitality,Indonesia.Batam.Hotel.202408042041.db,places,null_required_column
3964,Hotel Laksana Inn,3.6,243,0,,,"Lubuk Baja Kota, Lubuk Baja, Batam City, Riau Islands 29444, Indonesia",[object Object],+62 778 458482,1.1456478,104.0102461,https://www.google.com/maps/place/Hotel+Laksana+Inn/data=!4m10!3m9!1s0x31d989865589e6a9:0x72f2b42722416950!5m2!4m1!1i2!8m2!3d1.1456478!4d104.0102461!16s%2Fg%2F1hm2fcyr8!19sChIJqeaJVYaJ2TERUGlBIie08nI?authuser=0&hl=en&rclk=1,0.0,Hospitality,Indonesia.Batam.Hotel.202408042041.db,places,null_required_column
3980,Hotel Harapan Baru,4.3,267,0,,,"Komplek Penuin Center, Kompleks Jl. Bunga Raya Blok OC No. 1 & 2, Batu Selicin, Kec. Lubuk Baja, Kota Batam, Kepulauan Riau 29441, Indonesia",[object Object],+62 821-7355-8899,1.1340373,104.0110473,https://www.google.com/maps/place/Hotel+Harapan+Baru/data=!4m10!3m9!1s0x31d9897c27a42145:0x7574149fd87c2ca3!5m2!4m1!1i2!8m2!3d1.1340373!4d104.0110473!16s%2Fg%2F1hm4jtvd6!19sChIJRSGkJ3yJ2TERoyx82J8UdHU?authuser=0&hl=en&rclk=1,0.0,Hospitality,Indonesia.Batam.Hotel.202408042041.db,places,null_required_column
3989,Delmora the Villa,3.8,5,0,,,"Pantai new melur, Sijantung, Galang, Kota Batam, Kepulauan Riau 29244, Indonesia",[object Object],+62 811-7777-203,0.7568575,104.1869144,https://www.google.com/maps/place/Delmora+the+Villa/data=!4m10!3m9!1s0x31d9a5493ddcd7a7:0x3879c3c2787206a0!5m2!4m1!1i2!8m2!3d0.7568575!4d104.1869144!16s%2Fg%2F11y1mtvy6w!19sChIJp9fcPUml2TERoAZyeMLDeTg?authuser=0&hl=en&rclk=1,4.0,Hospitality,Indonesia.Batam.Hotel.202408042041.db,places,null_required_column
3991,Blue Mountain Kelong,4.5,34,0,,,"W677+FGF, Subang Mas, Galang, Kota Batam, Kepulauan Riau 29483, Indonesia",[object Object],,0.9136983,104.2138026,https://www.google.com/maps/place/Blue+Mountain+Kelong/data=!4m10!3m9!1s0x31d99f205dd86615:0xcce40092f0560c37!5m2!4m1!1i2!8m2!3d0.9136983!4d104.2138026!16s%2Fg%2F11b7wc5z0l!19sChIJFWbYXSCf2TERNwxW8JIA5Mw?authuser=0&hl=en&rclk=1,-1.0,Hospitality,Indonesia.Batam.Hotel.202408042041.db,places,null_required_column
3995,Nagoya Hill Hotel,4.4,4378,0,,,"Nagoya Hill Superblok, Jl. Teuku Umar No.1, Lubuk Baja Kota, Kec. Lubuk Baja, Kota Batam, Kepulauan Riau 29432, Indonesia",[object Object],+62 778 4034888,1.1466136,104.0135039,https://www.google.com/maps/place/Nagoya+Hill+Hotel/data=!4m10!3m9!1s0x31d9898674db4523:0x1a39bf29a628931!5m2!4m1!1i2!8m2!3d1.1466136!4d104.0135039!16s%2Fg%2F11bc7d6q2_!19sChIJI0XbdIaJ2TERMYlimvKbowE?authuser=0&hl=en&rclk=1,0.0,Hospitality,Indonesia.Batam.Hotel.202408042041.db,places,null_required_column
4015,Batam Star Hotel,4.1,282,0,,,"Kompleks Nagoya Square, Jl. Imam Bonjol No.68, Sungai Jodoh, Kec. Batu Ampar, Kota Batam, Kepulauan Riau 29444, Indonesia",[object Object],+62 778 456839,1.150904,104.009259,https://www.google.com/maps/place/Batam+Star+Hotel/data=!4m10!3m9!1s0x31d98989b75319bf:0xad62c6363364d5c9!5m2!4m1!1i2!8m2!3d1.150904!4d104.009259!16s%2Fg%2F1hm61bktm!19sChIJvxlTt4mJ2TERydVkMzbGYq0?authuser=0&hl=en&rclk=1,0.0,Hospitality,Indonesia.Batam.Hotel.202408042041.db,places,null_required_column
4016,Hotel Megah,4.2,150,0,,,"Jl. Bukit Senang, Tj. Balai Karimun, Kec. Karimun, Kabupaten Karimun, Kepulauan Riau 29661, Indonesia",[object Object],,0.99353,103.4308397,https://www.google.com/maps/place/Hotel+Megah/data=!4m10!3m9!1s0x31d75a3595555555:0xbca5123e7fcfddb1!5m2!4m1!1i2!8m2!3d0.99353!4d103.4308397!16s%2Fg%2F11clygz2xl!19sChIJVVVVlTVa1zERsd3Pfz4Spbw?authuser=0&hl=en&rclk=1,-1.0,Hospitality,Indonesia.Batam.Hotel.202408042041.db,places,null_required_column
4017,SPOT ON 91781 Solo Baru Homestay Syariah (2-star hotel),0.0,0,0,,,"HARBOURBAY MALL, 10 Batam, Kepulauan Riau, 29400, Jl. Nagoya Hill, SHOPPIN, Kota Batam, Kepulauan Riau 29443, Indonesia",[object Object],+62 21 29707601,1.1514845,104.0060822,https://www.google.com/maps/place/SPOT+ON+91781+Solo+Baru+Homestay+Syariah/data=!4m10!3m9!1s0x31d98b9fb4471019:0x82cd823e6332ab!5m2!4m1!1i2!8m2!3d1.1514845!4d104.0060822!16s%2Fg%2F11trfmqc98!19sChIJGRBHtJ-L2TERqzJjPoLNggA?authuser=0&hl=en&rclk=1,0.0,Hospitality,Indonesia.Batam.Hotel.202408042041.db,places,null_required_column
4018,Hotel H3,3.9,141,0,,,"XCVH+8WQ, Jl. Ampera, Tj. Balai Karimun, Kec. Karimun, Kabupaten Karimun, Kepulauan Riau 29661, Indonesia",[object Object],+62 777 326798,0.9933328,103.4298665,https://www.google.com/maps/place/Hotel+H3/data=!4m10!3m9!1s0x31d75a3537b088ed:0xd81928c63efbd177!5m2!4m1!1i2!8m2!3d0.9933328!4d103.4298665!16s%2Fg%2F11cjh__bg8!19sChIJ7YiwNzVa1zERd9H7PsYoGdg?authuser=0&hl=en&rclk=1,-1.0,Hospitality,Indonesia.Batam.Hotel.202408042041.db,places,null_required_column
4025,Furama Wisma,2.8,4,0,,,"JL Nagoya, Komplek Nagoya Business Centre Blok 6, Lubuk Baja Kota, Kec. Lubuk Baja, Kota Batam, Kepulauan Riau 29465, Indonesia",[object Object],+62 778 455276,1.1457554,104.0072155,https://www.google.com/maps/place/Furama+Wisma/data=!4m10!3m9!1s0x31d989864e507053:0xfd3a3417bfb8fd01!5m2!4m1!1i2!8m2!3d1.1457554!4d104.0072155!16s%2Fg%2F11bc7mrwch!19sChIJU3BQToaJ2TERAf24vxc0Ov0?authuser=0&hl=en&rclk=1,0.0,Hospitality,Indonesia.Batam.Hotel.202408042041.db,places,null_required_column
4028,Agung Hotel,3.8,171,0,,,"42V4+QH2, Lubuk Baja Kota, Lubuk Baja, Batam City, Riau Islands 29444, Indonesia",[object Object],+62 778 450719,1.1443905,104.006402,https://www.google.com/maps/place/Agung+Hotel/data=!4m10!3m9!1s0x31d98a29e895efcb:0x5c6a3d263fb372a6!5m2!4m1!1i2!8m2!3d1.1443905!4d104.006402!16s%2Fg%2F11c2j29rfv!19sChIJy--V6CmK2TERpnKzPyY9alw?authuser=0&hl=en&rclk=1,0.0,Hospitality,Indonesia.Batam.Hotel.202408042041.db,places,null_required_column
4031,OYO 1635 New Star hotel (New Star Hotel),4.0,254,0,,,"Komp. Nagoya Centre Blok B No. 5, RW.9, Sungai Jodoh, Kec. Batu Ampar, Kota Batam, Kepulauan Riau 29444, Indonesia",[object Object],+62 21 29707601,1.149035,104.0071607,https://www.google.com/maps/place/OYO+1635+New+Star+hotel/data=!4m10!3m9!1s0x31d98989bb51d663:0x40362db304367632!5m2!4m1!1i2!8m2!3d1.149035!4d104.0071607!16s%2Fg%2F1hm519szq!19sChIJY9ZRu4mJ2TERMnY2BLMtNkA?authuser=0&hl=en&rclk=1,0.0,Hospitality,Indonesia.Batam.Hotel.202408042041.db,places,null_required_column
4033,OYO 1581 Hotel Grand Palace,3.1,12,0,,,"Business Center, Komplek Nagoya, Lubuk Baja Kota, Lubuk Baja, Batam City, Riau Islands 29432, Indonesia",[object Object],+62 21 29707601,1.1458539,104.0074205,https://www.google.com/maps/place/OYO+1581+Hotel+Grand+Palace/data=!4m10!3m9!1s0x31d9898781d344cb:0x60977cd4ab184603!5m2!4m1!1i2!8m2!3d1.1458539!4d104.0074205!16s%2Fg%2F11h9pc3sn1!19sChIJy0TTgYeJ2TERA0YYq9R8l2A?authuser=0&hl=en&rclk=1,0.0,Hospitality,Indonesia.Batam.Hotel.202408042041.db,places,null_required_column
4056,california hotel,3.4,42,0,,,"24PJ+VVV, Jl. Patimura, Kabil, Kecamatan Nongsa, Kota Batam, Kepulauan Riau 29467",[object Object],0857-6626-5702,1.0372336,104.1321848,https://www.google.com/maps/place/california+hotel/data=!4m10!3m9!1s0x31d9853af5ba4f3b:0x6b3a3e47aef3c1bc!5m2!4m1!1i2!8m2!3d1.0372336!4d104.1321848!16s%2Fg%2F11d_26k8d9!19sChIJO0-69TqF2TERvMHzrkc-Oms?authuser=0&hl=en&rclk=1,-1.0,Hospitality,Indonesia.Batam.Hotel.202408042041.db,places,null_required_column
4058,OYO Life 2583 Kost Anggun,4.3,12,0,,,"Blk. E No.17, Duriangkang, Kec. Sei Beduk, Kota Batam, Kepulauan Riau 29444",[object Object],(021) 29707601,1.0339907,104.0580308,https://www.google.com/maps/place/OYO+Life+2583+Kost+Anggun/data=!4m10!3m9!1s0x31d98f31ad05afaf:0x10920ce22029a365!5m2!4m1!1i2!8m2!3d1.0339907!4d104.0580308!16s%2Fg%2F11fr6spsf_!19sChIJr68FrTGP2TERZaMpIOIMkhA?authuser=0&hl=en&rclk=1,-1.0,Hospitality,Indonesia.Batam.Hotel.202408042041.db,places,null_required_column
4078,OS Hotel Batu Aji Batam,4.0,229,0,,,"Ruko Limanda, Jl. Letjend Suprapto No.1-3, Buliang, Kec. Batu Aji, Kota Batam, Kepulauan Riau 29438",[object Object],0813-6520-2001,1.045819,103.9705324,https://www.google.com/maps/place/OS+Hotel+Batu+Aji+Batam/data=!4m10!3m9!1s0x31d98d6cde03fc4b:0xa40ee2c97f92cc9c!5m2!4m1!1i2!8m2!3d1.045819!4d103.9705324!16s%2Fg%2F11h_ycj61g!19sChIJS_wD3myN2TERnMySf8niDqQ?authuser=0&hl=en&rclk=1,3.0,Hospitality,Indonesia.Batam.Hotel.202408042041.db,places,null_required_column
4086,OYO 90527 Homestay 81 Baloi - A,4.8,6,0,,,"Jabal Arafah Mosque, 09 Baloi, Batu Selicin, Batam, Kepulauan Riau, Kota Batam, Banten 29432",[object Object],(021) 29707601,1.1298964,104.0127689,"https://www.google.com/maps/place/OYO+90527+Homestay+81+Baloi+-+A/@1.1298964,104.0127689,17z/data=!3m1!4b1!4m9!3m8!1s0x31d9896d25fbdce3:0xaa13f9e3ddbf233b!5m2!4m1!1i2!8m2!3d1.1298964!4d104.0127689!16s%2Fg%2F11q8g7fc9j?authuser=0&hl=en&entry=ttu",0.0,Hospitality,Indonesia.Batam.Hotel.202408042041.db,places,null_required_column
4117,OYO 91974 Alfisal Syariah,3.7,9,0,,,"Jl. Bukit Palem Permai No.1, Belian, Kec. Batam Kota, Kota Batam, Kepulauan Riau 29464",[object Object],(021) 29707601,1.1110357,104.0798366,https://www.google.com/maps/place/OYO+91974+Alfisal+Syariah/data=!4m10!3m9!1s0x31d988b9b99c0001:0x62c07b14c0a3693c!5m2!4m1!1i2!8m2!3d1.1110357!4d104.0798366!16s%2Fg%2F11tmr3wsf7!19sChIJAQCcubmI2TERPGmjwBR7wGI?authuser=0&hl=en&rclk=1,-1.0,Hospitality,Indonesia.Batam.Hotel.202408042041.db,places,null_required_column
4119,Urbanview Hotel Crystal Nagoya Batam by RedDoorz,4.0,2,0,,,"Jalan Komp Nagoya Point No.5 6, RW.7, Lubuk Baja Kota, Kec. Lubuk Baja, Kota Batam, Kepulauan Riau 29432",[object Object],(021) 80629666,1.1433848,104.0048337,https://www.google.com/maps/place/Urbanview+Hotel+Crystal+Nagoya+Batam+by+RedDoorz/data=!4m10!3m9!1s0x31d989f95a5b4df7:0xbf50b611b48138e0!5m2!4m1!1i2!8m2!3d1.1433848!4d104.0048337!16s%2Fg%2F11tr_jpjvv!19sChIJ901bWvmJ2TER4DiBtBG2UL8?authuser=0&hl=en&rclk=1,0.0,Hospitality,Indonesia.Batam.Hotel.202408042041.db,places,null_required_column
4129,WSL Hotel Mitra Reddoorz,3.7,6,0,,,"Kompleks pertokoan marina centre, no. 11 & 12, Lubuk Baja Kota, Kec. Lubuk Baja, Kota Batam, Kepulauan Riau 29461",[object Object],0811-6668-661,1.1474977,104.003566,https://www.google.com/maps/place/WSL+Hotel+Mitra+Reddoorz/data=!4m10!3m9!1s0x31d9896c3508db29:0x151e30f70763f5e7!5m2!4m1!1i2!8m2!3d1.1474977!4d104.003566!16s%2Fg%2F11srky3wyk!19sChIJKdsINWyJ2TER5_VjB_cwHhU?authuser=0&hl=en&rclk=1,0.0,Hospitality,Indonesia.Batam.Hotel.202408042041.db,places,null_required_column
4136,Garden Homestay Batam,5.0,2,0,,,"Taman Bepede Indah, Jalan Raja Ali Kelana, Blk. A No.10, Belian, Kec. Batam Kota, Kota Batam, Kepulauan Riau 29464",[object Object],0811-696-845,1.10638,104.090324,https://www.google.com/maps/place/Garden+Homestay+Batam/data=!4m10!3m9!1s0x31d9890a24d03125:0x352c8a0a29efec9!5m2!4m1!1i2!8m2!3d1.10638!4d104.090324!16s%2Fg%2F11fj3137gn!19sChIJJTHQJAqJ2TERyf6eoqDIUgM?authuser=0&hl=en&rclk=1,-1.0,Hospitality,Indonesia.Batam.Hotel.202408042041.db,places,null_required_column
4138,Sleepwell Homestay,4.8,33,0,,,"Komplek Taman Raya Blok DC No 6, RW.26, RT.001/RW.RT.001, Belian, Batam Kota, Batam City, Riau Islands 29432",[object Object],0811-7778-725,1.1181513,104.0949954,https://www.google.com/maps/place/Sleepwell+Homestay/data=!4m10!3m9!1s0x31d9892fb6a8cc47:0xf5f54ca12615cc92!5m2!4m1!1i2!8m2!3d1.1181513!4d104.0949954!16s%2Fg%2F11gy1w23h8!19sChIJR8yoti-J2TERkswVJqFM9fU?authuser=0&hl=en&rclk=1,-1.0,Hospitality,Indonesia.Batam.Hotel.202408042041.db,places,null_required_column
4141,RedDoorz   Hokkie Hotel Punggur Batam,4.3,4,0,,,"Jl. Patimura, Kabil, Kecamatan Nongsa, Kota Batam, Kepulauan Riau 29467",[object Object],(021) 80629666,1.0628326,104.1184705,https://www.google.com/maps/place/RedDoorz+@+Hokkie+Hotel+Punggur+Batam/data=!4m10!3m9!1s0x31d98594f2849a99:0x4ed24792fd0116ad!5m2!4m1!1i2!8m2!3d1.0628326!4d104.1184705!16s%2Fg%2F11j94kf7t9!19sChIJmZqE8pSF2TERrRYB_ZJH0k4?authuser=0&hl=en&rclk=1,-1.0,Hospitality,Indonesia.Batam.Hotel.202408042041.db,places,null_required_column
4145,Hotel 18,4.0,168,0,,,"42R3+CRX, Batu Selicin, Lubuk Baja, Batam City, Riau Islands 29444",[object Object],,1.1411126,104.0046192,https://www.google.com/maps/place/Hotel+18/data=!4m10!3m9!1s0x31d98a2aff433543:0x355ea8f74fdd0a5c!5m2!4m1!1i2!8m2!3d1.1411126!4d104.0046192!16s%2Fg%2F11c5z_nwqg!19sChIJQzVD_yqK2TERXArdT_eoXjU?authuser=0&hl=en&rclk=1,0.0,Hospitality,Indonesia.Batam.Hotel.202408042041.db,places,null_required_column
4151,OYO HOME STAY (Faris Kost Exclusive),4.3,8,0,,,"Jalan Raya II Town house griya KPN Blok I no. 2 & 3 Batam Center Batam Center, Belian, Kec. Batam Kota, Kota Batam, Kepulauan Riau 29464",[object Object],0811-7758-009,1.1110861,104.0887734,https://www.google.com/maps/place/OYO+HOME+STAY+%28Faris+Kost+Exclusive%29/data=!4m10!3m9!1s0x31d989cffd19aef7:0xe9bdf81a22f8978b!5m2!4m1!1i2!8m2!3d1.1110861!4d104.0887734!16s%2Fg%2F11r3kwv3ff!19sChIJ964Z_c-J2TERi5f4Ihr4vek?authuser=0&hl=en&rclk=1,-1.0,Hospitality,Indonesia.Batam.Hotel.202408042041.db,places,null_required_column
4156,OYO 1917 Mamora Homestay,3.9,75,0,,,"Ruko Aladin, Jl. Abuyaltama Blok B, Belian, Kec. Batam Kota, Kota Batam, Kepulauan Riau 29433",[object Object],(021) 29707601,1.1145002,104.0895212,https://www.google.com/maps/place/OYO+1917+Mamora+Homestay/data=!4m10!3m9!1s0x31d9890daafd5ff3:0xd19214cfea8792a2!5m2!4m1!1i2!8m2!3d1.1145002!4d104.0895212!16s%2Fg%2F11fpr89qsj!19sChIJ81_9qg2J2TERopKH6s8UktE?authuser=0&hl=en&rclk=1,-1.0,Hospitality,Indonesia.Batam.Hotel.202408042041.db,places,null_required_column
4160,Abi Homestay,4.4,22,0,,,"Jl. Raja Alikelana No.1, Belian, Kec. Batam Kota, Kota Batam, Kepulauan Riau 29432",[object Object],0813-7217-1234,1.1085131,104.0789993,https://www.google.com/maps/place/Abi+Homestay/data=!4m10!3m9!1s0x31d9899d9bf20157:0x886bfa8f752bce81!5m2!4m1!1i2!8m2!3d1.1085131!4d104.0789993!16s%2Fg%2F11h07yfclt!19sChIJVwHym52J2TERgc4rdY_6a4g?authuser=0&hl=en&rclk=1,-1.0,Hospitality,Indonesia.Batam.Hotel.202408042041.db,places,null_required_column
4166,NIDA Rooms Raden Pateh Boloi Batam at The L Hotel,4.0,1,0,,,"Jl. Raden Patah Baloi Blok III No.12, Lubuk Baja Kota, Kec. Lubuk Baja, Kota Batam, Kepulauan Riau 29444",[object Object],(021) 80630755,1.1391358,104.0136916,https://www.google.com/maps/place/NIDA+Rooms+Raden+Pateh+Boloi+Batam+at+The+L+Hotel/data=!4m10!3m9!1s0x31d9898207ea1b77:0x796f50c0c32bf485!5m2!4m1!1i2!8m2!3d1.1391358!4d104.0136916!16s%2Fg%2F11g9r1l86k!19sChIJdxvqB4KJ2TERhfQrw8BQb3k?authuser=0&hl=en&rclk=1,0.0,Hospitality,Indonesia.Batam.Hotel.202408042041.db,places,null_required_column
4175,NIDA Rooms Water Front Batam (2-star hotel),0.0,0,0,,,"Komplek Jodoh Square, Blok E 53-56, Jodoh River, Batam, Batam City, Riau Islands 29444",[object Object],(021) 80630755,1.1529286,104.0051875,https://www.google.com/maps/place/NIDA+Rooms+Water+Front+Batam/data=!4m10!3m9!1s0x31d98a20cd0a46ef:0x3bd1141055debd19!5m2!4m1!1i2!8m2!3d1.1529286!4d104.0051875!16s%2Fg%2F11g9r1d0g4!19sChIJ70YKzSCK2TERGb3eVRAU0Ts?authuser=0&hl=en&rclk=1,0.0,Hospitality,Indonesia.Batam.Hotel.202408042041.db,places,null_required_column
4176,OYO 91296 Nagoya Guesthouse (2-star hotel),0.0,0,0,,,"3, RW.Baloi, Lubuk Baja Kota, Kota Batam, Kepulauan Riau 29454",[object Object],(021) 29707601,1.1480855,104.0154403,https://www.google.com/maps/place/OYO+91296+Nagoya+Guesthouse/data=!4m10!3m9!1s0x31d9897eea1bffff:0x556e8740739e5762!5m2!4m1!1i2!8m2!3d1.1480855!4d104.0154403!16s%2Fg%2F11t1bc57sn!19sChIJ__8b6n6J2TERYleec0CHblU?authuser=0&hl=en&rclk=1,0.0,Hospitality,Indonesia.Batam.Hotel.202408042041.db,places,null_required_column
4183,Airy Batu Aji Suprapto Graha Nusa Blok A 2 Batam,4.3,40,0,,,"Jl. Letjend Suprapto, Kompleks Pertokoan Graha Nusa, Blk. A No.2, RW.5, Langkai River, Sagulung, Batam City, Riau Islands 29438",[object Object],0804 111 2479,1.0440046,103.9742638,https://www.google.com/maps/place/Airy+Batu+Aji+Suprapto+Graha+Nusa+Blok+A+2+Batam/data=!4m10!3m9!1s0x31d98d97a5addf33:0xe4558f6c36db2de7!5m2!4m1!1i2!8m2!3d1.0440046!4d103.9742638!16s%2Fg%2F11f4wt829x!19sChIJM9-tpZeN2TER5y3bNmyPVeQ?authuser=0&hl=en&rclk=1,3.0,Hospitality,Indonesia.Batam.Hotel.202408042041.db,places,null_required_column
4186,OYO 90507 Hotel Kundur (2-star hotel),0.0,0,0,,,"5243+3P4, Baloi, Sungai Jodoh, Batam Center, Kota Batam, Kepulauan Riau 29444",[object Object],0804 104 0040,1.155134,104.004333,https://www.google.com/maps/place/OYO+90507+Hotel+Kundur/data=!4m10!3m9!1s0x31d98a20fffffff1:0x5db45ece4a4ae8d3!5m2!4m1!1i2!8m2!3d1.155134!4d104.004333!16s%2Fg%2F11rtcrddb9!19sChIJ8f___yCK2TER0-hKSs5etF0?authuser=0&hl=en&rclk=1,0.0,Hospitality,Indonesia.Batam.Hotel.202408042041.db,places,null_required_column
4198,Reotel at The Nove - Nuvasa Bay,3.0,12,0,,,"Jl. Hang Lekiu, Sambau, Kecamatan Nongsa, Kota Batam, Kepulauan Riau",[object Object],0811-7788-081,1.1888029,104.0866094,https://www.google.com/maps/place/Reotel+at+The+Nove+-+Nuvasa+Bay/data=!4m10!3m9!1s0x31da275a21c1a34f:0x4da7d2c8538d4f76!5m2!4m1!1i2!8m2!3d1.1888029!4d104.0866094!16s%2Fg%2F11trlxc95n!19sChIJT6PBIVon2jERdk-NU8jSp00?authuser=0&hl=en&rclk=1,-1.0,Hospitality,Indonesia.Batam.Hotel.202408042041.db,places,null_required_column
4205,MTC Inn,4.5,142,0,,,"Mega techno city, Komplek No.11 Blok AF No.8, RT.08/RW.11, Batu Besar, Kecamatan Nongsa, Kota Batam, Kepulauan Riau 29466",[object Object],(0778) 7760888,1.137603,104.1128808,https://www.google.com/maps/place/MTC+Inn/data=!4m10!3m9!1s0x31d987e09519f407:0x7640ca86db4992b9!5m2!4m1!1i2!8m2!3d1.137603!4d104.1128808!16s%2Fg%2F11fhz1tssv!19sChIJB_QZleCH2TERuZJJ24bKQHY?authuser=0&hl=en&rclk=1,-1.0,Hospitality,Indonesia.Batam.Hotel.202408042041.db,places,null_required_column
4210,OYO 90005 Sydney Hotel,4.2,341,0,,,"Jalan Raja Haji Fisabilillah, Sungai Panas, Batam Kota, Batam City, Riau Islands 29444",[object Object],(021) 29707601,1.1323839,104.0989793,https://www.google.com/maps/place/OYO+90005+Sydney+Hotel/data=!4m10!3m9!1s0x31d98912f1b36989:0xb63dd6a6122eed44!5m2!4m1!1i2!8m2!3d1.1323839!4d104.0989793!16s%2Fg%2F1hm1qyw56!19sChIJiWmz8RKJ2TERRO0uEqbWPbY?authuser=0&hl=en&rclk=1,-1.0,Hospitality,Indonesia.Batam.Hotel.202408042041.db,places,null_required_column
4217,MIMI & COCO HOMESTAY,4.9,622,0,,,"Komplek Pertokoan Coastarina Blok C No.5, Kota Batam, Kepulauan Riau 29432",[object Object],0812-7633-5396,1.1525509,104.0516309,"https://www.google.com/maps/place/MIMI+%26+COCO+HOMESTAY/@1.1525509,104.0516309,17z/data=!3m1!4b1!4m9!3m8!1s0x31d9891653d3f305:0xaed198cab13f4906!5m2!4m1!1i2!8m2!3d1.1525509!4d104.0516309!16s%2Fg%2F11p0ch_638?authuser=0&hl=en&entry=ttu",0.0,Hospitality,Indonesia.Batam.Hotel.202408042041.db,places,null_required_column
4223,Hotel Santika Batam,4.8,1435,0,,,"Jl. Engku Putri No.9, Tlk. Tering, Batam Center, Kota Batam, Kepulauan Riau 29464",[object Object],(0778) 4171777,1.1294621,104.0524481,https://www.google.com/maps/place/Hotel+Santika+Batam/data=!4m10!3m9!1s0x31d9899b243f228f:0x63f0bb368303cf63!5m2!4m1!1i2!8m2!3d1.1294621!4d104.0524481!16s%2Fg%2F11ry2xk_h7!19sChIJjyI_JJuJ2TERY88Dgza78GM?authuser=0&hl=en&rclk=1,0.0,Hospitality,Indonesia.Batam.Hotel.202408042041.db,places,null_required_column
4234,TRC Bintan Resort,4.1,24,0,,,"Batu 70 Tanjung Uban, Sebong Pereh, Tanjung Uban, Kabupaten Bintan, Kepulauan Riau 19123",[object Object],+31 6 18854294,1.1366156,104.3047484,https://www.google.com/maps/place/TRC+Bintan+Resort/data=!4m10!3m9!1s0x31d97f75edb6438d:0xf1a5cee74466c094!5m2!4m1!1i2!8m2!3d1.1366156!4d104.3047484!16s%2Fg%2F11h4trs3gl!19sChIJjUO27XV_2TERlMBmROfOpfE?authuser=0&hl=en&rclk=1,-1.0,Hospitality,Indonesia.Batam.Hotel.202408042041.db,places,null_required_column
4247,Sea To Sky Villa,5.0,1,0,,,"Jl. Hang Lekiu, Sambau, Kecamatan Nongsa, Kota Batam, Kepulauan Riau 29466",[object Object],0813-7987-4117,1.1954002,104.0971913,https://www.google.com/maps/place/Sea+To+Sky+Villa/data=!4m10!3m9!1s0x31da277182bee533:0xf9325f4f893546b5!5m2!4m1!1i2!8m2!3d1.1954002!4d104.0971913!16s%2Fg%2F11t4h0zf0f!19sChIJM-W-gnEn2jERtUY1iU9fMvk?authuser=0&hl=en&rclk=1,-1.0,Hospitality,Indonesia.Batam.Hotel.202408042041.db,places,null_required_column
4253,RedDoorz   Batu Aji Batam 2,4.1,63,0,,,"Komplek Batu Bata Mas, Blk. D No.1, RW.3, Baloi Indah, Kec. Lubuk Baja, Kota Batam, Kepulauan Riau 29425",[object Object],(021) 80629666,1.0506907,103.9508204,https://www.google.com/maps/place/RedDoorz+@+Batu+Aji+Batam+2/data=!4m10!3m9!1s0x31d98d8724d409dd:0x2e674e65964ce9d5!5m2!4m1!1i2!8m2!3d1.0506907!4d103.9508204!16s%2Fg%2F11h67drr1t!19sChIJ3QnUJIeN2TER1elMlmVOZy4?authuser=0&hl=en&rclk=1,3.0,Hospitality,Indonesia.Batam.Hotel.202408042041.db,places,null_required_column
4266,OYO 795 Nipah Island Resort (Nipah Island Resort),4.2,481,0,,,"Jl. Trans Barelang Jembatan Dua, Nipah, Pulau Setokok, Kec. Bulang, Kota Batam, Kepulauan Riau 29471",[object Object],(021) 29707601,0.9780522,104.0547155,https://www.google.com/maps/place/OYO+795+Nipah+Island+Resort/data=!4m10!3m9!1s0x31d990e129c4fc73:0x41f6f28f69fdbc57!5m2!4m1!1i2!8m2!3d0.9780522!4d104.0547155!16s%2Fg%2F11c500q2mx!19sChIJc_zEKeGQ2TERV7z9aY_y9kE?authuser=0&hl=en&rclk=1,2.0,Hospitality,Indonesia.Batam.Hotel.202408042041.db,places,null_required_column
4268,BARELANG BRIDGE HOTEL (NOT Available for Booking   TIDAK tersedia untuk pemesanan),4.0,20,0,,,"Jembatan, Jl. Trans Barelang, Pulau Setokok, Kec. Bulang, Kota Batam, Kepulauan Riau 29472",[object Object],0811-7000-059,0.9795845,104.0439167,https://www.google.com/maps/place/BARELANG+BRIDGE+HOTEL+%28NOT+Available+for+Booking+%2F+TIDAK+tersedia+untuk+pemesanan%29/data=!4m10!3m9!1s0x31d99135f45d3165:0xa69f209b9594b03c!5m2!4m1!1i2!8m2!3d0.9795845!4d104.0439167!16s%2Fg%2F11j7b9yndl!19sChIJZTFd9DWR2TERPLCUlZsgn6Y?authuser=0&hl=en&rclk=1,2.0,Hospitality,Indonesia.Batam.Hotel.202408042041.db,places,null_required_column
4274,SPOT ON 92186 Penginapan Lorra (2-star hotel),0.0,0,0,,,"Jl. Imam Bonjol No.68, Tlk. Tering, Kec. Batam Kota, Kota Batam, Kepulauan Riau 29444",[object Object],0857-8887-7739,1.130077,104.05292,"https://www.google.com/maps/place/SPOT+ON+92186+Penginapan+Lorra/@1.130077,104.05292,17z/data=!3m1!4b1!4m9!3m8!1s0x31d98902bb490911:0x9fcb0cb56ebb267!5m2!4m1!1i2!8m2!3d1.130077!4d104.05292!16s%2Fg%2F11v4mbcm3w?authuser=0&hl=en&entry=ttu",0.0,Hospitality,Indonesia.Batam.Hotel.202408042041.db,places,null_required_column
4278,Intan Hotel,4.3,3,0,,,"42M5+XVQ, Batu Selicin, Lubuk Baja, Batam City, Riau Islands 29444",[object Object],(0778) 423255,1.134956,104.009729,https://www.google.com/maps/place/Intan+Hotel/data=!4m10!3m9!1s0x31d9897e640dff71:0xe9e35f95c7d2a035!5m2!4m1!1i2!8m2!3d1.134956!4d104.009729!16s%2Fg%2F1pzrn4jkc!19sChIJcf8NZH6J2TERNaDSx5Vf4-k?authuser=0&hl=en&rclk=1,0.0,Hospitality,Indonesia.Batam.Hotel.202408042041.db,places,null_required_column
4286,Airy Tanjung Uncang Taman Cipta Indah AA 10 Batam,4.3,4,0,,,"Ruko Taman Cipta Indah, Jl. Brigjen Katamso No.18 Blok AA No. 10, Tj. Uncang, Kec. Batu Aji, Kota Batam, Kepulauan Riau 29425",[object Object],0804 111 2479,1.0487472,103.9389785,https://www.google.com/maps/place/Airy+Tanjung+Uncang+Taman+Cipta+Indah+AA+10+Batam/data=!4m10!3m9!1s0x31d98d1598c21c83:0xc5e4a187697e970f!5m2!4m1!1i2!8m2!3d1.0487472!4d103.9389785!16s%2Fg%2F11fjtprf0t!19sChIJgxzCmBWN2TERD5d-aYeh5MU?authuser=0&hl=en&rclk=1,3.0,Hospitality,Indonesia.Batam.Hotel.202408042041.db,places,null_required_column
4297,Homestay 81,4.5,2,0,,,"42P4+68P, Batu Selicin, Lubuk Baja, Batam City, Riau Islands 29444, Indonesia",[object Object],,1.135599,104.0058389,https://www.google.com/maps/place/Homestay+81/data=!4m10!3m9!1s0x31d98b259ac4e0cf:0x3772f914cd282a2f!5m2!4m1!1i2!8m2!3d1.135599!4d104.0058389!16s%2Fg%2F11tndzzz9l!19sChIJz-DEmiWL2TERLyoozRT5cjc?authuser=0&hl=en&rclk=1,0.0,Hospitality,Indonesia.Batam.Hotel.202408042041.db,places,null_required_column
4298,Havis house,5.0,5,0,,,"42XX+98V, Sadai, Bengkong, Batam City, Riau Islands",[object Object],0823-4234-6789,1.1484932,104.0482886,https://www.google.com/maps/place/Havis+house/data=!4m10!3m9!1s0x31d9891a9f5bde09:0x310c489b959e8b65!5m2!4m1!1i2!8m2!3d1.1484932!4d104.0482886!16s%2Fg%2F11fpq4qzmz!19sChIJCd5bnxqJ2TERZYuelZtIDDE?authuser=0&hl=en&rclk=1,0.0,Hospitality,Indonesia.Batam.Hotel.202408042041.db,places,null_required_column
4300,Airy Purimas Residence Raja Isa Batam,3.8,11,0,,,"Komplek Purimas Blok C No. 25-28, Batam Centre, Kepulauan Riau, Teluk Tering, Batam Kota, Batam City, Riau Islands 29432, Indonesia",[object Object],+62 804 111 2479,1.1160411,104.0576356,https://www.google.com/maps/place/Airy+Purimas+Residence+Raja+Isa+Batam/data=!4m10!3m9!1s0x31d988de4c9318e9:0x72ec99558a135601!5m2!4m1!1i2!8m2!3d1.1160411!4d104.0576356!16s%2Fg%2F11c54h6mfs!19sChIJ6RiTTN6I2TERAVYTilWZ7HI?authuser=0&hl=en&rclk=1,0.0,Hospitality,Indonesia.Batam.Hotel.202408042041.db,places,null_required_column
4307,Botania Homestay Hotel & Cafe (Botania Homestay near Hang Nadim Airport Batam (ASLI)),4.1,198,0,,,"Komplek Rexvin Village Blok A1 No. 45-47, Belian, Kec. Batam Kota, Kota Batam, Kepulauan Riau 29432, Indonesia",[object Object],+62 852-7832-6004,1.131933,104.0984417,https://www.google.com/maps/place/Botania+Homestay%2FHotel+%26+Cafe/data=!4m10!3m9!1s0x31d9888242b599d5:0xbed0c5290ecb8bc2!5m2!4m1!1i2!8m2!3d1.131933!4d104.0984417!16s%2Fg%2F11hc_0myfk!19sChIJ1Zm1QoKI2TERwovLDinF0L4?authuser=0&hl=en&rclk=1,-1.0,Hospitality,Indonesia.Batam.Hotel.202408042041.db,places,null_required_column
4313,SPOT ON 92072 Restu Ibu Homestay Syariah,5.0,2,0,,,"HILL Batam, 06 Mayestic Hotel, Jalan Raja Ali Haji, Batam, Kepulauan Riau 29400, Lubuk Baja, Batam City, Riau Islands 29432, Indonesia",[object Object],+62 21 29707601,1.1513092,104.0057892,https://www.google.com/maps/place/SPOT+ON+92072+Restu+Ibu+Homestay+Syariah/data=!4m10!3m9!1s0x31d98b2697b3408f:0x13bd23aa2e846a0e!5m2!4m1!1i2!8m2!3d1.1513092!4d104.0057892!16s%2Fg%2F11tp2dzm_r!19sChIJj0CzlyaL2TERDmqELqojvRM?authuser=0&hl=en&rclk=1,0.0,Hospitality,Indonesia.Batam.Hotel.202408042041.db,places,null_required_column
4331,Airy Nagoya Raja Ali Batam,4.5,2,0,,,"Komp. Nagoya Square, Jl. Raja Ali H. No.18 Blok E no.9, Jodoh River, Batu Ampar, Batam City, Riau Islands 29432, Indonesia",[object Object],+62 804 111 2479,1.1512417,104.0098981,https://www.google.com/maps/place/Airy+Nagoya+Raja+Ali+Batam/data=!4m10!3m9!1s0x31d98989a7f7a3ff:0x3361facde30279db!5m2!4m1!1i2!8m2!3d1.1512417!4d104.0098981!16s%2Fg%2F11c0xr4v73!19sChIJ_6P3p4mJ2TER23kC4836YTM?authuser=0&hl=en&rclk=1,0.0,Hospitality,Indonesia.Batam.Hotel.202408042041.db,places,null_required_column
4336,RedDoorz near Pantai Coastarina Batam,4.0,14,0,,,"Jl. Bengkong Laut Golden City No. 1, Tanjung Buntung Batu Ampar, Tj. Buntung, Kec. Bengkong, Kota Batam, Kepulauan Riau 29453, Indonesia",[object Object],+62 21 80629666,1.1603095,104.0394126,https://www.google.com/maps/place/RedDoorz+near+Pantai+Coastarina+Batam/data=!4m10!3m9!1s0x31d989e1ac283e15:0x306684c9151e81c5!5m2!4m1!1i2!8m2!3d1.1603095!4d104.0394126!16s%2Fg%2F11fk1k1lzr!19sChIJFT4orOGJ2TERxYEeFcmEZjA?authuser=0&hl=en&rclk=1,0.0,Hospitality,Indonesia.Batam.Hotel.202408042041.db,places,null_required_column
4342,OYO 92702 Minang Jaya,4.0,1,0,,,"Hill Mall B, 5 Kampung Pelita, Batam City, Riau Islands, 29456, Lubuk Baja, Batam City, Riau Islands 29443, Indonesia",[object Object],+62 21 29707601,1.1338875,104.0305603,https://www.google.com/maps/place/OYO+92702+Minang+Jaya/data=!4m10!3m9!1s0x31d9895c69ace3af:0x3b6ac2c8b85eb696!5m2!4m1!1i2!8m2!3d1.1338875!4d104.0305603!16s%2Fg%2F11v3mh9gb7!19sChIJr-OsaVyJ2TERlrZeuMjCajs?authuser=0&hl=en&rclk=1,0.0,Hospitality,Indonesia.Batam.Hotel.202408042041.db,places,null_required_column
4343,Grand Mutiara Hotel,4.0,2,0,,,"Jl. Raden Patah, Blok III, 12 Batam Island (Indonesia), Kabil, Nongsa, Batam City, Riau Islands 29444, Indonesia",[object Object],,1.0828016,104.030042,"https://www.google.com/maps/place/Grand+Mutiara+Hotel/@1.0828016,104.030042,17z/data=!3m1!4b1!4m9!3m8!1s0x31d98ebffdf55535:0x81ca6387558beed3!5m2!4m1!1i2!8m2!3d1.0828016!4d104.030042!16s%2Fg%2F12qh1grcv?authuser=0&hl=en&entry=ttu",-1.0,Hospitality,Indonesia.Batam.Hotel.202408042041.db,places,null_required_column
4353,HJ Inn,4.8,44,0,,,"Mega techno city, Komplek Blok AF No. 1-6, RT.08/RW.11, Batu Besar, Kecamatan Nongsa, Kota Batam, Kepulauan Riau 29465",[object Object],(0778) 7630909,1.1374027,104.1130333,"https://www.google.com/maps/place/HJ+Inn/@1.1374027,104.1130333,17z/data=!3m1!4b1!4m9!3m8!1s0x31d987352d9e41f5:0xee59d81625f787f2!5m2!4m1!1i2!8m2!3d1.1374027!4d104.1130333!16s%2Fg%2F11jz85344_?authuser=0&hl=en&entry=ttu",-1.0,Hospitality,Indonesia.Batam.Hotel.202408042041.db,places,null_required_column
4357,Airy Bandara Hang Nadim Buana Vista Indah Batam,4.1,28,0,,,"Ruko Buana Vista IndahcBlok K No.92, Belian, Batam Kota, Batam City, Riau Islands 29465",[object Object],0804 111 2479,1.1313721,104.0978455,"https://www.google.com/maps/place/Airy+Bandara+Hang+Nadim+Buana+Vista+Indah+Batam/@1.1313721,104.0978455,17z/data=!3m1!4b1!4m9!3m8!1s0x31d989fd9add2f7d:0x60782bd96b53bcdb!5m2!4m1!1i2!8m2!3d1.1313721!4d104.0978455!16s%2Fg%2F11flc4bm8x?authuser=0&hl=en&entry=ttu",-1.0,Hospitality,Indonesia.Batam.Hotel.202408042041.db,places,null_required_column
4358,Hotel Bali,3.7,570,0,,,"Lubuk Baja Kota, Lubuk Baja, Batam City, Riau Islands 29444",[object Object],0889-0205-11918,1.1444237,104.0047417,"https://www.google.com/maps/place/Hotel+Bali/@1.1444237,104.0047417,17z/data=!3m1!4b1!4m9!3m8!1s0x31d98a299aeed237:0x9a0656f58f1b61e5!5m2!4m1!1i2!8m2!3d1.1444237!4d104.0047417!16s%2Fg%2F11bc7rksb6?authuser=0&hl=en&entry=ttu",0.0,Hospitality,Indonesia.Batam.Hotel.202408042041.db,places,null_required_column
4359,Wisma Batam (Wisma Kementerian Agama Batam   PIH Batam),4.3,598,0,,,"Batam Centre, Jl. Engku Putri Utara, Tlk. Tering, Kec. Batam Kota, Kota Batam, Kepulauan Riau",[object Object],(0778) 469058,1.1256093,104.0572952,"https://www.google.com/maps/place/Wisma+Batam/@1.1256093,104.0572952,17z/data=!3m1!4b1!4m9!3m8!1s0x31d988e3c9162253:0xe9376df3637d20db!5m2!4m1!1i2!8m2!3d1.1256093!4d104.0572952!16s%2Fg%2F12qgtxhbl?authuser=0&hl=en&entry=ttu",0.0,Hospitality,Indonesia.Batam.Hotel.202408042041.db,places,null_required_column
4360,KoolKost near Hang Nadim Batam Airport ( Minimum Stay  30 Night ),2.0,1,0,,,"Batu Besar, Nongsa, , Batu Besar, Belian, Kecamatan Nongsa, Kota Batam, Kepulauan Riau",[object Object],(021) 80629666,1.1409181,104.1197294,"https://www.google.com/maps/place/KoolKost+near+Hang+Nadim+Batam+Airport+(+Minimum+Stay.+30+Night+)/@1.1409181,104.1197294,17z/data=!3m1!4b1!4m9!3m8!1s0x31d9875fbe46415d:0x80b83ee36c33b2f2!5m2!4m1!1i2!8m2!3d1.1409181!4d104.1197294!16s%2Fg%2F11t0v6bphr?authuser=0&hl=en&entry=ttu",-1.0,Hospitality,Indonesia.Batam.Hotel.202408042041.db,places,null_required_column
4361,Airy Batam Centre Engku Putri 1,3.9,19,0,,,"Jl. Engku Putri No.01, Tlk. Tering, Kec. Batam Kota, Kota Batam, Kepulauan Riau 29461",[object Object],0804 111 2479,1.1332331,104.0480981,"https://www.google.com/maps/place/Airy+Batam+Centre+Engku+Putri+1/@1.1332331,104.0480981,17z/data=!3m1!4b1!4m9!3m8!1s0x31d98904118c30a9:0xbb45abfd8a2389af!5m2!4m1!1i2!8m2!3d1.1332331!4d104.0480981!16s%2Fg%2F11csgw77p4?authuser=0&hl=en&entry=ttu",0.0,Hospitality,Indonesia.Batam.Hotel.202408042041.db,places,null_required_column
4363,OYO 92585 Smiley 999,1.0,2,0,,,"Jl. Raden Patah Kampung Utama Street No.12, Tlk. Tering, Kec. Batam Kota, Kota Batam, Kepulauan Riau 29444",[object Object],0817-788-016,1.130077,104.05292,"https://www.google.com/maps/place/OYO+92585+Smiley+999/@1.130077,104.05292,17z/data=!3m1!4b1!4m9!3m8!1s0x31d98902bb490911:0xdb71fb22a8b6ed4a!5m2!4m1!1i2!8m2!3d1.130077!4d104.05292!16s%2Fg%2F11krplwfqx?authuser=0&hl=en&entry=ttu",0.0,Hospitality,Indonesia.Batam.Hotel.202408042041.db,places,null_required_column
4364,OYO 92524 D'cost Homestay (2-star hotel),0.0,0,0,,,"1, Ruko Aku Tahu 1, Panas River, Batam City, Riau Islands 29456",[object Object],0817-788-016,1.130077,104.05292,"https://www.google.com/maps/place/OYO+92524+D'cost+Homestay/@1.130077,104.05292,17z/data=!3m1!4b1!4m9!3m8!1s0x31d98902bb490911:0x38ddd982c1dc0ec4!5m2!4m1!1i2!8m2!3d1.130077!4d104.05292!16s%2Fg%2F11l2zddyhb?authuser=0&hl=en&entry=ttu",0.0,Hospitality,Indonesia.Batam.Hotel.202408042041.db,places,null_required_column
4365,Relaxing Room near Batam Centre (DI3),3.0,3,0,,,"Orchard Suite Blok B No. 1, Jl. Laksamana Bintan, Panas River, Batam Kota, Batam City, Riau Islands 29444",[object Object],,1.1211699,104.0342181,"https://www.google.com/maps/place/Relaxing+Room+near+Batam+Centre+(DI3)/@1.1211699,104.0342181,17z/data=!3m1!4b1!4m9!3m8!1s0x31d9891597c420bb:0x923aa32a09111a1f!5m2!4m1!1i2!8m2!3d1.1211699!4d104.0342181!16s%2Fg%2F11c76lq96b?authuser=0&hl=en&entry=ttu",0.0,Hospitality,Indonesia.Batam.Hotel.202408042041.db,places,null_required_column
4366,Kos azmina,5.0,3,0,,,"Perumahan Odessa, Jl. Tengku Sulung No.21 Blok C 20, Belian, Batam Kota, Batam City, Riau Islands 29464",[object Object],0813-7260-0467,1.1268807,104.1016312,"https://www.google.com/maps/place/Kos+azmina/@1.1268807,104.1016312,17z/data=!3m1!4b1!4m9!3m8!1s0x31d987c1050ee0c3:0x3885ede6e94b2d8a!5m2!4m1!1i2!8m2!3d1.1268807!4d104.1016312!16s%2Fg%2F11fsc4jfgg?authuser=0&hl=en&entry=ttu",-1.0,Hospitality,Indonesia.Batam.Hotel.202408042041.db,places,null_required_column
4368,NIDA Rooms Water Front Lubuk Baja at Batam City Hotel,1.0,1,0,,,"42M6+4J8, Komplek Penuin Center, Blok OB, Batu Selicin, Batam, Batam City, Riau Islands 29444",[object Object],(021) 80635111,1.1327846,104.0115653,"https://www.google.com/maps/place/NIDA+Rooms+Water+Front+Lubuk+Baja+at+Batam+City+Hotel/@1.1327846,104.0115653,17z/data=!3m1!4b1!4m9!3m8!1s0x31d9897e9c9d12a9:0x2230d4ecc8486824!5m2!4m1!1i2!8m2!3d1.1327846!4d104.0115653!16s%2Fg%2F11fy5j8z_l?authuser=0&hl=en&entry=ttu",0.0,Hospitality,Indonesia.Batam.Hotel.202408042041.db,places,null_required_column
4369,Hokkie Hotel - Batam Kabil Punggur,4.2,470,0,,,"Jl. Patimura, Kabil, Kecamatan Nongsa, Kota Batam, Kepulauan Riau 29467",[object Object],(0778) 7100666,1.0632466,104.122324,"https://www.google.com/maps/place/Hokkie+Hotel+-+Batam+Kabil+Punggur/@1.0632466,104.122324,17z/data=!3m1!4b1!4m9!3m8!1s0x31d985755b2b60ed:0xf2cf40ccc0198131!5m2!4m1!1i2!8m2!3d1.0632466!4d104.122324!16s%2Fg%2F11gf3fz87s?authuser=0&hl=en&entry=ttu",-1.0,Hospitality,Indonesia.Batam.Hotel.202408042041.db,places,null_required_column
4370,NIDA Rooms Nagoya Lubuk Baja at S Hotel,5.0,2,0,,,"42Q3+C39, Komp Marina Business Centre, Batu Selicin, Batam, Batam City, Riau Islands 29444",[object Object],(021) 80630755,1.138539,104.00272,"https://www.google.com/maps/place/NIDA+Rooms+Nagoya+Lubuk+Baja+at+S+Hotel/@1.138539,104.00272,17z/data=!3m1!4b1!4m9!3m8!1s0x31d98bd4b67f5a1d:0x7ba7a76c5afba215!5m2!4m1!1i2!8m2!3d1.138539!4d104.00272!16s%2Fg%2F11f04pncrs?authuser=0&hl=en&entry=ttu",0.0,Hospitality,Indonesia.Batam.Hotel.202408042041.db,places,null_required_column
4380,RedDoorz   Baloi Batam,4.3,158,0,,,"Komplek Pertokoan Wahana 757 No, RT.1/RW.5, Baloi Indah, Kec. Lubuk Baja, Kota Batam, Kepulauan Riau 29444, Indonesia",[object Object],+62 21 80629666,1.1275023,104.0053897,https://www.google.com/maps/place/RedDoorz+@+Baloi+Batam/data=!4m10!3m9!1s0x31d98b120b8037eb:0x705107f72cef1d6a!5m2!4m1!1i2!8m2!3d1.1275023!4d104.0053897!16s%2Fg%2F11gyc05kx7!19sChIJ6zeACxKL2TERah3vLPcHUXA?authuser=0&hl=en&rclk=1,0,Hospitality,Indonesia.Batam.Hotel.202408042041.db,places,null_required_column
4390,Sovrano Hotel Batam (Parkside Sovrano Hotel Batam),4.2,126,0,,,"Jl. Pembangunan No.1, RW.3, Batu Selicin, Kec. Lubuk Baja, Kota Batam, Kepulauan Riau 29444, Indonesia",[object Object],+62 811-7036-333,1.1350325,104.0083416,https://www.google.com/maps/place/Sovrano+Hotel+Batam/data=!4m10!3m9!1s0x31d989bb7a8c62b7:0xbab5365a9501c8ca!5m2!4m1!1i2!8m2!3d1.1350325!4d104.0083416!16s%2Fg%2F11h760tt78!19sChIJt2KMeruJ2TERysgBlVo2tbo?authuser=0&hl=en&rclk=1,0,Hospitality,Indonesia.Batam.Hotel.202408042041.db,places,null_required_column
4396,HOM Penuin Batam,4.5,33,0,,,"Batu Selicin, Lubuk Baja, Batam City, Riau Islands 29444, Indonesia",[object Object],+62 815-3344-3355,1.1329242,104.0114386,"https://www.google.com/maps/place/HOM+Penuin+Batam/@1.1329242,104.0114386,17z/data=!3m1!4b1!4m9!3m8!1s0x31d98932c9bcec7b:0xff79e0b2f5c1290d!5m2!4m1!1i2!8m2!3d1.1329242!4d104.0114386!16s%2Fg%2F11h8wtb929?authuser=0&hl=en&entry=ttu&g_ep=EgoyMDI0MDgyOC4wIKXMDSoASAFQAw%3D%3D",0,Hospitality,Indonesia.Batam.Hotel.202408042041.db,places,null_required_column
4420,VIVOTEL HOTEL,4.4,49,0,,,"Komp Ruko Eden Garden, Jl. Duyung No 01 to 05, Baloi Indah, Lubuk Baja, Batam City, Riau Islands 29432, Indonesia",[object Object],+62 811-7755-787,1.1373691,104.0012709,https://www.google.com/maps/place/VIVOTEL+HOTEL/data=!4m10!3m9!1s0x31d98b10869e7bdb:0xf35b0c8a44634ae9!5m2!4m1!1i2!8m2!3d1.1373691!4d104.0012709!16s%2Fg%2F11vhk4bb0r!19sChIJ23uehhCL2TER6UpjRIoMW_M?authuser=0&hl=en&rclk=1,0,Hospitality,Indonesia.Batam.Hotel.202408042041.db,places,null_required_column
4422,Permata Baloi Green,4.3,44,0,,,"Jl. Permata Baloi B3 No.5, Baloi Indah, Lubuk Baja, Batam City, Riau Islands, Indonesia",[object Object],+62 823-9277-3131,1.1311234,104.0127902,https://www.google.com/maps/place/Permata+Baloi+Green/data=!4m10!3m9!1s0x31d98972696298d1:0xe34c6a5be7e97929!5m2!4m1!1i2!8m2!3d1.1311234!4d104.0127902!16s%2Fg%2F11fmrl6sms!19sChIJ0ZhiaXKJ2TERKXnp51tqTOM?authuser=0&hl=en&rclk=1,0,Hospitality,Indonesia.Batam.Hotel.202408042041.db,places,null_required_column
4446,Citrus Hotel Johor Bahru by Compass Hospitality,3.7,2111,0,,,"16, Jalan Station, Bandar Johor Bahru, 80000 Johor Bahru, Johor, Malaysia",[object Object],+60 7-222 2888,1.4604762,103.7646612,https://www.google.com/maps/place/Citrus+Hotel+Johor+Bahru+by+Compass+Hospitality/data=!4m10!3m9!1s0x31da12dd266c1ce1:0x61b7bd861b7143b1!5m2!4m1!1i2!8m2!3d1.4604762!4d103.7646612!16s%2Fg%2F1tc_t2sr!19sChIJ4RxsJt0S2jERsUNxG4a9t2E?authuser=0&hl=en&rclk=1,0,Hospitality,Indonesia.Batam.Hotel.202408042041.db,places,null_required_column
4475,Kanaya Homestay Syariah Rp 100 000 malam,4.8,52,0,,,"RW.Dsn Teuladan, Jl. Teladan II, Garot, Darul Imarah, Aceh Besar Regency, Aceh 23352, Indonesia",[object Object],+62 852-6000-8738,5.5200159,95.3020973,https://www.google.com/maps/place/Kanaya+Homestay+Syariah+Rp.100.000%2Fmalam/data=!4m10!3m9!1s0x30403beaf6c2e35d:0x910ab53bef549c3d!5m2!4m1!1i2!8m2!3d5.5200159!4d95.3020973!16s%2Fg%2F11qnb3xbgg!19sChIJXePC9uo7QDARPZxU7zu1CpE?authuser=0&hl=en&rclk=1,0,Hospitality,Indonesia.Batam.Hotel.202408042041.db,places,null_required_column
4480,Wisma Teuku Umar RedPartner,4.7,40,0,,,"Jl. Tgk. Syech Muda Wali No.45, Kp. Baru, Kec. Baiturrahman, Kota Banda Aceh, Aceh 23116, Indonesia",[object Object],+62 21 80629666,5.548839,95.315422,"https://www.google.com/maps/place/Wisma+Teuku+Umar+RedPartner/@5.548839,95.315422,17z/data=!3m1!4b1!4m9!3m8!1s0x2e68e63933471fcb:0x51104e26a17e7463!5m2!4m1!1i2!8m2!3d5.548839!4d95.315422!16s%2Fg%2F11b6b9tjql?authuser=0&hl=en&entry=ttu&g_ep=EgoyMDI0MDgyOC4wIKXMDSoASAFQAw%3D%3D",0,Hospitality,Indonesia.Batam.Hotel.202408042041.db,places,null_required_column
4483,Hotel Permata Hati (Permatahati Hotel and Convention Center),4.1,561,0,,,"Jl. Rel Kereta Api No.02, Meunasah Manyang, Kec. Ingin Jaya, Kabupaten Aceh Besar, Aceh 23371, Indonesia",[object Object],+62 811-6770-066,5.5321727,95.3526294,https://www.google.com/maps/place/Hotel+Permata+Hati/data=!4m10!3m9!1s0x3040382ca9773f8d:0x7a26c24973263e89!5m2!4m1!1i2!8m2!3d5.5321727!4d95.3526294!16s%2Fg%2F1pp2t_2fh!19sChIJjT93qSw4QDARiT4mc0nCJno?authuser=0&hl=en&rclk=1,0,Hospitality,Indonesia.Batam.Hotel.202408042041.db,places,null_required_column
4489,SUPER OYO Capital O 2018 Ring Road Guest House Syariah (OYO 2018 Ring Road Residence Syariah),3.9,154,0,,,"Hotel near The Imam Garden Hanafi 700 m, Jl. AMD Manunggal XLI No.17, Mesjid, Baiturrahman, Banda Aceh City, Aceh 23244, Indonesia",[object Object],+62 21 29707601,5.5322987,95.336269,https://www.google.com/maps/place/SUPER+OYO+Capital+O+2018+Ring+Road+Guest+House+Syariah/data=!4m10!3m9!1s0x304039dc009a5e8d:0xb415b27aaaa4234a!5m2!4m1!1i2!8m2!3d5.5322987!4d95.336269!16s%2Fg%2F11j4xr1pjr!19sChIJjV6aANw5QDARSiOkqnqyFbQ?authuser=0&hl=en&rclk=1,0,Hospitality,Indonesia.Batam.Hotel.202408042041.db,places,null_required_column
4492,Hotel GM Inn Syariah,4.3,433,0,,,"Jl. Khairil Anwar No.15-19, Peunayong, Kec. Kuta Alam, Kota Banda Aceh, Aceh 24415, Indonesia",[object Object],+62 651 7315630,5.5578239,95.3210393,https://www.google.com/maps/place/Hotel+GM+Inn+Syariah/data=!4m10!3m9!1s0x304037395512888b:0xd71753ea4dca80bb!5m2!4m1!1i2!8m2!3d5.5578239!4d95.3210393!16s%2Fg%2F11fhr750kk!19sChIJi4gSVTk3QDARu4DKTepTF9c?authuser=0&hl=en&rclk=1,0,Hospitality,Indonesia.Batam.Hotel.202408042041.db,places,null_required_column
4493,Hotel Syariah Lingke,3.9,205,0,,,"Jl. Teuku Nyak Arief, Jeulingke, Kec. Syiah Kuala, Kota Banda Aceh, Aceh, Indonesia",[object Object],+62 813-7504-2241,5.5798696,95.3524413,https://www.google.com/maps/place/Hotel+Syariah+Lingke/data=!4m10!3m9!1s0x30403703708aae63:0xd3a3036700fffbf6!5m2!4m1!1i2!8m2!3d5.5798696!4d95.3524413!16s%2Fg%2F11fy1kxzm1!19sChIJY66KcAM3QDAR9vv_AGcDo9M?authuser=0&hl=en&rclk=1,0,Hospitality,Indonesia.Batam.Hotel.202408042041.db,places,null_required_column
4494,Hotel Mekkah,4.0,1667,0,,,"Daud Beureu'eh Lampriet, Jl. Tgk Daud Beureueh, Bandar Baru, Kec. Kuta Alam, Kota Banda Aceh, Aceh 23126, Indonesia",[object Object],+62 812-6297-5052,5.566531,95.3379111,https://www.google.com/maps/place/Hotel+Mekkah/data=!4m10!3m9!1s0x3040375b2cc449a7:0x6cd89c85700bbc70!5m2!4m1!1i2!8m2!3d5.566531!4d95.3379111!16s%2Fg%2F11bw66kkg8!19sChIJp0nELFs3QDARcLwLcIWc2Gw?authuser=0&hl=en&rclk=1,0,Hospitality,Indonesia.Batam.Hotel.202408042041.db,places,null_required_column
4495,Hadrah Hotel,4.1,276,0,,,"Jl. T. Panglima Nyak Makam, Lambhuk, Kec. Ulee Kareng, Kota Banda Aceh, Aceh 24415, Indonesia",[object Object],+62 822-1131-9869,5.5556207,95.3441351,"https://www.google.com/maps/place/Hadrah+Hotel/@5.5556207,95.3441351,17z/data=!3m1!4b1!4m9!3m8!1s0x304037725334eb9f:0xe9ea8ea456a7dc8d!5m2!4m1!1i2!8m2!3d5.5556207!4d95.3441351!16s%2Fg%2F11f5ly99r8?authuser=0&hl=en&entry=ttu&g_ep=EgoyMDI0MDgyOC4wIKXMDSoASAFQAw%3D%3D",0,Hospitality,Indonesia.Batam.Hotel.202408042041.db,places,null_required_column
4499,UB Caisar Hotel,2.8,417,0,,,"Jl. Teuku Nyak Arief No.17-20, Jeulingke, Kec. Syiah Kuala, Kota Banda Aceh, Aceh 24415, Indonesia",[object Object],+62 651 7555750,5.5755187,95.3472215,https://www.google.com/maps/place/UB+Caisar+Hotel/data=!4m10!3m9!1s0x30403701672eb31b:0x7008cc8ff02a529c!5m2!4m1!1i2!8m2!3d5.5755187!4d95.3472215!16s%2Fg%2F1pzsg48qm!19sChIJG7MuZwE3QDARnFIq8I_MCHA?authuser=0&hl=en&rclk=1,0,Hospitality,Indonesia.Batam.Hotel.202408042041.db,places,null_required_column
4501,,0.0,0,0,,,"Jl. Teuku Umar No.350, Seutui, Kec. Baiturrahman, Kota Banda Aceh, Aceh 23243, Indonesia",[object Object],+62 349 71425588,,,https://www.google.com/maps/place/Seventeen+Hotel/data=!4m10!3m9!1s0x304030aadb370c4d:0x8bf5e6dedb221119!5m2!4m1!1i2!8m2!3d5.54001!4d95.309364!16s%2Fg%2F11w4nr46l2!19sChIJTQw326owQDARGREi297m9Ys?authuser=0&hl=en&rclk=1,0,Hospitality,Indonesia.Batam.Hotel.202408042041.db,places,null_required_column
4502,Hermes Palace Hotel Banda Aceh,4.4,5083,0,,,"Jl. T. Panglima Nyak Makam, Lambhuk, Kec. Ulee Kareng, Kota Banda Aceh, Aceh 23117, Indonesia",[object Object],+62 651 7555888,5.5559751,95.3437379,https://www.google.com/maps/place/Hermes+Palace+Hotel+Banda+Aceh/data=!4m10!3m9!1s0x304037725118dcb7:0x70e72305d8d7d91!5m2!4m1!1i2!8m2!3d5.5559751!4d95.3437379!16s%2Fm%2F0c3tz97!19sChIJt9wYUXI3QDARkX2NXTByDgc?authuser=0&hl=en&rclk=1,0,Hospitality,Indonesia.Batam.Hotel.202408042041.db,places,null_required_column
4510,EXPRESS O 91662 Kost Rumah Kaca,1.0,2,0,,,"Durung, Mesjid Raya, Aceh Besar Regency, Aceh 23381, Indonesia",[object Object],+62 21 29707601,5.6536004,95.4405502,https://www.google.com/maps/place/EXPRESS+O+91662+Kost+Rumah+Kaca/data=!4m10!3m9!1s0x30404bda7c01712f:0xe749e4cde41a90d4!5m2!4m1!1i2!8m2!3d5.6536004!4d95.4405502!16s%2Fg%2F11jykdtdyc!19sChIJL3EBfNpLQDAR1JAa5M3kSec?authuser=0&hl=en&rclk=1,0,Hospitality,Indonesia.Batam.Hotel.202408042041.db,places,null_required_column
4511,,0.0,0,0,,,"Lampuyang, Pulo Aceh, Aceh Besar Regency, Aceh, Indonesia",[object Object],+62 813-6002-9007,,,https://www.google.com/maps/place/BELIMBING+Bed+%26+Breakfast/data=!4m10!3m9!1s0x30402bf85952c6f7:0xe5cf360849358a0c!5m2!4m1!1i2!8m2!3d5.6750085!4d95.1332921!16s%2Fg%2F11v9f2vg1q!19sChIJ98ZSWfgrQDARDIo1SQg2z-U?authuser=0&hl=en&rclk=1,0,Hospitality,Indonesia.Batam.Hotel.202408042041.db,places,null_required_column
4523,,0.0,0,0,,,"Komplek Tiban Indah Blok C No. 9, Tiban Indah, Kec. Sekupang, Kota Batam, Kepulauan Riau 29426, Indonesia",[object Object],+62 811-7712-199,,,"https://www.google.com/maps/place/OYO+91195+Manisee+1+Homestay+Syariah/@1.1225922,103.9869538,17z/data=!3m1!4b1!4m9!3m8!1s0x31d98bc1aaaaaabf:0x4bd9f05d0d1cafcc!5m2!4m1!1i2!8m2!3d1.1225922!4d103.9869538!16s%2Fg%2F11kb_5tm12?authuser=0&hl=en&entry=ttu&g_ep=EgoyMDI0MDgyOC4wIKXMDSoASAFQAw%3D%3D",0,Hospitality,Indonesia.Batam.Hotel.202408042041.db,places,null_required_column
4524,,0.0,0,0,,,"4XFP+2QP, Tiban Indah, Sekupang, Batam City, Riau Islands 29424, Indonesia",[object Object],+62 804 104 0040,,,"https://www.google.com/maps/place/OYO+91195+Manisee+1+Homestay+Syariah/@1.1225922,103.9869538,17z/data=!3m1!4b1!4m9!3m8!1s0x31d98bc1aaaaaabf:0x4bd9f05d0d1cafcc!5m2!4m1!1i2!8m2!3d1.1225922!4d103.9869538!16s%2Fg%2F11kb_5tm12?authuser=0&hl=en&entry=ttu&g_ep=EgoyMDI0MDgyOC4wIKXMDSoASAFQAw%3D%3D",0,Hospitality,Indonesia.Batam.Hotel.202408042041.db,places,null_required_column
4540,Hotel Wing International Nagoya (ホテルウィングインターナショナル名古屋),3.7,1217,0,,,"1 Chome-4-11 Nishiki, Naka Ward, Nagoya, Aichi 460-0003, Japan",[object Object],+81 52-201-6011,35.1724362,136.8965435,"https://www.google.com/maps/place/Hotel+Wing+International+Nagoya/@35.1724362,136.8965435,17z/data=!3m1!4b1!4m9!3m8!1s0x600376d6ec730371:0x501f07032cfea7d8!5m2!4m1!1i2!8m2!3d35.1724362!4d136.8965435!16s%2Fg%2F1tf8701k?authuser=0&hl=en&entry=ttu&g_ep=EgoyMDI0MDgyOC4wIKXMDSoASAFQAw%3D%3D",0,Hospitality,Indonesia.Batam.Hotel.202408042041.db,places,null_required_column
4555,Toyoko Inn Nagoya Kanayama (東横INN名古屋金山),3.9,703,0,,,"3 Chome-9-28 Masaki, Naka Ward, Nagoya, Aichi 460-0024, Japan",[object Object],+81 52-339-1045,35.1466541,136.8977157,https://www.google.com/maps/place/Toyoko+Inn+Nagoya+Kanayama/data=!4m10!3m9!1s0x600377051acc48d3:0xa3de02ddeace49b2!5m2!4m1!1i2!8m2!3d35.1466541!4d136.8977157!16s%2Fg%2F11ft463433!19sChIJ00jMGgV3A2ARsknO6t0C3qM?authuser=0&hl=en&rclk=1,0,Hospitality,Indonesia.Batam.Hotel.202408042041.db,places,null_required_column
4561,Hotel Live Max Nagoya Sakura-doriguchi (ホテルリブマックス名古屋桜通口),3.8,272,0,,,"2 Chome-26-4 Nagono, Nishi Ward, Nagoya, Aichi 451-0042, Japan",[object Object],+81 52-583-1170,35.1753965,136.8868938,https://www.google.com/maps/place/Hotel+Live+Max+Nagoya+Sakura-doriguchi/data=!4m10!3m9!1s0x6003771ce78a4f2b:0xe927a4dc6fdc086!5m2!4m1!1i2!8m2!3d35.1753965!4d136.8868938!16s%2Fg%2F11fm2m3w9j!19sChIJK0-K5xx3A2ARhsD9xk16kg4?authuser=0&hl=en&rclk=1,0,Hospitality,Indonesia.Batam.Hotel.202408042041.db,places,null_required_column
4563,Montblanc Hotel Raffine Nagoya Ekimae (モンブランホテルラフィネ名古屋駅前),4.4,411,0,,,"3 Chome-１３番２７号 Meieki, Nakamura Ward, Nagoya, Aichi 450-0002, Japan",[object Object],+81 52-541-1121,35.1734552,136.8844986,https://www.google.com/maps/place/Montblanc+Hotel+Raffine+Nagoya+Ekimae/data=!4m10!3m9!1s0x600377c43fda064f:0x690b539b8ea8dfe0!5m2!4m1!1i2!8m2!3d35.1734552!4d136.8844986!16s%2Fg%2F11nxr1jp_j!19sChIJTwbaP8R3A2AR4N-ojptTC2k?authuser=0&hl=en&rclk=1,0,Hospitality,Indonesia.Batam.Hotel.202408042041.db,places,null_required_column
4576,Apa Hotel Nagoya Ekimae (アパホテル〈名古屋駅前〉),4.4,1429,0,,,"1 Chome-5-3 Noritake, Nakamura Ward, Nagoya, Aichi 453-0014, Japan",[object Object],+81 570-074-011,35.1725263,136.8788398,https://www.google.com/maps/place/Apa+Hotel+Nagoya+Ekimae/data=!4m10!3m9!1s0x600376e8d433c823:0x3ef5f9a0626221dc!5m2!4m1!1i2!8m2!3d35.1725263!4d136.8788398!16s%2Fg%2F11r9lqg290!19sChIJI8gz1Oh2A2AR3CFiYqD59T4?authuser=0&hl=en&rclk=1,0,Hospitality,Indonesia.Batam.Hotel.202408042041.db,places,null_required_column
4656,Comfort Hotel Nagoya Kanayama (コンフォートホテル名古屋金山),4.1,418,0,,,"24-14 Namiyosecho, Atsuta Ward, Nagoya, Aichi 456-0003, Japan",[object Object],+81 52-871-2811,35.142594,136.9029891,"https://www.google.com/maps/place/Comfort+Hotel+Nagoya+Kanayama/@35.142594,136.9029891,17z/data=!3m1!4b1!4m9!3m8!1s0x60037196271f797b:0xfdced441c441f098!5m2!4m1!1i2!8m2!3d35.142594!4d136.9029891!16s%2Fg%2F11q1wjp_fg?authuser=0&hl=en&entry=ttu&g_ep=EgoyMDI0MDgyOC4wIKXMDSoASAFQAw%3D%3D",0,Hospitality,Indonesia.Batam.Hotel.202408042041.db,places,null_required_column
4658,Koko Hotel Nagoya Sakae (KOKO HOTEL 名古屋栄),3.9,272,0,,,"3 Chome-15-21 Nishiki, Naka Ward, Nagoya, Aichi 460-0003, Japan",[object Object],+81 52-961-0082,35.1710046,136.9074644,https://www.google.com/maps/place/Koko+Hotel+Nagoya+Sakae/data=!4m10!3m9!1s0x600371b5b9924fbf:0x7e3978df4106f2bf!5m2!4m1!1i2!8m2!3d35.1710046!4d136.9074644!16s%2Fg%2F11t0ly3jmy!19sChIJv0-SubVxA2ARv_IGQd94OX4?authuser=0&hl=en&rclk=1,0,Hospitality,Indonesia.Batam.Hotel.202408042041.db,places,null_required_column
4660,HOTEL com,3.6,18,0,,,"4-chome-1001番地 Minamiodaka, Midori Ward, Nagoya, Aichi 459-8016, Japan",[object Object],+81 52-623-8447,35.053935,136.9401402,"https://www.google.com/maps/place/HOTEL.com/@35.053935,136.9401402,17z/data=!3m1!4b1!4m9!3m8!1s0x60037c5826b0b8d3:0xcf353e63e2026ccd!5m2!4m1!1i2!8m2!3d35.053935!4d136.9401402!16s%2Fg%2F1tj9bydv?authuser=0&hl=en&entry=ttu&g_ep=EgoyMDI0MDgyOC4wIKXMDSoASAFQAw%3D%3D",0,Hospitality,Indonesia.Batam.Hotel.202408042041.db,places,null_required_column
4663,HOTEL LiVEMAX NAGOYA-SHINKANSENGUCHI (ホテルリブマックス名古屋新幹線口),3.8,189,0,,,"1 Chome-8-3 Noritake, Nakamura Ward, Nagoya, Aichi 453-0014, Japan",[object Object],+81 52-452-7790,35.1730438,136.8781897,https://www.google.com/maps/place/HOTEL+LiVEMAX+NAGOYA-SHINKANSENGUCHI/data=!4m10!3m9!1s0x600376eec55eb941:0xec1390a46af1d683!5m2!4m1!1i2!8m2!3d35.1730438!4d136.8781897!16s%2Fg%2F11qswggp80!19sChIJQblexe52A2ARg9bxaqSQE-w?authuser=0&hl=en&rclk=1,0,Hospitality,Indonesia.Batam.Hotel.202408042041.db,places,null_required_column
4667,Hotel Actel Nagoya Nishiki (ホテルアクテル名古屋錦),4.2,564,0,,,"3 Chome-17-26 Nishiki, Naka Ward, Nagoya, Aichi 460-0003, Japan",[object Object],+81 52-962-8080,35.1701601,136.9057366,https://www.google.com/maps/place/Hotel+Actel+Nagoya+Nishiki/data=!4m10!3m9!1s0x600371f9cf4e5aa5:0xdf998bef3e21dee0!5m2!4m1!1i2!8m2!3d35.1701601!4d136.9057366!16s%2Fg%2F11f66tcs6r!19sChIJpVpOz_lxA2AR4N4hPu-Lmd8?authuser=0&hl=en&rclk=1,0,Hospitality,Indonesia.Batam.Hotel.202408042041.db,places,null_required_column
4672,The Royal Park Hotel Iconic Nagoya (ザ ロイヤルパークホテル アイコニック 名古屋),3.9,126,0,,,"Japan, 〒460-0008 Aichi, Nagoya, Naka Ward, Sakae, 4 Chome−1−1 中日ビル 24F",[object Object],+81 52-269-1118,35.1685479,136.9096595,"https://www.google.com/maps/place/The+Royal+Park+Hotel+Iconic+Nagoya/@35.1685479,136.9096595,17z/data=!3m1!4b1!4m9!3m8!1s0x600371b0eb2e000b:0x48fdbf22416e6838!5m2!4m1!1i2!8m2!3d35.1685479!4d136.9096595!16s%2Fg%2F11v147k2hc?authuser=0&hl=en&entry=ttu&g_ep=EgoyMDI0MDgyOC4wIKXMDSoASAFQAw%3D%3D",0,Hospitality,Indonesia.Batam.Hotel.202408042041.db,places,null_required_column
4681,ibis budget Singapore Emerald,4.0,1123,0,,,"20 Lor 6 Geylang, Singapore 399174",[object Object],6842 3888,1.3110062,103.8763413,https://www.google.com/maps/place/ibis+budget+Singapore+Emerald/data=!4m10!3m9!1s0x31da1836e12a19cd:0x16d2507f1a84c172!5m2!4m1!1i2!8m2!3d1.3110062!4d103.8763413!16s%2Fg%2F1tg_ckwv!19sChIJzRkq4TYY2jERcsGEGn9Q0hY?authuser=0&hl=en&rclk=1,0,Hospitality,Indonesia.Batam.Hotel.202408042041.db,places,null_required_column
4685,Hatten Hotel Melaka,4.1,8354,0,,,"Jln Merdeka, Banda Hilir, 75000 Melaka, Malaysia",[object Object],+60 6-286 9696,2.1886316,102.251765,"https://www.google.com/maps/place/Hatten+Hotel+Melaka/@2.1886316,102.251765,17z/data=!3m1!4b1!4m9!3m8!1s0x31d1f1e108740b9f:0x75af43e590682685!5m2!4m1!1i2!8m2!3d2.1886316!4d102.251765!16s%2Fg%2F11z5fx3lh?authuser=0&hl=en&entry=ttu&g_ep=EgoyMDI0MDgyOC4wIKXMDSoASAFQAw%3D%3D",0,Hospitality,Indonesia.Batam.Hotel.202408042041.db,places,null_required_column
4689,JonkeRED Heritage Hotel,4.4,303,0,,,"No 1, 1, Jalan Merdeka, 74, Jln Parameswara, Taman Melaka Raya, 75000 Melaka, Malaysia",[object Object],+60 6-281 3545,2.1948989,102.2496173,https://www.google.com/maps/place/JonkeRED+Heritage+Hotel/data=!4m10!3m9!1s0x31d1f1c228a5d3c9:0xd3387a9189c61bb8!5m2!4m1!1i2!8m2!3d2.1948989!4d102.2496173!16s%2Fg%2F11h_vy1t7_!19sChIJydOlKMLx0TERuBvGiZF6ONM?authuser=0&hl=en&rclk=1,0,Hospitality,Indonesia.Batam.Hotel.202408042041.db,places,null_required_column
4699,Maple Boutique Hotel,4.5,115,0,,,"No 6 & 8, Jalan Lagenda 10, Taman 1 Lagenda, 75400 Melaka, Malaysia",[object Object],+60 6-281 6188,2.2178782,102.2453149,https://www.google.com/maps/place/Maple+Boutique+Hotel/data=!4m10!3m9!1s0x31d1f122a2e96c2d:0xc2eae589f646f239!5m2!4m1!1i2!8m2!3d2.2178782!4d102.2453149!16s%2Fg%2F11ll0xxmnn!19sChIJLWzpoiLx0TEROfJG9onl6sI?authuser=0&hl=en&rclk=1,0,Hospitality,Indonesia.Batam.Hotel.202408042041.db,places,null_required_column
4701,Hotel Sentral Melaka,3.4,2603,0,,,"20, Jalan Tun Sri Lanang, Pengkalan Rama Tengah, 75100 Melaka, Malaysia",[object Object],+60 6-284 0088,2.2038567,102.253173,"https://www.google.com/maps/place/Hotel+Sentral+Melaka/@2.2038567,102.253173,17z/data=!3m1!4b1!4m9!3m8!1s0x31d1f1d7b81b7385:0xcca1ebb0ab8adb3e!5m2!4m1!1i2!8m2!3d2.2038567!4d102.253173!16s%2Fg%2F12hv9wnlz?authuser=0&hl=en&entry=ttu&g_ep=EgoyMDI0MDgyOC4wIKXMDSoASAFQAw%3D%3D",0,Hospitality,Indonesia.Batam.Hotel.202408042041.db,places,null_required_column
4705,DoubleTree by Hilton Melaka,4.5,5096,0,,,"Jalan Melaka Raya 23, Hatten City, 75000 Melaka, Malaysia",[object Object],+60 6-222 3333,2.1832528,102.2625302,https://www.google.com/maps/place/DoubleTree+by+Hilton+Melaka/data=!4m10!3m9!1s0x31d1ee1b11507f71:0xe197959aaf416b31!5m2!4m1!1i2!8m2!3d2.1832528!4d102.2625302!16s%2Fg%2F11c4pmwxhf!19sChIJcX9QERvu0TERMWtBr5qVl-E?authuser=0&hl=en&rclk=1,0,Hospitality,Indonesia.Batam.Hotel.202408042041.db,places,null_required_column
4708,AMES Hotel,4.4,1556,0,,,"Jalan Pkak 2, Pusat Komersial, 75450 Ayer Keroh, Melaka, Malaysia",[object Object],+60 6-318 3999,2.2759235,102.2932005,https://www.google.com/maps/place/AMES+Hotel/data=!4m10!3m9!1s0x31d1e5e65168fe2f:0xd86c541c051ea77d!5m2!4m1!1i2!8m2!3d2.2759235!4d102.2932005!16s%2Fg%2F11fl1vppm4!19sChIJL_5oUebl0TERfaceBRxUbNg?authuser=0&hl=en&rclk=1,0,Hospitality,Indonesia.Batam.Hotel.202408042041.db,places,null_required_column
4709,Bayview Hotel Melaka,4.0,3272,0,,,"Jalan Bendahara, Kampung Bukit China, 75100 Melaka, Malaysia",[object Object],+60 6-283 9888,2.2017232,102.2529955,https://www.google.com/maps/place/Bayview+Hotel+Melaka/data=!4m10!3m9!1s0x31d1f1d82159d661:0x181c50bf288d037c!5m2!4m1!1i2!8m2!3d2.2017232!4d102.2529955!16s%2Fg%2F1tvt7vrt!19sChIJYdZZIdjx0TERfAONKL9QHBg?authuser=0&hl=en&rclk=1,0,Hospitality,Indonesia.Batam.Hotel.202408042041.db,places,null_required_column
4711,Nomaps (Malacca),4.4,160,0,,,"11, Jalan Tun Tan Cheng Lock, Taman Kota Laksamana, 75200 Melaka, Malaysia",[object Object],+60 6-283 8311,2.194246,102.2472845,https://www.google.com/maps/place/Nomaps+%28Malacca%29/data=!4m10!3m9!1s0x31d1f1ddb0ca7f4d:0xb303e1a246b6898f!5m2!4m1!1i2!8m2!3d2.194246!4d102.2472845!16s%2Fg%2F11bw7cvdtr!19sChIJTX_KsN3x0TERj4m2RqLhA7M?authuser=0&hl=en&rclk=1,0,Hospitality,Indonesia.Batam.Hotel.202408042041.db,places,null_required_column
4713,The Baba House,4.2,505,0,,,"121-127, Jalan Tun Tan Cheng Lock, Taman Kota Laksamana, 75200 Melaka, Malaysia",[object Object],+60 6-280 6888,2.1965368,102.2448883,https://www.google.com/maps/place/The+Baba+House/data=!4m10!3m9!1s0x31d1f1dc97b8577f:0x307f7b857c72e4eb!5m2!4m1!1i2!8m2!3d2.1965368!4d102.2448883!16s%2Fg%2F1tcv8df9!19sChIJf1e4l9zx0TER6-RyfIV7fzA?authuser=0&hl=en&rclk=1,0,Hospitality,Indonesia.Batam.Hotel.202408042041.db,places,null_required_column
4727,RedDoorz   Nagoya Indah,4.2,195,0,,,"Nagoya Indah, Blk. D2 No.5, RW.6, Batu Selicin, Kec. Lubuk Baja, Kota Batam, Kepulauan Riau 29444, Indonesia",[object Object],+62 21 80629666,1.140398,104.005624,https://www.google.com/maps/place/RedDoorz+@+Nagoya+Indah/data=!4m10!3m9!1s0x31d98a2a94aca075:0x54a652377f67d133!5m2!4m1!1i2!8m2!3d1.140398!4d104.005624!16s%2Fg%2F11gdknn4xx!19sChIJdaCslCqK2TERM9FnfzdSplQ?authuser=0&hl=en&rclk=1,0,Hospitality,Indonesia.Batam.Hotel.202408042041.db,places,null_required_column
4730,Namii Hotel (Hotel Namii),4.3,121,0,,,"Ruko Taman Nagoya Indah Blok C1 No.12A/12B, Batu Selicin, Kec. Lubuk Baja, Kota Batam, Kepulauan Riau 29444, Indonesia",[object Object],+62 778 453338,1.1410483,104.0055507,https://www.google.com/maps/place/Namii+Hotel/data=!4m10!3m9!1s0x31d98a2af5a6f935:0x8f7e3b51d1807bfd!5m2!4m1!1i2!8m2!3d1.1410483!4d104.0055507!16s%2Fg%2F11gxrvz76b!19sChIJNfmm9SqK2TER_XuA0VE7fo8?authuser=0&hl=en&rclk=1,0,Hospitality,Indonesia.Batam.Hotel.202408042041.db,places,null_required_column
4731,City Central Hotel,4.2,530,0,,,"42W5+GXF Komplek Ruko Nagoya Central, Jl. Imam Bonjol-Nagoya Jl. Komp. Bumi Indah Blok B No. 3-5, Lubuk Baja Kota, Kec. Lubuk Baja, Kota Batam, Kepulauan Riau 29444, Indonesia",[object Object],+62 778 456999,1.1462843,104.0099284,https://www.google.com/maps/place/City+Central+Hotel/data=!4m10!3m9!1s0x31d98987acf28305:0x904c8a8e553f9509!5m2!4m1!1i2!8m2!3d1.1462843!4d104.0099284!16s%2Fg%2F11b88w8qdc!19sChIJBYPyrIeJ2TERCZU_VY6KTJA?authuser=0&hl=en&rclk=1,0,Hospitality,Indonesia.Batam.Hotel.202408042041.db,places,null_required_column
4745,Nivila Inn,4.0,131,0,,,"Komplek Nagoya City Center, Jl. Komp. Business Centre No.13, Lubuk Baja Kota, Kec. Lubuk Baja, Kota Batam, Kepulauan Riau 29445, Indonesia",[object Object],+62 778 421842,1.1460821,104.0061773,https://www.google.com/maps/place/Nivila+Inn/data=!4m10!3m9!1s0x31d98a2833fffa91:0xed0da312fda8cff2!5m2!4m1!1i2!8m2!3d1.1460821!4d104.0061773!16s%2Fg%2F1hm2wf4mn!19sChIJkfr_MyiK2TER8s-o_RKjDe0?authuser=0&hl=en&rclk=1,0,Hospitality,Indonesia.Batam.Hotel.202408042041.db,places,null_required_column
4753,,0.0,0,0,,,"Hotel Nagoya Plaza Unit B-07 Lantai 1, JL Imam Bonjol, Lubuk Baja Kota, Batam, Kota Batam, Kepulauan Riau 29444, Indonesia",[object Object],+62 778 456694,,,https://www.google.com/maps/place/Kepri+Global+Akses/data=!4m7!3m6!1s0x31d989864aa43735:0x97fa4d1435812810!8m2!3d1.146927!4d104.010196!16s%2Fg%2F11bc7q9bf3!19sChIJNTekSoaJ2TERECiBNRRN-pc?authuser=0&hl=en&rclk=1,0,Hospitality,Indonesia.Batam.Hotel.202408042041.db,places,null_required_column
4755,ATM BNI HOTEL NAGOYA (Bank),0.0,0,0,,,"Lubuk Baja Kota, Lubuk Baja, Batam City, Riau Islands 29444, Indonesia",[object Object],+62 21 57899999,1.1469104,104.0107795,"https://www.google.com/maps/place/ATM+BNI+HOTEL+NAGOYA/@1.1469104,104.0107795,17z/data=!3m1!4b1!4m6!3m5!1s0x31d98986481226ad:0x8c7ba10668a83aa4!8m2!3d1.1469104!4d104.0107795!16s%2Fg%2F11b5w9hjyv?authuser=0&hl=en&entry=ttu&g_ep=EgoyMDI0MDgyOC4wIKXMDSoASAFQAw%3D%3D",0,Hospitality,Indonesia.Batam.Hotel.202408042041.db,places,null_required_column
4766,Taman Nongsa Indah Village (Nongsa Village),4.5,138,0,,,"Jl.Teluk Mata Ikan, Nongsa, Sambau, Batam, Batam City, Riau Islands 29465, Indonesia",[object Object],+62 778 761111,1.1919547,104.1044323,https://www.google.com/maps/place/Taman+Nongsa+Indah+Village/data=!4m10!3m9!1s0x31da280b9e299d45:0xacbd7122f47d8ed!5m2!4m1!1i2!8m2!3d1.1919547!4d104.1044323!16s%2Fg%2F1tp2xxm0!19sChIJRZ0pngso2jER7dhHLxLXywo?authuser=0&hl=en&rclk=1,0,Hospitality,Indonesia.Batam.Hotel.202408042041.db,places,null_required_column
4801,SPOT ON 92875 Pelita Stay,1.0,1,0,,,"Komp. Bumi Sarana, Jl. Raja Ali H., Jodoh River, Batu Ampar, Batam City, Riau Islands 29432, Indonesia",[object Object],+62 817-788-016,1.153061,104.00648,https://www.google.com/maps/place/SPOT+ON+92875+Pelita+Stay/data=!4m10!3m9!1s0x31d98a20b20441bb:0x3b6a66cd0783c271!5m2!4m1!1i2!8m2!3d1.153061!4d104.00648!16s%2Fg%2F11l1yd0czs!19sChIJu0EEsiCK2TERccKDB81majs?authuser=0&hl=en&rclk=1,0,Hospitality,Indonesia.Batam.Hotel.202408042041.db,places,null_required_column
4802,Hotel Merlin,3.8,141,0,,,"Komp. Regency Park, Jl. Sriwijaya, Kp. Pelita, Kec. Lubuk Baja, Kota Batam, Kepulauan Riau 29444, Indonesia",[object Object],+62 823-8367-5353,1.1445431,104.0183315,https://www.google.com/maps/place/Hotel+Merlin/data=!4m10!3m9!1s0x31d989d3f9873c2d:0xd9aeea5fed4ae9fc!5m2!4m1!1i2!8m2!3d1.1445431!4d104.0183315!16s%2Fg%2F11hy9v92g1!19sChIJLTyH-dOJ2TER_OlK7V_qrtk?authuser=0&hl=en&rclk=1,0,Hospitality,Indonesia.Batam.Hotel.202408042041.db,places,null_required_column
4804,Hotel Pelita Inn,3.9,90,0,,,"Komplek Wira Mustika, Jl. Raja Ali H., Sungai Jodoh, Kec. Batu Ampar, Kota Batam, Kepulauan Riau 29453, Indonesia",[object Object],+62 778 428688,1.1501973,104.0116876,https://www.google.com/maps/place/Hotel+Pelita+Inn/data=!4m10!3m9!1s0x31d98988de281669:0x1214a3c78a142cd6!5m2!4m1!1i2!8m2!3d1.1501973!4d104.0116876!16s%2Fg%2F1hm58b_x7!19sChIJaRYo3oiJ2TER1iwUisejFBI?authuser=0&hl=en&rclk=1,0,Hospitality,Indonesia.Batam.Hotel.202408042041.db,places,null_required_column
4807,Hotel 99,3.7,92,0,,,"Blk. B, Jl. Sriwijaya No.7, Kp. Pelita, Kec. Lubuk Baja, Kota Batam, Kepulauan Riau 29444, Indonesia",[object Object],+62 778 429331,1.1436349,104.0187554,https://www.google.com/maps/place/Hotel+99/data=!4m10!3m9!1s0x31d989f7096e52e3:0xaae5b2971ace1199!5m2!4m1!1i2!8m2!3d1.1436349!4d104.0187554!16s%2Fg%2F11h57p82zt!19sChIJ41JuCfeJ2TERmRHOGpey5ao?authuser=0&hl=en&rclk=1,0,Hospitality,Indonesia.Batam.Hotel.202408042041.db,places,null_required_column
4816,Eatern Hotel,4.3,160,0,,,"Batu Selicin, Lubuk Baja, Batam City, Riau Islands 29444, Indonesia",[object Object],+62 778 406000,1.1333277,104.0107423,https://www.google.com/maps/place/Eatern+Hotel/data=!4m10!3m9!1s0x31d9897c35e27c5d:0x32456a23836e478c!5m2!4m1!1i2!8m2!3d1.1333277!4d104.0107423!16s%2Fg%2F11c1_wflpz!19sChIJXXziNXyJ2TERjEdugyNqRTI?authuser=0&hl=en&rclk=1,0,Hospitality,Indonesia.Batam.Hotel.202408042041.db,places,null_required_column
4817,Penuin Hotel,4.1,445,0,,,"Jl. Komp. Ps. Penuin, Batu Selicin, Kec. Lubuk Baja, Kota Batam, Kepulauan Riau 29441, Indonesia",[object Object],+62 778 427808,1.1354725,104.0100599,https://www.google.com/maps/place/Penuin+Hotel/data=!4m10!3m9!1s0x31d9891037202067:0xaf78415de2e35364!5m2!4m1!1i2!8m2!3d1.1354725!4d104.0100599!16s%2Fg%2F1hc6vd2xf!19sChIJZyAgNxCJ2TERZFPj4l1BeK8?authuser=0&hl=en&rclk=1,0,Hospitality,Indonesia.Batam.Hotel.202408042041.db,places,null_required_column
4825,,0.0,0,0,,,"Blk. B No.16 No.16, Baloi Permai, Kec, Batam City, Riau Islands 29444, Indonesia",[object Object],+62 817-788-016,,,https://www.google.com/maps/place/OYO+92989+Backpaker+Seraya/data=!4m10!3m9!1s0x31d9898c15555593:0x1114b990fdbb4a7b!5m2!4m1!1i2!8m2!3d1.1539704!4d104.0144935!16s%2Fg%2F11vbzcglmm!19sChIJk1VVFYyJ2TERe0q7_ZC5FBE?authuser=0&hl=en&rclk=1,0,Hospitality,Indonesia.Batam.Hotel.202408042041.db,places,null_required_column
4827,Galaxy Hotel,3.9,464,0,,,"PT 4148 & 4149, Jalan Sultan Idris Shah, 32200 Lumut, Malaysia",[object Object],+60 5-683 8731,5.2759468,100.4586223,https://www.google.com/maps/place/Galaxy+Hotel/data=!4m10!3m9!1s0x304ab7971ac8c1bb:0x4a10b51891372f65!5m2!4m1!1i2!8m2!3d5.2759468!4d100.4586223!16s%2Fg%2F11btwrz_rw!19sChIJu8HIGpe3SjARZS83kRi1EEo?authuser=0&hl=en&rclk=1,0,Hospitality,Indonesia.Batam.Hotel.202408042041.db,places,null_required_column
4903,Allium Batam Hotel,4.3,1858,0,,,"Komplek Panorama Nagoya, Sungai Jodoh, Kec. Batu Ampar, Kota Batam, Kepulauan Riau 29432, Indonesia",[object Object],,1.148665,104.006389,https://www.google.com/maps/place/Allium+Batam+Hotel/data=!4m10!3m9!1s0x31d989bb48bb1c83:0x20fcf53d8c6433de!5m2!4m1!1i2!8m2!3d1.148665!4d104.006389!16s%2Fg%2F1pzrnpjwp!19sChIJgxy7SLuJ2TER3jNkjD31_CA?authuser=0&hl=en&rclk=1,0,Hospitality,Indonesia.Batam.Hotel.202408042041.db,places,null_required_column
4915,Batam 1 Hotel,4.6,165,0,,,"komplek sarana wisata batamia, Jl. Komp. Bumi Indah, Lubuk Baja Kota, Kec. Lubuk Baja, Kota Batam, Kepulauan Riau 29432, Indonesia",[object Object],+62 823-2233-1818,1.1450953,104.0083908,https://www.google.com/maps/place/Batam+1+Hotel/data=!4m10!3m9!1s0x31d989ea615b2cf9:0xf7f2b78f25b28112!5m2!4m1!1i2!8m2!3d1.1450953!4d104.0083908!16s%2Fg%2F11p3bmrxjw!19sChIJ-SxbYeqJ2TEREoGyJY-38vc?authuser=0&hl=en&rclk=1,0,Hospitality,Indonesia.Batam.Hotel.202408042041.db,places,null_required_column
4918,The K Hotel,4.2,694,0,,,"Komplek Nagoya Garden Phase II, Kampung Seraya, Batu Ampar, Batam City, Riau Islands 29444, Indonesia",[object Object],+62 778 458333,1.1478972,104.0158134,https://www.google.com/maps/place/The+K+Hotel/data=!4m10!3m9!1s0x31d989151a68f2ef:0xffee7b804d2aa105!5m2!4m1!1i2!8m2!3d1.1478972!4d104.0158134!16s%2Fg%2F11gjj3td_l!19sChIJ7_JoGhWJ2TERBaEqTYB77v8?authuser=0&hl=en&rclk=1,0,Hospitality,Indonesia.Batam.Hotel.202408042041.db,places,null_required_column
4986,OYO 91363 Lia Stay Syariah,2.4,10,0,,,"Jl. Bukit Palem Permai Blk. III No.6, RT.02/RW.30, Belian, Kec. Batam Kota, Kota Bata, Kepulauan Riau 29414, Indonesia",[object Object],+62 21 29707601,1.110944,104.0790498,https://www.google.com/maps/place/OYO+91363+Lia+Stay+Syariah/data=!4m10!3m9!1s0x31d989a4a6e4b1df:0xa29d4c46b3479692!5m2!4m1!1i2!8m2!3d1.110944!4d104.0790498!16s%2Fg%2F11t2vqhl53!19sChIJ37HkpqSJ2TERkpZHs0ZMnaI?authuser=0&hl=en&rclk=1,0,Hospitality,Indonesia.Batam.Hotel.202408042041.db,places,null_required_column
4994,RedDoorz near Plaza Botania 1 Batam,4.0,120,0,,,"Ruko Marbella, Jl. Tengku Sulung No.10 Blok A3, Belian, Kec. Batam Kota, Kota Batam, Kepulauan Riau 29432, Indonesia",[object Object],+62 778 7495232,1.124457,104.09769,https://www.google.com/maps/place/RedDoorz+near+Plaza+Botania+1+Batam/data=!4m10!3m9!1s0x31d9889dd63fbc4f:0xea9d31807ef03502!5m2!4m1!1i2!8m2!3d1.124457!4d104.09769!16s%2Fg%2F11b7tqw81b!19sChIJT7w_1p2I2TERAjXwfoAxneo?authuser=0&hl=en&rclk=1,0,Hospitality,Indonesia.Batam.Hotel.202408042041.db,places,null_required_column
5001,,0.0,0,0,,,"18, Taman Mediterania ii8 No.11, Batam City, Central Sumatra 28433, Indonesia",[object Object],+62 817-788-016,,,https://www.google.com/maps/place/SPOT+ON+93312+Homestay+Orange/data=!4m10!3m9!1s0x31d98902bb490911:0x23c33e2d326da5c9!5m2!4m1!1i2!8m2!3d1.130077!4d104.05292!16s%2Fg%2F11vj720kpc!19sChIJEQlJuwKJ2TERyaVtMi0-wyM?authuser=0&hl=en&rclk=1,0,Hospitality,Indonesia.Batam.Hotel.202408042041.db,places,null_required_column
5003,,0.0,0,0,,,"6, Baloi Permai, Batam, Kepulauan Riau Batam Sumatra, 29433, Indonesia",[object Object],+62 817-788-016,,,https://www.google.com/maps/place/SPOT+ON+93445+Penginapan+Alfafa+Scorpio/data=!4m10!3m9!1s0x31d98902bb490911:0xc211568091c912bd!5m2!4m1!1i2!8m2!3d1.130077!4d104.05292!16s%2Fg%2F11vk2rzgb1!19sChIJEQlJuwKJ2TERvRLJkYBWEcI?authuser=0&hl=en&rclk=1,0,Hospitality,Indonesia.Batam.Hotel.202408042041.db,places,null_required_column
5006,RedDoorz Syariah near RS Awal Bros Batam,4.6,27,0,,,"Perumahan Puri Casablanca, Gempita Guesthouse, Jl. Gajah Mada No.1 Blok A, Sukajadi, Kota Batam, Kepulauan Riau 29444, Indonesia",[object Object],+62 21 80629666,1.121885,104.016628,https://www.google.com/maps/place/RedDoorz+Syariah+near+RS+Awal+Bros+Batam/data=!4m10!3m9!1s0x31d989f367474d07:0x8ef657d642fb86bb!5m2!4m1!1i2!8m2!3d1.121885!4d104.016628!16s%2Fg%2F11qbxvltjb!19sChIJB01HZ_OJ2TERu4b7QtZX9o4?authuser=0&hl=en&rclk=1,0,Hospitality,Indonesia.Batam.Hotel.202408042041.db,places,null_required_column
5009,SPOT ON 91885 Wisma Heksa,3.0,1,0,,,"Hill Mall Batam, 28 Baloi, Lubuk Baja, Batam City, Riau Islands 29443, Indonesia",[object Object],+62 21 29707601,1.1435687,104.0173179,https://www.google.com/maps/place/SPOT+ON+91885+Wisma+Heksa/data=!4m10!3m9!1s0x31d9892a92e03517:0x7041db5bbf3723b4!5m2!4m1!1i2!8m2!3d1.1435687!4d104.0173179!16s%2Fg%2F11tjz_t7_3!19sChIJFzXgkiqJ2TERtCM3v1vbQXA?authuser=0&hl=en&rclk=1,0,Hospitality,Indonesia.Batam.Hotel.202408042041.db,places,null_required_column
5010,RedDoorz Plus near Batam City Square,3.7,203,0,,,"Business Center, Jalan Teratai Blok II no. 1-3, Komplek Jeni Putra No. 11-13 Nagoya, Lubuk Baja Kota, Kec. Lubuk Baja, Kota Batam, Kepulauan Riau 29444, Indonesia",[object Object],+62 21 80629666,1.1354974,104.0147781,https://www.google.com/maps/place/RedDoorz+Plus+near+Batam+City+Square/data=!4m10!3m9!1s0x31d98979152f9945:0x847edc9300c89832!5m2!4m1!1i2!8m2!3d1.1354974!4d104.0147781!16s%2Fg%2F11g00rt5z4!19sChIJRZkvFXmJ2TERMpjIAJPcfoQ?authuser=0&hl=en&rclk=1,0,Hospitality,Indonesia.Batam.Hotel.202408042041.db,places,null_required_column
5011,,0.0,0,0,,,"6, Baloi Permai, Batam, Kepulauan Riau, Batam City, Riau Islands 29432, Indonesia",[object Object],+62 817-788-016,,,https://www.google.com/maps/place/SPOT+ON+93446+Penginapan+Mak+Yes/data=!4m10!3m9!1s0x31d98902bb490911:0x564106939de7451e!5m2!4m1!1i2!8m2!3d1.130077!4d104.05292!16s%2Fg%2F11vpnbkfh9!19sChIJEQlJuwKJ2TERHkXnnZMGQVY?authuser=0&hl=en&rclk=1,0,Hospitality,Indonesia.Batam.Hotel.202408042041.db,places,null_required_column
5013,SPOT ON 92492 Pelita Satu,3.0,2,0,,,"1, RW.Baloi, Lubuk Baja Kota, Batam City, Riau Islands 29444, Indonesia",[object Object],+62 817-788-016,1.1436353,104.0172444,https://www.google.com/maps/place/SPOT+ON+92492+Pelita+Satu/data=!4m10!3m9!1s0x31d989849f230117:0xf46c490caf747a62!5m2!4m1!1i2!8m2!3d1.1436353!4d104.0172444!16s%2Fg%2F11vc6wx9cm!19sChIJFwEjn4SJ2TERYnp0rwxJbPQ?authuser=0&hl=en&rclk=1,0,Hospitality,Indonesia.Batam.Hotel.202408042041.db,places,null_required_column
5014,SPOT ON 91879 Emes Jaya Homestay,3.0,2,0,,,"32 Baloi, Batam, Kepulauan Riau, 29443, Jl. Nagoya Hill, Kota Batam, Kepulauan Riau 29432, Indonesia",[object Object],+62 21 29707601,1.1435206,104.0173066,https://www.google.com/maps/place/SPOT+ON+91879+Emes+Jaya+Homestay/data=!4m10!3m9!1s0x31d9890b4c52e019:0x3f39ae7e0cef8348!5m2!4m1!1i2!8m2!3d1.1435206!4d104.0173066!16s%2Fg%2F11sbss1xq3!19sChIJGeBSTAuJ2TERSIPvDH6uOT8?authuser=0&hl=en&rclk=1,0,Hospitality,Indonesia.Batam.Hotel.202408042041.db,places,null_required_column
5023,Nagoya Tokyu Hotel (名古屋東急ホテル),4.2,4449,0,,,"4 Chome-6-8 Sakae, Naka Ward, Nagoya, Aichi 460-0008, Japan",[object Object],+81 52-251-2411,35.1685161,136.9136107,https://www.google.com/maps/place/Nagoya+Tokyu+Hotel/data=!4m10!3m9!1s0x600370dab9cbba23:0x6c9b568d4c9809af!5m2!4m1!1i2!8m2!3d35.1685161!4d136.9136107!16s%2Fg%2F11c3tx3bkp!19sChIJI7rLudpwA2ARrwmYTI1Wm2w?authuser=0&hl=en&rclk=1,0,Hospitality,Indonesia.Batam.Hotel.202408042041.db,places,null_required_column
5034,SPOT ON 92170 Penginapan Pak Dhe,3.5,2,0,,,"4, Jodoh River, Batam City, Riau Islands 29400, Indonesia",[object Object],+62 21 29707601,1.151626,104.0058,https://www.google.com/maps/place/SPOT+ON+92170+Penginapan+Pak+Dhe/data=!4m10!3m9!1s0x31d98b193de2f8cd:0xf81499cdcf93fd43!5m2!4m1!1i2!8m2!3d1.151626!4d104.0058!16s%2Fg%2F11shlnymyh!19sChIJzfjiPRmL2TERQ_2Tz82ZFPg?authuser=0&hl=en&rclk=1,0,Hospitality,Indonesia.Batam.Hotel.202408042041.db,places,null_required_column
5051,OYO 91368 Jasmine 999 (2-star hotel),0.0,0,0,,,"Mesjid Raya Baitusysyakur, 1 Near Nagoya Hill. Mesjid, Jl. Jabal Arafah, Kepulauan Riau 29444, Indonesia",[object Object],+62 21 29707601,1.1509037,104.0092982,https://www.google.com/maps/place/OYO+91368+Jasmine+999/data=!4m10!3m9!1s0x31d98947775b5659:0x8f54ae6527ce613f!5m2!4m1!1i2!8m2!3d1.1509037!4d104.0092982!16s%2Fg%2F11tc22vwj0!19sChIJWVZbd0eJ2TERP2HOJ2WuVI8?authuser=0&hl=en&rclk=1,0,Hospitality,Indonesia.Batam.Hotel.202408042041.db,places,null_required_column
5053,,0.0,0,0,,,"5224+32G, Jodoh River, Batu Ampar, Batam City, Riau Islands 29444, Indonesia",[object Object],,,,https://www.google.com/maps/place/KIREI+INN/data=!4m10!3m9!1s0x31d98b003d2a0cbb:0xd6f65c8256d13971!5m2!4m1!1i2!8m2!3d1.150185!4d104.0050881!16s%2Fg%2F11vxq1c2_6!19sChIJuwwqPQCL2TERcTnRVoJc9tY?authuser=0&hl=en&rclk=1,0,Hospitality,Indonesia.Batam.Hotel.202408042041.db,places,null_required_column
5055,SPOT ON 91591 Rafika Homestay Syariah (2-star hotel),0.0,0,0,,,"MALL Bat, 13 Batam, Kepulauan Riau, 29400, Indonesia HARBOURBAY MALL, Jl. Nagoya Hill, Kepulauan Riau 29432, Indonesia",[object Object],+62 21 29707601,1.1502707,104.0057178,https://www.google.com/maps/place/SPOT+ON+91591+Rafika+Homestay+Syariah/data=!4m10!3m9!1s0x31d98bfa3ba1e1b5:0x1afba47d84ca0a57!5m2!4m1!1i2!8m2!3d1.1502707!4d104.0057178!16s%2Fg%2F11khzxdg9n!19sChIJteGhO_qL2TERVwrKhH2k-xo?authuser=0&hl=en&rclk=1,0,Hospitality,Indonesia.Batam.Hotel.202408042041.db,places,null_required_column
5059,,0.0,0,0,,,"Mall, Harbour Bay, 9, Jodoh River, Lubuk Baja, Batam City, Riau Islands 29432, Indonesia",[object Object],+62 21 29707601,,,https://www.google.com/maps/place/OYO+91423+Ringin+Pitu+1+Syariah/data=!4m10!3m9!1s0x31d98b5768140389:0x33e4b0841e48b220!5m2!4m1!1i2!8m2!3d1.149574!4d104.0061632!16s%2Fg%2F11txfqfk9z!19sChIJiQMUaFeL2TERILJIHoSw5DM?authuser=0&hl=en&rclk=1,0,Hospitality,Indonesia.Batam.Hotel.202408042041.db,places,null_required_column
5066,OYO 91253 Hotel Andi (Hotel Andi),4.1,48,0,,,"Jl. Bengkong Harapan 1, Bengkong Laut, Kec. Bengkong, Kota Batam, Kepulauan Riau 29457, Indonesia",[object Object],+62 21 29707601,1.1503985,104.0247629,"https://www.google.com/maps/place/OYO+91253+Hotel+Andi/@1.1503985,104.0247629,17z/data=!3m1!4b1!4m9!3m8!1s0x31d98996d5cd3869:0xbc67fa11e89e3e25!5m2!4m1!1i2!8m2!3d1.1503985!4d104.0247629!16s%2Fg%2F11b7q7t135?authuser=0&hl=en&entry=ttu&g_ep=EgoyMDI0MDgyOC4wIKXMDSoASAFQAw%3D%3D",0,Hospitality,Indonesia.Batam.Hotel.202408042041.db,places,null_required_column
5081,RedDoorz Plus near Marina City Waterfront Batam (Zeke Guest House),4.6,11,0,,,"Komplek Tiban I Blik D No. 173, Jl. Tiban Indah No.Raya, Patam Lestari, Kec. Sekupang, Kota Batam, Kepulauan Riau 29424, Indonesia",[object Object],+62 811-7033-211,1.077451,103.930677,https://www.google.com/maps/place/RedDoorz+Plus+near+Marina+City+Waterfront+Batam/data=!4m10!3m9!1s0x31d98cc46b505191:0x7396c0f91aaa2f90!5m2!4m1!1i2!8m2!3d1.077451!4d103.930677!16s%2Fg%2F1hm3jgpfj!19sChIJkVFQa8SM2TERkC-qGvnAlnM?authuser=0&hl=en&rclk=1,0,Hospitality,Indonesia.Batam.Hotel.202408042041.db,places,null_required_column
5088,,0.0,0,0,,,"4XFP+2QP, Tiban Indah, Sekupang, Batam City, Riau Islands 29424, Indonesia",[object Object],+62 804 104 0040,,,https://www.google.com/maps/place/OYO+91195+Manisee+1+Homestay+Syariah/data=!4m10!3m9!1s0x31d98bc1aaaaaabf:0x4bd9f05d0d1cafcc!5m2!4m1!1i2!8m2!3d1.1225922!4d103.9869538!16s%2Fg%2F11kb_5tm12!19sChIJv6qqqsGL2TERzK8cDV3w2Us?authuser=0&hl=en&rclk=1,0,Hospitality,Indonesia.Batam.Hotel.202408042041.db,places,null_required_column
5093,La Merry Resort,4.3,258,0,,,"QX2V+45P, Tarabitan, Likupang Barat, North Minahasa Regency, North Sulawesi, Indonesia",[object Object],+62 813-4041-9234,1.7503278,124.9929679,"https://www.google.com/maps/place/La+Merry+Resort/@1.7503278,124.9929679,17z/data=!3m1!4b1!4m9!3m8!1s0x3287b8606b281c51:0x1b3e37cc6b5c249e!5m2!4m1!1i2!8m2!3d1.7503278!4d124.9929679!16s%2Fg%2F11b6dqqwcb?authuser=0&hl=en&entry=ttu&g_ep=EgoyMDI0MDgyOC4wIKXMDSoASAFQAw%3D%3D",0,Hospitality,Indonesia.Batam.Hotel.202408042041.db,places,null_required_column
5115,Zest Harbour Bay Batam,4.6,3038,0,,,"Harbour Bay Complex Jalan Duyung Sei Jodoh, Jodoh River, Batu Ampar, Batam City, Riau Islands 29444, Indonesia",[object Object],+62 778 4089900,1.1550231,103.9986604,https://www.google.com/maps/place/Zest+Harbour+Bay+Batam/data=!4m10!3m9!1s0x31d98a23aa99a96d:0xe6beb5547fc1f011!5m2!4m1!1i2!8m2!3d1.1550231!4d103.9986604!16s%2Fg%2F11cmdfnkt9!19sChIJbamZqiOK2TEREfDBf1S1vuY?authuser=0&hl=en&rclk=1,0,Hospitality,Indonesia.Batam.Hotel.202408042041.db,places,null_required_column
5119,Batam Harbour Hotel 2,4.7,33,0,,,"5232+HJJ Blk. B, Jl. Harbour Bay Jl. Duyung No.08-09, Sungai Jodoh, Kec. Batu Ampar, Kota Batam, Kepulauan Riau, Indonesia",[object Object],+62 812-8189-8929,1.1539129,104.0015364,"https://www.google.com/maps/place/Batam+Harbour+Hotel+2/@1.1539129,104.0015364,17z/data=!3m1!4b1!4m9!3m8!1s0x31d98b8e55e6fd49:0xace1afc9c91df1da!5m2!4m1!1i2!8m2!3d1.1539129!4d104.0015364!16s%2Fg%2F11shghqjf8?authuser=0&hl=en&entry=ttu&g_ep=EgoyMDI0MDgyOC4wIKXMDSoASAFQAw%3D%3D",0,Hospitality,Indonesia.Batam.Hotel.202408042041.db,places,null_required_column
5121,SP Hotel,4.2,427,0,,,"Jl. Letjen Suprapto, Kibing, Kec. Sagulung, Kota Batam, Kepulauan Riau 29424, Indonesia",[object Object],+62 822-8591-1911,1.0416516,103.9815914,https://www.google.com/maps/place/SP+Hotel/data=!4m10!3m9!1s0x31d98db7bb0a6d6b:0xe63f5d466b781cef!5m2!4m1!1i2!8m2!3d1.0416516!4d103.9815914!16s%2Fg%2F11f659sq2c!19sChIJa20Ku7eN2TER7xx4a0ZdP-Y?authuser=0&hl=en&rclk=1,0,Hospitality,Indonesia.Batam.Hotel.202408042041.db,places,null_required_column
5136,OYO 93397 Hotel California (Hotel California),3.7,32,0,,,"Komplek Pasar Aviari Pratama, Jl. Letjend Suprapto, Buliang, Kec. Batu Aji, Kota Batam, Kepulauan Riau 29444, Indonesia",[object Object],+62 21 29707601,1.0515625,103.9703125,https://www.google.com/maps/place/OYO+93397+Hotel+California/data=!4m10!3m9!1s0x31d98da48da665d9:0xb448a0fc65b569b6!5m2!4m1!1i2!8m2!3d1.0515625!4d103.9703125!16s%2Fg%2F11b6d21dqn!19sChIJ2WWmjaSN2TERtmm1ZfygSLQ?authuser=0&hl=en&rclk=1,0,Hospitality,Indonesia.Batam.Hotel.202408042041.db,places,null_required_column
5147,Zudo hotel batam,4.0,20,0,,,"Ruko Istana, Jl. Pertiwi No.16, Bukit Tempayan, Kec. Batu Aji, Kota Batam, Kepulauan Riau 29425, Indonesia",[object Object],+62 821-7007-6603,1.0495065,103.9675069,https://www.google.com/maps/place/Zudo+hotel+batam/data=!4m10!3m9!1s0x31d98d5dc4504555:0x236ad69e3d3d44ce!5m2!4m1!1i2!8m2!3d1.0495065!4d103.9675069!16s%2Fg%2F11tjhk_h7q!19sChIJVUVQxF2N2TERzkQ9PZ7WaiM?authuser=0&hl=en&rclk=1,0,Hospitality,Indonesia.Batam.Hotel.202408042041.db,places,null_required_column
5152,,0.0,0,0,,,"Sebelah UNRIKA) UNRIKA, 100, Jl. Pahlawan No.100, Bukit Tempayan, Kec. Batu Aji, Kota Batam, Kepulauan Riau 29425, Indonesia",[object Object],+62 21 80629666,,,https://www.google.com/maps/place/RedDoorz+near+Universitas+Riau+Kepulauan/data=!4m10!3m9!1s0x31d98de45d1c35e3:0xba1dd6c842e45068!5m2!4m1!1i2!8m2!3d1.0477212!4d103.9682719!16s%2Fg%2F11y5v_v055!19sChIJ4zUcXeSN2TERaFDkQsjWHbo?authuser=0&hl=en&rclk=1,0,Hospitality,Indonesia.Batam.Hotel.202408042041.db,places,null_required_column
5181,Hotel 81 Inn,3.8,55,0,,,"Unnamed Road, Tj. Uncang, Kec. Batu Aji, Kota Batam, Kepulauan Riau 29425, Indonesia",[object Object],+62 778 7432888,1.0493259,103.9439142,https://www.google.com/maps/place/Hotel+81+Inn/data=!4m10!3m9!1s0x31d98de656c5a267:0xf1d90542a202b554!5m2!4m1!1i2!8m2!3d1.0493259!4d103.9439142!16s%2Fg%2F11h_x9wgdr!19sChIJZ6LFVuaN2TERVLUCokIF2fE?authuser=0&hl=en&rclk=1,0,Hospitality,Indonesia.Batam.Hotel.202408042041.db,places,null_required_column
5217,OYO 428 Hope Hotel,4.2,130,0,,,"17, Jalan Cenderai 1/1, Taman Perindustrian Kota Puteri, 81750 Johor Bahru, Johor, Malaysia",[object Object],+60 3-5037 8296,1.4998858,103.8507779,"https://www.google.com/maps/place/OYO+428+Hope+Hotel/@1.4998858,103.8507779,17z/data=!3m1!4b1!4m9!3m8!1s0x31da6bb64a56eb0b:0x1b64f15bde668b62!5m2!4m1!1i2!8m2!3d1.4998858!4d103.8507779!16s%2Fg%2F11gnpy9hlb?authuser=0&hl=en&entry=ttu&g_ep=EgoyMDI0MDgyOC4wIKXMDSoASAFQAw%3D%3D",0,Hospitality,Indonesia.Batam.Hotel.202408042041.db,places,null_required_column
5239,FOX Hotel Pekanbaru,4.5,3152,0,,,"Jl. Riau No.147, Padang Terubuk, Kec. Senapelan, Kota Pekanbaru, Riau 28154, Indonesia",[object Object],+62 761 7415999,0.5343949,101.429542,https://www.google.com/maps/place/FOX+Hotel+Pekanbaru/data=!4m10!3m9!1s0x31d5ab8b48f2ae21:0x421fbb59e828008d!5m2!4m1!1i2!8m2!3d0.5343949!4d101.429542!16s%2Fg%2F11gfn_6134!19sChIJIa7ySIur1TERjQAo6Fm7H0I?authuser=0&hl=en&rclk=1,0,Hospitality,Indonesia.Batam.Hotel.202408042041.db,places,null_required_column
5243,Ayola First Point Pekanbaru,4.3,2202,0,,,"Jl. HR. Soebrantas No.98, Delima, Panam, Kota Pekanbaru, Riau 28297, Indonesia",[object Object],+62 761 8418889,0.4646554,101.409796,https://www.google.com/maps/place/Ayola+First+Point+Pekanbaru/data=!4m10!3m9!1s0x31d5a8ea208124f5:0xdb8f3421b81f8602!5m2!4m1!1i2!8m2!3d0.4646554!4d101.409796!16s%2Fg%2F11c0xwzcnc!19sChIJ9SSBIOqo1TERAoYfuCE0j9s?authuser=0&hl=en&rclk=1,0,Hospitality,Indonesia.Batam.Hotel.202408042041.db,places,null_required_column
5261,Telunas Private Island,4.7,203,0,,,"Sugie, Moro, Karimun Regency, Riau Islands 29663, Indonesia",[object Object],+62 811-7710-951,0.7837355,103.7707183,https://www.google.com/maps/place/Telunas+Private+Island/data=!4m10!3m9!1s0x31d9c4f46b330a8d:0x8d7bdb66a8f6f02c!5m2!4m1!1i2!8m2!3d0.7837355!4d103.7707183!16s%2Fg%2F11xf2mbsb!19sChIJjQoza_TE2TERLPD2qGbbe40?authuser=0&hl=en&rclk=1,0,Hospitality,Indonesia.Batam.Hotel.202408042041.db,places,null_required_column
5267,Telunas Beach Resort,4.6,188,0,,,"Pulau Sugi, Mentangun, Moro, Kabupaten Karimun, Kepulauan Riau 29462, Indonesia",[object Object],+62 811-7710-951,0.7934867,103.7791542,https://www.google.com/maps/place/Telunas+Beach+Resort/data=!4m10!3m9!1s0x31d9c465a12add39:0xa03488732a8100bc!5m2!4m1!1i2!8m2!3d0.7934867!4d103.7791542!16s%2Fg%2F11cm_gt_fr!19sChIJOd0qoWXE2TERvACBKnOINKA?authuser=0&hl=en&rclk=1,0,Hospitality,Indonesia.Batam.Hotel.202408042041.db,places,null_required_column
5268,The Residence Bintan,4.6,1010,0,,,"Kampung Galang Batang, RT.005/RW.003, Gn. Kijang, Kec. Gn. Kijang, Kabupaten Bintan, Kepulauan Riau 29151, Indonesia",[object Object],+62 778 6000888,0.9426342,104.6571891,https://www.google.com/maps/place/The+Residence+Bintan/data=!4m10!3m9!1s0x31d941fd5f2a80b7:0x7e4784ccddfb8d!5m2!4m1!1i2!8m2!3d0.9426342!4d104.6571891!16s%2Fg%2F11hbr2bw8_!19sChIJt4AqX_1B2TERjfvdzIRHfgA?authuser=0&hl=en&rclk=1,0,Hospitality,Indonesia.Batam.Hotel.202408042041.db,places,null_required_column
5279,Natra Bintan  a Tribute Portfolio Resort,4.6,2196,0,,,"Jalan Raya Haji Km 01 Kawasan Pariwisata, Sebong Lagoi, Bintan Island, Riau Islands 29152, Indonesia",[object Object],+62 770 692252,1.1603275,104.3336446,"https://www.google.com/maps/place/Natra+Bintan,+a+Tribute+Portfolio+Resort/data=!4m10!3m9!1s0x31d97e3351dd6a67:0x1d904cea389bfda5!5m2!4m1!1i2!8m2!3d1.1603275!4d104.3336446!16s%2Fg%2F11bzs16cl6!19sChIJZ2rdUTN-2TERpf2bOOpMkB0?authuser=0&hl=en&rclk=1",0,Hospitality,Indonesia.Batam.Hotel.202408042041.db,places,null_required_column
5281,Cassia Bintan,4.7,1574,0,,,"Laguna Bintan Resort, Jalan Teluk Berembang, Sebong Lagoi, Bintan Resorts, Bintan Regency, Riau Islands 29155, Indonesia",[object Object],+62 770 693111,1.1849071,104.3428468,https://www.google.com/maps/place/Cassia+Bintan/data=!4m10!3m9!1s0x31dbd59a6401cb37:0x26f459bf8bb71ad9!5m2!4m1!1i2!8m2!3d1.1849071!4d104.3428468!16s%2Fg%2F11f049hjs3!19sChIJN8sBZJrV2zER2Rq3i79Z9CY?authuser=0&hl=en&rclk=1,0,Hospitality,Indonesia.Batam.Hotel.202408042041.db,places,null_required_column
5284,OYO 1298 D'lira Syariah Hotel (D'Lira Syariah Hotel),4.1,295,0,,,"Jl. Pepaya No.73, Jadirejo, Kec. Pekanbaru Kota, Kota Pekanbaru, Riau 28284, Indonesia",[object Object],+62 21 29707601,0.5109621,101.4472148,https://www.google.com/maps/place/OYO+1298+D%27lira+Syariah+Hotel/data=!4m10!3m9!1s0x31d5aea8051dc161:0x53e4e85f7f1cdfd5!5m2!4m1!1i2!8m2!3d0.5109621!4d101.4472148!16s%2Fg%2F12vrb124b!19sChIJYcEdBaiu1TER1d8cf1_o5FM?authuser=0&hl=en&rclk=1,0,Hospitality,Indonesia.Batam.Hotel.202408042041.db,places,null_required_column
5292,Angkasa Garden Hotel Pekanbaru,4.3,1250,0,,,"Jl. Dr. Setia Budhi No.107, Rintis, Kec. Lima Puluh, Kota Pekanbaru, Riau 28141, Indonesia",[object Object],+62 761 22178,0.536672,101.4526422,https://www.google.com/maps/place/Angkasa+Garden+Hotel+Pekanbaru/data=!4m10!3m9!1s0x31d5ac6b7783ce71:0x95b6669a2174dcda!5m2!4m1!1i2!8m2!3d0.536672!4d101.4526422!16s%2Fg%2F1tdcjgl0!19sChIJcc6Dd2us1TER2tx0IZpmtpU?authuser=0&hl=en&rclk=1,0,Hospitality,Indonesia.Batam.Hotel.202408042041.db,places,null_required_column
5293,Indra Maya Pool Villas,4.7,619,0,,,"Jalan Panglima Pantar, Sebong Lagoi, Kec. Tlk. Sebong, Kabupaten Bintan, Kepulauan Riau 29155, Indonesia",[object Object],+62 770 692505,1.1796227,104.3117967,https://www.google.com/maps/place/Indra+Maya+Pool+Villas/data=!4m10!3m9!1s0x31da19a0af14bae3:0x9a636b6eef6a99b!5m2!4m1!1i2!8m2!3d1.1796227!4d104.3117967!16s%2Fg%2F1td9y675!19sChIJ47oUr6AZ2jERm6n27rY2pgk?authuser=0&hl=en&rclk=1,0,Hospitality,Indonesia.Batam.Hotel.202408042041.db,places,null_required_column
5297,Super OYO Collection O 91397 Tasqya Costel Syariah (Tasqya Costel Paus),4.5,126,0,,,"Jl. Paus Kelurahan No.26, Tengkerang Tengah, Kec. Marpoyan Damai, Kota Pekanbaru, Riau 28282, Indonesia",[object Object],+62 813-7216-3897,0.4899297,101.438731,https://www.google.com/maps/place/Super+OYO+Collection+O+91397+Tasqya+Costel+Syariah/data=!4m10!3m9!1s0x31d5afd2650dfa03:0x24d15deb8b6f3e81!5m2!4m1!1i2!8m2!3d0.4899297!4d101.438731!16s%2Fg%2F11t5x74sy2!19sChIJA_oNZdKv1TERgT5vi-td0SQ?authuser=0&hl=en&rclk=1,0,Hospitality,Indonesia.Batam.Hotel.202408042041.db,places,null_required_column
5306,Hotel 81 Tristar,3.9,1024,0,,,"1 Onan Rd, Singapore 424780",[object Object],6244 8181,1.3157896,103.8971829,https://www.google.com/maps/place/Hotel+81+Tristar/data=!4m10!3m9!1s0x31da1810b442d4ad:0x16bf89c37011eace!5m2!4m1!1i2!8m2!3d1.3157896!4d103.8971829!16s%2Fg%2F1tk6x_tw!19sChIJrdRCtBAY2jERzuoRcMOJvxY?authuser=0&hl=en&rclk=1,0,Hospitality,Indonesia.Batam.Hotel.202408042041.db,places,null_required_column
5329,Homestay D3,5.0,10,0,,,"Ruko Citra Mas, Jl. Pembangunan Blk. D No.3, Batu Selicin, Lubuk Baja, Batam City, Riau Islands 29444, Indonesia",[object Object],+62 813-6431-1588,1.1362122,104.0071167,https://www.google.com/maps/place/Homestay+D3/data=!4m10!3m9!1s0x31d98b007d3f3ed7:0x37fbfc4f2f2c7fad!5m2!4m1!1i2!8m2!3d1.1362122!4d104.0071167!16s%2Fg%2F11w20hxng7!19sChIJ1z4_fQCL2TERrX8sL0_8-zc?authuser=0&hl=en&rclk=1,0,Hospitality,Indonesia.Batam.Hotel.202408042041.db,places,null_required_column
5332,Hotel Graha (Hotel),0.0,0,0,,,"Jl. Imam Bonjol No.21, Sungai Jodoh, Kec. Batu Ampar, Kota Batam, Kepulauan Riau 29444, Indonesia",[object Object],+62 778 456141,1.149743,104.008264,https://www.google.com/maps/place/Hotel+Graha/data=!4m7!3m6!1s0x31d989883a33d70b:0xd81c53f99bb06e45!8m2!3d1.149743!4d104.008264!16s%2Fg%2F11bc7nb68b!19sChIJC9czOoiJ2TERRW6wm_lTHNg?authuser=0&hl=en&rclk=1,0,Hospitality,Indonesia.Batam.Hotel.202408042041.db,places,null_required_column
5336,Airy Greenland Ahmad Yani Batam,3.9,194,0,,,"42FX+QCR, Teluk Tering, Batam Kota, Batam City, Riau Islands 29444, Indonesia",[object Object],+62 21 29775816,1.124487,104.0485101,https://www.google.com/maps/place/Airy+Greenland+Ahmad+Yani+Batam/data=!4m10!3m9!1s0x31d9891ea8601f2b:0x2357c15e1fcb90cc!5m2!4m1!1i2!8m2!3d1.124487!4d104.0485101!16s%2Fg%2F11b73ldh5m!19sChIJKx9gqB6J2TERzJDLH17BVyM?authuser=0&hl=en&rclk=1,0,Hospitality,Indonesia.Batam.Hotel.202408042041.db,places,null_required_column
5337,Green Rose Hotel,4.0,318,0,,,"Panas River, Batam Kota, Batam City, Riau Islands 29444, Indonesia",[object Object],+62 778 4883999,1.1255041,104.0268578,https://www.google.com/maps/place/Green+Rose+Hotel/data=!4m10!3m9!1s0x31d9896c6eded733:0xb3d14a5a5b06925!5m2!4m1!1i2!8m2!3d1.1255041!4d104.0268578!16s%2Fg%2F11c6s45t52!19sChIJM9febmyJ2TERJWmwpaUUPQs?authuser=0&hl=en&rclk=1,0,Hospitality,Indonesia.Batam.Hotel.202408042041.db,places,null_required_column
5343,JO Hotel Johor Bahru,3.7,970,0,,,"15, Jalan Gereja, Bandar Johor Bahru, 80100 Johor Bahru, Johor, Malaysia",[object Object],+60 12-788 1943,1.4655425,103.7603367,https://www.google.com/maps/place/JO+Hotel+Johor+Bahru/data=!4m10!3m9!1s0x31da12c5ac955555:0x37b7b2c93ae895de!5m2!4m1!1i2!8m2!3d1.4655425!4d103.7603367!16s%2Fg%2F11clhq4bjf!19sChIJVVWVrMUS2jER3pXoOsmytzc?authuser=0&hl=en&rclk=1,0,Hospitality,Indonesia.Batam.Hotel.202408042041.db,places,null_required_column
5344,Hotel Indomas,3.9,104,0,,,"Jodoh River, Batu Ampar, Batam City, Riau Islands 29444, Indonesia",[object Object],,1.1515406,104.0059644,https://www.google.com/maps/place/Hotel+Indomas/data=!4m10!3m9!1s0x31d98a276a30bcbb:0xcced3d7b5defbcbb!5m2!4m1!1i2!8m2!3d1.1515406!4d104.0059644!16s%2Fg%2F1hm3qf34g!19sChIJu7wwaieK2TERu7zvXXs97cw?authuser=0&hl=en&rclk=1,0,Hospitality,Indonesia.Batam.Hotel.202408042041.db,places,null_required_column
5348,Hotel Koperasi GKP-RI Aceh,4.2,92,0,,,"Jl. Soekarno - Hatta, Lamreung, Kec. Darul Imarah, Kabupaten Aceh Besar, Aceh 23242, Indonesia",[object Object],,5.5143888,95.3325819,https://www.google.com/maps/place/Hotel+Koperasi+GKP-RI+Aceh/data=!4m10!3m9!1s0x304039502586668f:0x222930da4d7b9e1b!5m2!4m1!1i2!8m2!3d5.5143888!4d95.3325819!16s%2Fg%2F11gk91767x!19sChIJj2aGJVA5QDARG557TdowKSI?authuser=0&hl=en&rclk=1,0,Hospitality,Indonesia.Batam.Hotel.202408042041.db,places,null_required_column
5349,The Pade Hotel (Hotel The Pade),4.3,1833,0,,,"Jl. Soekarno - Hatta No.1, Daroy Kameu, Kec. Darul Imarah, Kabupaten Aceh Besar, Aceh 23231, Indonesia",[object Object],+62 811-6807-074,5.5172831,95.3167276,https://www.google.com/maps/place/The+Pade+Hotel/data=!4m10!3m9!1s0x304039db564c6a7d:0xfb73b63d05e6fa0f!5m2!4m1!1i2!8m2!3d5.5172831!4d95.3167276!16s%2Fg%2F1229dtlm!19sChIJfWpMVts5QDARD_rmBT22c_s?authuser=0&hl=en&rclk=1,0,Hospitality,Indonesia.Batam.Hotel.202408042041.db,places,null_required_column
5350,Hotel Medan,4.1,1326,0,,,"Jl. Jend. Ahmad Yani No.17, Peunayong, Kec. Kuta Alam, Kota Banda Aceh, Aceh, Indonesia",[object Object],+62 651 21501,5.5574522,95.3187103,https://www.google.com/maps/place/Hotel+Medan/data=!4m10!3m9!1s0x30403737df2aff93:0x42083d304b99e444!5m2!4m1!1i2!8m2!3d5.5574522!4d95.3187103!16s%2Fg%2F1ptxwt8_b!19sChIJk_8q3zc3QDARROSZSzA9CEI?authuser=0&hl=en&rclk=1,0,Hospitality,Indonesia.Batam.Hotel.202408042041.db,places,null_required_column
5351,Hotel Hip Hope,4.3,943,0,,,"Jl. Moh. Jam No.70, Kp. Baru, Kec. Baiturrahman, Kota Banda Aceh, Aceh 23116, Indonesia",[object Object],+62 651 35735,5.5529895,95.3145353,https://www.google.com/maps/place/Hotel+Hip+Hope/data=!4m10!3m9!1s0x3040374c11fcdb83:0x90feb7dd1c7e5bf1!5m2!4m1!1i2!8m2!3d5.5529895!4d95.3145353!16s%2Fg%2F11b6d59yqb!19sChIJg9v8EUw3QDAR8Vt-HN23_pA?authuser=0&hl=en&rclk=1,0,Hospitality,Indonesia.Batam.Hotel.202408042041.db,places,null_required_column
5352,Taman Tepi Laut Lhoknga Hotel,4.2,96,0,,,"Jl. Meulaboh - Banda Aceh No.Km. 17, RW.5, Mon Ikeun, Kec. Lhoknga, Kabupaten Aceh Besar, Aceh 23116, Indonesia",[object Object],+62 811-1080-818,5.4427315,95.2407296,https://www.google.com/maps/place/Taman+Tepi+Laut+Lhoknga+Hotel/data=!4m10!3m9!1s0x304030992ebdf855:0xee7c9499ee08ba43!5m2!4m1!1i2!8m2!3d5.4427315!4d95.2407296!16s%2Fg%2F1pzsyrxrm!19sChIJVfi9LpkwQDARQ7oI7pmUfO4?authuser=0&hl=en&rclk=1,0,Hospitality,Indonesia.Batam.Hotel.202408042041.db,places,null_required_column
5353,Super OYO Capital O 1630 Hotel Syariah Ring Road (Ring Road Hotel),3.8,457,0,,,"Landom, Lueng Bata, Banda Aceh City, Aceh 23122, Indonesia",[object Object],+62 21 29707601,5.5304327,95.3305545,"https://www.google.com/maps/place/Super+OYO+Capital+O+1630+Hotel+Syariah+Ring+Road/@5.5304327,95.3305545,17z/data=!3m1!4b1!4m9!3m8!1s0x304039e77a6557c5:0x6c5799e4236c0a36!5m2!4m1!1i2!8m2!3d5.5304327!4d95.3305545!16s%2Fg%2F11b75qx7s2?authuser=0&hl=en&entry=ttu&g_ep=EgoyMDI0MDgyOC4wIKXMDSoASAFQAw%3D%3D",0,Hospitality,Indonesia.Batam.Hotel.202408042041.db,places,null_required_column
5354,Hotel Kuala Radja,4.1,374,0,,,"Jalan Teuku Daud Beureu’eh, No. 187, Kelurahan Lampriet, Kecamatan Kuta Alang, Bandar Baru, Kec. Kuta Alam, Kota Banda Aceh, Aceh 23241, Indonesia",[object Object],+62 651 29687,5.5657738,95.3371222,https://www.google.com/maps/place/Hotel+Kuala+Radja/data=!4m10!3m9!1s0x30403740b4f10d17:0xd46e6b4c4d216bd1!5m2!4m1!1i2!8m2!3d5.5657738!4d95.3371222!16s%2Fg%2F1ptyg4g05!19sChIJFw3xtEA3QDAR0WshTUxrbtQ?authuser=0&hl=en&rclk=1,0,Hospitality,Indonesia.Batam.Hotel.202408042041.db,places,null_required_column
5355,PLUM Hotel Lading Banda Aceh,4.1,424,0,,,"Jl. Cut Mutia No.19, Kp. Baru, Kec. Baiturrahman, Kota Banda Aceh, Aceh 23242, Indonesia",[object Object],+62 811-6888-089,5.5558086,95.3174426,https://www.google.com/maps/place/PLUM+Hotel+Lading+Banda+Aceh/data=!4m10!3m9!1s0x30403749a126f639:0x9ff50911ab5454e1!5m2!4m1!1i2!8m2!3d5.5558086!4d95.3174426!16s%2Fg%2F11cfhkw6h!19sChIJOfYmoUk3QDAR4VRUqxEJ9Z8?authuser=0&hl=en&rclk=1,0,Hospitality,Indonesia.Batam.Hotel.202408042041.db,places,null_required_column
5356,Hotel Maroon,3.6,258,0,,,"FRM6+PV8, Pulo Sanggar, Babussalam, Southeast Aceh, Aceh 24651, Indonesia",[object Object],+62 629 21078,3.4842959,97.812205,https://www.google.com/maps/place/Hotel+Maroon/data=!4m10!3m9!1s0x3030a73e9f8c1387:0xaf8aecc64e23cc61!5m2!4m1!1i2!8m2!3d3.4842959!4d97.812205!16s%2Fg%2F11bxc7q0c2!19sChIJhxOMnz6nMDARYcwjTsbsiq8?authuser=0&hl=en&rclk=1,0,Hospitality,Indonesia.Batam.Hotel.202408042041.db,places,null_required_column
5358,Capital O 92096 Kuala Ulee Lheue Residence Syariah,3.3,50,0,,,"Indonesia ali kupi, 23241, 73, Lampaseh Kota, Kuta Raja, Banda Aceh City, Aceh 23241, Indonesia",[object Object],+62 21 29707601,5.5588941,95.3090282,https://www.google.com/maps/place/Capital+O+92096+Kuala+Ulee+Lheue+Residence+Syariah/data=!4m10!3m9!1s0x304031eb237c8aa5:0x2c408a9ffa075170!5m2!4m1!1i2!8m2!3d5.5588941!4d95.3090282!16s%2Fg%2F11tp2f23_x!19sChIJpYp8I-sxQDARcFEH-p-KQCw?authuser=0&hl=en&rclk=1,0,Hospitality,Indonesia.Batam.Hotel.202408042041.db,places,null_required_column
5359,Hotel Kyriad Muraya,4.5,3530,0,,,"Jl. Tgk. Moh. Daud Beureueh No.5, Laksana, Kec. Kuta Alam, Kota Banda Aceh, Aceh 23122, Indonesia",[object Object],+62 651 6300123,5.5564827,95.3223241,"https://www.google.com/maps/place/Hotel+Kyriad+Muraya/@5.5564827,95.3223241,17z/data=!3m1!4b1!4m9!3m8!1s0x30403747b3f571d7:0x308adaca83dd1d8c!5m2!4m1!1i2!8m2!3d5.5564827!4d95.3223241!16s%2Fg%2F11cjhzz70h?authuser=0&hl=en&entry=ttu&g_ep=EgoyMDI0MDgyOC4wIKXMDSoASAFQAw%3D%3D",0,Hospitality,Indonesia.Batam.Hotel.202408042041.db,places,null_required_column
5361,Grand Aceh Hotel,3.9,571,0,,,"Jl. Dr. Mr. Mohd Hasan, Sukadamai, Kec. Lueng Bata, Kota Banda Aceh, Aceh 23127, Indonesia",[object Object],+62 822-8380-1100,5.5485836,95.3299402,https://www.google.com/maps/place/Grand+Aceh+Hotel/data=!4m10!3m9!1s0x30403742b607e2a9:0xe852c31754754718!5m2!4m1!1i2!8m2!3d5.5485836!4d95.3299402!16s%2Fg%2F11clv_q3dk!19sChIJqeIHtkI3QDARGEd1VBfDUug?authuser=0&hl=en&rclk=1,0,Hospitality,Indonesia.Batam.Hotel.202408042041.db,places,null_required_column
5362,Amel Hotel (Hotel Amel Convention Hall),4.3,292,0,,,"Gp, Jl. Sultan Iskandar Muda, Blang Oi, Kec. Meuraxa, Kota Banda Aceh, Aceh 23233, Indonesia",[object Object],+62 823-2000-0048,5.5521329,95.3023152,https://www.google.com/maps/place/Amel+Hotel/data=!4m10!3m9!1s0x304031bf403b99df:0xca46af412c292978!5m2!4m1!1i2!8m2!3d5.5521329!4d95.3023152!16s%2Fg%2F11qp3l4l5w!19sChIJ35k7QL8xQDAReCkpLEGvRso?authuser=0&hl=en&rclk=1,0,Hospitality,Indonesia.Batam.Hotel.202408042041.db,places,null_required_column
5363,OYO 2328 Lamnyong Syariah,4.0,135,0,,,"Lamgugob, Syiah Kuala, Banda Aceh City, Aceh, Indonesia",[object Object],+62 21 29707601,5.5776986,95.3549036,"https://www.google.com/maps/place/OYO+2328+Lamnyong+Syariah/@5.5776986,95.3549036,17z/data=!3m1!4b1!4m9!3m8!1s0x304037ab1c75319d:0x548f0d646aa7ff7!5m2!4m1!1i2!8m2!3d5.5776986!4d95.3549036!16s%2Fg%2F11bw4v0whf?authuser=0&hl=en&entry=ttu&g_ep=EgoyMDI0MDgyOC4wIKXMDSoASAFQAw%3D%3D",0,Hospitality,Indonesia.Batam.Hotel.202408042041.db,places,null_required_column
5364,AcehNgoeHotel (Hotel),0.0,0,0,,,"Jl. Nyak Adam Kamil 1 No.28, Peuniti, Kec. Baiturrahman, Kota Banda Aceh, Aceh 23116, Indonesia",[object Object],,5.5459251,95.323047,https://www.google.com/maps/place/AcehNgoeHotel/data=!4m7!3m6!1s0x3040370002a3cd69:0xd7b4b642c8d42ff3!8m2!3d5.5459251!4d95.323047!16s%2Fg%2F11vzbz792y!19sChIJac2jAgA3QDAR8y_UyEK2tNc?authuser=0&hl=en&rclk=1,0,Hospitality,Indonesia.Batam.Hotel.202408042041.db,places,null_required_column
5369,Alhambra Hotel Banda Aceh (PARKSIDE ALHAMBRA HOTEL),4.6,126,0,,,"Jl. Pante Pirak No.10, Simpang Lima, Kec. Kuta Alam, Kota Banda Aceh, Aceh 23127, Indonesia",[object Object],+62 853-9222-8838,5.5555478,95.3219149,https://www.google.com/maps/place/Alhambra+Hotel+Banda+Aceh/data=!4m10!3m9!1s0x304037d48df539a1:0x284abe9b638234fd!5m2!4m1!1i2!8m2!3d5.5555478!4d95.3219149!16s%2Fg%2F11tk9y7l63!19sChIJoTn1jdQ3QDAR_TSCY5u-Sig?authuser=0&hl=en&rclk=1,0,Hospitality,Indonesia.Batam.Hotel.202408042041.db,places,null_required_column
5371,Kumala Hotel,4.3,660,0,,,"Jl. Prof. Ali Hasyimi No.9-10, Lamteh, Kec. Ulee Kareng, Kota Banda Aceh, Aceh 23118, Indonesia",[object Object],+62 811-6835-855,5.5514115,95.3453647,https://www.google.com/maps/place/Kumala+Hotel/data=!4m10!3m9!1s0x304037711986c621:0x9828ac1cd87d07d0!5m2!4m1!1i2!8m2!3d5.5514115!4d95.3453647!16s%2Fg%2F11ckqrc334!19sChIJIcaGGXE3QDAR0Ad92BysKJg?authuser=0&hl=en&rclk=1,0,Hospitality,Indonesia.Batam.Hotel.202408042041.db,places,null_required_column
5373,My Home Hotel Aceh,4.6,39,0,,,"Jl Sri Ratu Safiatuddin Block 6-8 C, Peunayong, Kota Banda Aceh, Aceh 23122, Indonesia",[object Object],+62 811-6880-309,5.5562393,95.3202007,https://www.google.com/maps/place/My+Home+Hotel+Aceh/data=!4m10!3m9!1s0x304037e714f60ff5:0x3e065603363be38c!5m2!4m1!1i2!8m2!3d5.5562393!4d95.3202007!16s%2Fg%2F11sbyxx26m!19sChIJ9Q_2FOc3QDARjOM7NgNWBj4?authuser=0&hl=en&rclk=1,0,Hospitality,Indonesia.Batam.Hotel.202408042041.db,places,null_required_column
5375,Hotel Rasamala Indah,4.2,626,0,,,"Jl. Teuku Umar No.257, Geuceu Kayee Jato, Kec. Banda Raya, Kota Banda Aceh, Aceh 23239, Indonesia",[object Object],+62 651 48447,5.5379553,95.3078754,https://www.google.com/maps/place/Hotel+Rasamala+Indah/data=!4m10!3m9!1s0x30403960ffffffff:0x79a78d1150294aa5!5m2!4m1!1i2!8m2!3d5.5379553!4d95.3078754!16s%2Fg%2F12hnl5bvc!19sChIJ_____2A5QDARpUopUBGNp3k?authuser=0&hl=en&rclk=1,0,Hospitality,Indonesia.Batam.Hotel.202408042041.db,places,null_required_column
5376,Senebu Rambung (Hotel),0.0,0,0,,,"XQ2C+356, Gampong Aceh, Idi Rayeuk, East Aceh Regency, Aceh, Indonesia",[object Object],,4.9501675,97.770381,https://www.google.com/maps/place/Senebu+Rambung/data=!4m7!3m6!1s0x303801007c56d541:0xa6d71f52023fb943!8m2!3d4.9501675!4d97.770381!16s%2Fg%2F11vz5lrgjv!19sChIJQdVWfAABODARQ7k_AlIf16Y?authuser=0&hl=en&rclk=1,0,Hospitality,Indonesia.Batam.Hotel.202408042041.db,places,null_required_column
5377,SEVENTEEN17 HOTEL,4.3,847,0,,,"G8Q5+VJC, Seutui, Baiturrahman, Banda Aceh City, Aceh 23116, Indonesia",[object Object],+62 853-5885-3623,5.5396883,95.3090167,https://www.google.com/maps/place/SEVENTEEN17+HOTEL/data=!4m10!3m9!1s0x304030aac21836c5:0x56bfb533cc35b5a0!5m2!4m1!1i2!8m2!3d5.5396883!4d95.3090167!16s%2Fg%2F11dxkz_mcc!19sChIJxTYYwqowQDARoLU1zDO1v1Y?authuser=0&hl=en&rclk=1,0,Hospitality,Indonesia.Batam.Hotel.202408042041.db,places,null_required_column
5378,Lala Hostel,4.8,57,0,,,"Jl. Tgk. Moh. Daud Beureueh No.77, Beurawe, Kec. Kuta Alam, Kota Banda Aceh, Aceh 23124, Indonesia",[object Object],+62 812-6925-0322,5.5588194,95.330521,https://www.google.com/maps/place/Lala+Hostel/data=!4m10!3m9!1s0x304037635440ed31:0x67a81f1039c36ec8!5m2!4m1!1i2!8m2!3d5.5588194!4d95.330521!16s%2Fg%2F11rc6my_27!19sChIJMe1AVGM3QDARyG7DORAfqGc?authuser=0&hl=en&rclk=1,0,Hospitality,Indonesia.Batam.Hotel.202408042041.db,places,null_required_column
5379,Asra (Hotel 61),3.8,486,0,,,"Jl. T. Panglima Polem No.32-34, Laksana, Kec. Kuta Alam, Kota Banda Aceh, Aceh 23122, Indonesia",[object Object],+62 651 638866,5.5593663,95.3213398,https://www.google.com/maps/place/Asra/data=!4m10!3m9!1s0x30403747c9d967cd:0x4927c09f2ecd1f3c!5m2!4m1!1i2!8m2!3d5.5593663!4d95.3213398!16s%2Fg%2F1hc16zhd7!19sChIJzWfZyUc3QDARPB_NLp_AJ0k?authuser=0&hl=en&rclk=1,0,Hospitality,Indonesia.Batam.Hotel.202408042041.db,places,null_required_column
5380,Portola Grand Arabia Hotel,4.4,1361,0,,,"Jl. Prof. A. Majid Ibrahim II No.3, Kp. Baru, Kec. Baiturrahman, Kota Banda Aceh, Aceh 23246, Indonesia",[object Object],+62 811-6505-200,5.5516545,95.3133069,https://www.google.com/maps/place/Portola+Grand+Arabia+Hotel/data=!4m10!3m9!1s0x3040374d6bc5ac4d:0xe1f37611722102c5!5m2!4m1!1i2!8m2!3d5.5516545!4d95.3133069!16s%2Fg%2F1pzxqtcy9!19sChIJTazFa003QDARxQIhchF28-E?authuser=0&hl=en&rclk=1,0,Hospitality,Indonesia.Batam.Hotel.202408042041.db,places,null_required_column
5381,Portola Arabia Hotel,4.1,904,0,,,"Jl. Khairil Anwar No.55, Peunayong, Kec. Kuta Alam, Kota Banda Aceh, Aceh 23122, Indonesia",[object Object],+62 811-6505-500,5.5577848,95.3202096,https://www.google.com/maps/place/Portola+Arabia+Hotel/data=!4m10!3m9!1s0x3040376c1b1aa32b:0x4a5cae196a1700f4!5m2!4m1!1i2!8m2!3d5.5577848!4d95.3202096!16s%2Fg%2F11r8ct9cj!19sChIJK6MaG2w3QDAR9AAXahmuXEo?authuser=0&hl=en&rclk=1,0,Hospitality,Indonesia.Batam.Hotel.202408042041.db,places,null_required_column
5382,Garuda Hotel Managed By Calandra,4.6,69,0,,,"H838+245, Kampung Baru, Baiturrahman, Banda Aceh City, Aceh 23116, Indonesia",[object Object],+62 812-7927-0745,5.5526274,95.3152599,https://www.google.com/maps/place/Garuda+Hotel+Managed+By+Calandra/data=!4m10!3m9!1s0x304037a9e1e1a61b:0x4612d259edaf35dc!5m2!4m1!1i2!8m2!3d5.5526274!4d95.3152599!16s%2Fg%2F11qg0120n2!19sChIJG6bh4ak3QDAR3DWv7VnSEkY?authuser=0&hl=en&rclk=1,0,Hospitality,Indonesia.Batam.Hotel.202408042041.db,places,null_required_column
5383,Ayani Hotel Banda Aceh,4.5,1829,0,,,"Jl. Jend. Ahmad Yani No.20, Peunayong, Kec. Kuta Alam, Kota Banda Aceh, Aceh 23122, Indonesia",[object Object],+62 651 8012111,5.5570339,95.3193251,https://www.google.com/maps/place/Ayani+Hotel+Banda+Aceh/data=!4m10!3m9!1s0x30403748421bf785:0xc7d116533d0b5450!5m2!4m1!1i2!8m2!3d5.5570339!4d95.3193251!16s%2Fg%2F11c1l49977!19sChIJhfcbQkg3QDARUFQLPVMW0cc?authuser=0&hl=en&rclk=1,0,Hospitality,Indonesia.Batam.Hotel.202408042041.db,places,null_required_column
5384,OYO 1569 Kupula Guest House (Kupula Guest House),4.1,81,0,,,"Jl. Kupula, Bandar Baru, Kec. Kuta Alam, Kota Banda Aceh, Aceh 24415, Indonesia",[object Object],+62 21 29707601,5.5710111,95.3367351,https://www.google.com/maps/place/OYO+1569+Kupula+Guest+House/data=!4m10!3m9!1s0x304037700632b05f:0xe0da0fd862d52833!5m2!4m1!1i2!8m2!3d5.5710111!4d95.3367351!16s%2Fg%2F11j0jsczgd!19sChIJX7AyBnA3QDARMyjVYtgP2uA?authuser=0&hl=en&rclk=1,0,Hospitality,Indonesia.Batam.Hotel.202408042041.db,places,null_required_column
5385,Hotel Grand Nanggroe,4.1,1447,0,,,"G8PR+VCQ, Jl. T. Imum, Cot Mesjid, Kec. Lueng Bata, Kota Banda Aceh, Aceh 23123, Indonesia",[object Object],+62 812-6965-348,5.537205,95.341121,https://www.google.com/maps/place/Hotel+Grand+Nanggroe/data=!4m10!3m9!1s0x304037710c35656b:0x3d61586c4952a861!5m2!4m1!1i2!8m2!3d5.537205!4d95.341121!16s%2Fg%2F11bc7ns7gc!19sChIJa2U1DHE3QDARYahSSWxYYT0?authuser=0&hl=en&rclk=1,0,Hospitality,Indonesia.Batam.Hotel.202408042041.db,places,null_required_column
5386,Rumoh PMI Hotel (Hotel Rumoh PMI),3.9,356,0,,,"Jl. Nyak Adam Kamil II No.1, Ateuk Munjeng, Kec. Baiturrahman, Kota Banda Aceh, Aceh 23116, Indonesia",[object Object],+62 21 29706666,5.5429856,95.3231298,https://www.google.com/maps/place/Rumoh+PMI+Hotel/data=!4m10!3m9!1s0x3040374e25e9d361:0x905ac3fb88b82fc7!5m2!4m1!1i2!8m2!3d5.5429856!4d95.3231298!16s%2Fg%2F11b6dpjt09!19sChIJYdPpJU43QDARxy-4iPvDWpA?authuser=0&hl=en&rclk=1,0,Hospitality,Indonesia.Batam.Hotel.202408042041.db,places,null_required_column
5387,OYO 92207 Hotel Koperasi,2.8,4,0,,,"Jl. Soekarno - Hatta Jl. Lamreung, Peuniti, Kec. Baiturrahman, Kota Banda Aceh, Sumatera Utara 23242, Indonesia",[object Object],+62 817-788-016,5.54829,95.323755,https://www.google.com/maps/place/OYO+92207+Hotel+Koperasi/data=!4m10!3m9!1s0x3040375b2cc437b9:0x924ea1dbca22bdec!5m2!4m1!1i2!8m2!3d5.54829!4d95.323755!16s%2Fg%2F11stv96cwt!19sChIJuTfELFs3QDAR7L0iytuhTpI?authuser=0&hl=en&rclk=1,0,Hospitality,Indonesia.Batam.Hotel.202408042041.db,places,null_required_column
5389,Pavilliun Selawa Hotel,4.2,9,0,,,"Jl. Prof. A. Majid Ibrahim II No.3, Kp. Baru, Kec. Baiturrahman, Kota Banda Aceh, Aceh 23116, Indonesia",[object Object],+62 626 5122788,5.5517431,95.3133024,https://www.google.com/maps/place/Pavilliun+Selawa+Hotel/data=!4m10!3m9!1s0x3040374c5bdc4c75:0xf8e8ec5d0e4e796f!5m2!4m1!1i2!8m2!3d5.5517431!4d95.3133024!16s%2Fg%2F1pzv3w0s_!19sChIJdUzcW0w3QDARb3lODl3s6Pg?authuser=0&hl=en&rclk=1,0,Hospitality,Indonesia.Batam.Hotel.202408042041.db,places,null_required_column
5390,Grand Bayu Hill Hotel (Hotel Grand Bayu Hill),4.3,430,0,,,"Mongal, Bebesen, Central Aceh Regency, Aceh 24471, Indonesia",[object Object],+62 643 2626534,4.6420249,96.8393528,https://www.google.com/maps/place/Grand+Bayu+Hill+Hotel/data=!4m10!3m9!1s0x3038ed74922c169f:0x9989eec058460473!5m2!4m1!1i2!8m2!3d4.6420249!4d96.8393528!16s%2Fg%2F11fnyyg4tw!19sChIJnxYsknTtODARcwRGWMDuiZk?authuser=0&hl=en&rclk=1,0,Hospitality,Indonesia.Batam.Hotel.202408042041.db,places,null_required_column
5391,RedDoorz Syariah   Panglima Nyak Makam Aceh,4.1,301,0,,,"Jl. Tj. III No.4A, Ie Masen Kaye Adang, Kec. Syiah Kuala, Kota Banda Aceh, Aceh 23116, Indonesia",[object Object],+62 21 80629666,5.5595732,95.3451826,https://www.google.com/maps/place/RedDoorz+Syariah+@+Panglima+Nyak+Makam+Aceh/data=!4m10!3m9!1s0x3040370cc4014653:0xd8fccbf245d10e50!5m2!4m1!1i2!8m2!3d5.5595732!4d95.3451826!16s%2Fg%2F11bzwmw1s5!19sChIJU0YBxAw3QDARUA7RRfLL_Ng?authuser=0&hl=en&rclk=1,0,Hospitality,Indonesia.Batam.Hotel.202408042041.db,places,null_required_column
5392,Grand Emperom,4.7,67,0,,,"Jl. H. Binti, Garot, Kec. Darul Imarah, Kabupaten Aceh Besar, Aceh 20233, Indonesia",[object Object],+62 811-6820-224,5.527447,95.2953434,https://www.google.com/maps/place/Grand+Emperom/data=!4m10!3m9!1s0x30403b249ff81ef9:0x6e768e99fe4cac8d!5m2!4m1!1i2!8m2!3d5.527447!4d95.2953434!16s%2Fg%2F11h8918dwd!19sChIJ-R74nyQ7QDARjaxM_pmOdm4?authuser=0&hl=en&rclk=1,0,Hospitality,Indonesia.Batam.Hotel.202408042041.db,places,null_required_column
5393,Oasis Atjeh Hotel,4.2,1163,0,,,"G8RQ+6M6, Lueng Bata, Banda Aceh City, Aceh 23123, Indonesia",[object Object],+62 651 636999,5.5405426,95.3391556,"https://www.google.com/maps/place/Oasis+Atjeh+Hotel/@5.5405426,95.3391556,17z/data=!3m1!4b1!4m9!3m8!1s0x30403763233be5d3:0x7b436909e9225b84!5m2!4m1!1i2!8m2!3d5.5405426!4d95.3391556!16s%2Fg%2F11g_yrk36?authuser=0&hl=en&entry=ttu&g_ep=EgoyMDI0MDgyOC4wIKXMDSoASAFQAw%3D%3D",0,Hospitality,Indonesia.Batam.Hotel.202408042041.db,places,null_required_column
5395,SUPER OYO 90487 Wisma Kuta Karang Baru (Hotel Kuta Karang Baru),3.7,395,0,,,"Jl. Panglateh, Keude Aceh, Kec. Banda Sakti, Kota Lhokseumawe, Aceh 24351, Indonesia",[object Object],+62 21 29707601,5.1762103,97.1435902,https://www.google.com/maps/place/SUPER+OYO+90487+Wisma+Kuta+Karang+Baru/data=!4m10!3m9!1s0x3047832f0019a78b:0x871c9eeab8441fdb!5m2!4m1!1i2!8m2!3d5.1762103!4d97.1435902!16s%2Fg%2F1pzrvc1lt!19sChIJi6cZAC-DRzAR2x9EuOqeHIc?authuser=0&hl=en&rclk=1,0,Hospitality,Indonesia.Batam.Hotel.202408042041.db,places,null_required_column
5396,Penginapan ArBa (Hotel),0.0,0,0,,,"Jl. Sengeda Jl. Sara Datu, Kala Kemili, Kec. Bebesen, Kabupaten Aceh Tengah, Aceh 24519, Indonesia",[object Object],+62 852-7516-9902,4.6280159,96.8525155,https://www.google.com/maps/place/Penginapan+ArBa/data=!4m7!3m6!1s0x3038ed826ac8e7bb:0xc544548243040e76!8m2!3d4.6280159!4d96.8525155!16s%2Fg%2F11vzqg6y4r!19sChIJu-fIaoLtODARdg4EQ4JURMU?authuser=0&hl=en&rclk=1,0,Hospitality,Indonesia.Batam.Hotel.202408042041.db,places,null_required_column
5397,Nurma's Homestay,4.5,15,0,,,"Mon Ikeun, Lhoknga, Aceh Besar Regency, Aceh 23371, Indonesia",[object Object],+62 823-8683-7737,5.4740067,95.24046,https://www.google.com/maps/place/Nurma%27s+Homestay/data=!4m10!3m9!1s0x30403b47106ce42b:0x4cc5ca988c920f02!5m2!4m1!1i2!8m2!3d5.4740067!4d95.24046!16s%2Fg%2F11c20c8mcx!19sChIJK-RsEEc7QDARAg-SjJjKxUw?authuser=0&hl=en&rclk=1,0,Hospitality,Indonesia.Batam.Hotel.202408042041.db,places,null_required_column
5398,Jagoci Inn,4.7,26,0,,,"824W+3CW, Kebun Tanah Terban, Karang Baru, Aceh Tamiang Regency, Aceh 24456, Indonesia",[object Object],+62 822-7422-1645,4.3050512,98.0460063,https://www.google.com/maps/place/Jagoci+Inn/data=!4m10!3m9!1s0x30377717330b271f:0x2dfe35cbc2fea3eb!5m2!4m1!1i2!8m2!3d4.3050512!4d98.0460063!16s%2Fg%2F11srrwvmz5!19sChIJHycLMxd3NzAR66P-wss1_i0?authuser=0&hl=en&rclk=1,0,Hospitality,Indonesia.Batam.Hotel.202408042041.db,places,null_required_column
5399,Mawar Homestay,4.7,7,0,,,"Jl. Alue Blang Lorong Mawar No.11b, Neusu Aceh, Kec. Baiturrahman, Kota Banda Aceh, Aceh 23244, Indonesia",[object Object],+62 851-7969-3359,5.536615,95.3202351,https://www.google.com/maps/place/Mawar+Homestay/data=!4m10!3m9!1s0x30403903f45ad6af:0x62d01b460496078c!5m2!4m1!1i2!8m2!3d5.536615!4d95.3202351!16s%2Fg%2F11rzbcgllq!19sChIJr9Za9AM5QDARjAeWBEYb0GI?authuser=0&hl=en&rclk=1,0,Hospitality,Indonesia.Batam.Hotel.202408042041.db,places,null_required_column
5400,,0.0,0,0,,,"Jl. Teuku Umar No.350, Seutui, Kec. Baiturrahman, Kota Banda Aceh, Aceh 23243, Indonesia",[object Object],+62 349 71425588,,,"https://www.google.com/maps/place/Seventeen+Hotel/@5.54001,95.309364,17z/data=!3m1!4b1!4m9!3m8!1s0x304030aadb370c4d:0x8bf5e6dedb221119!5m2!4m1!1i2!8m2!3d5.54001!4d95.309364!16s%2Fg%2F11w4nr46l2?authuser=0&hl=en&entry=ttu&g_ep=EgoyMDI0MDgyOC4wIKXMDSoASAFQAw%3D%3D",0,Hospitality,Indonesia.Batam.Hotel.202408042041.db,places,null_required_column
5403,Fhandika Boutique Inc,4.7,67,0,,,"Jl. Sultan Iskandar Muda No.6, Lambung, Kec. Meuraxa, Kota Banda Aceh, Aceh, Indonesia",[object Object],+62 651 43697,5.5532641,95.2948859,https://www.google.com/maps/place/Fhandika+Boutique+Inc./data=!4m10!3m9!1s0x304031799de6bfb7:0x440a936467fcf9f1!5m2!4m1!1i2!8m2!3d5.5532641!4d95.2948859!16s%2Fg%2F11r9h55n5f!19sChIJt7_mnXkxQDAR8fn8Z2STCkQ?authuser=0&hl=en&rclk=1,0,Hospitality,Indonesia.Batam.Hotel.202408042041.db,places,null_required_column
5405,Grand Arya HOTEL,3.7,405,0,,,"depan kantor bupati, Dalam, Kec. Karang Baru, Kabupaten Aceh Tamiang, Aceh 24456, Indonesia",[object Object],+62 853-7034-2929,4.2990488,98.0485579,"https://www.google.com/maps/place/Grand+Arya+HOTEL/@4.2990488,98.0485579,17z/data=!3m1!4b1!4m9!3m8!1s0x30377428c2ca6679:0x87235e6a0b51271f!5m2!4m1!1i2!8m2!3d4.2990488!4d98.0485579!16s%2Fg%2F1pzq9vll2?authuser=0&hl=en&entry=ttu&g_ep=EgoyMDI0MDgyOC4wIKXMDSoASAFQAw%3D%3D",0,Hospitality,Indonesia.Batam.Hotel.202408042041.db,places,null_required_column
5416,,0.0,0,0,,,"4XFP+2QP, Tiban Indah, Sekupang, Batam City, Riau Islands 29424, Indonesia",[object Object],+62 804 104 0040,,,https://www.google.com/maps/place/OYO+91195+Manisee+1+Homestay+Syariah/data=!4m10!3m9!1s0x31d98bc1aaaaaabf:0x4bd9f05d0d1cafcc!5m2!4m1!1i2!8m2!3d1.1225922!4d103.9869538!16s%2Fg%2F11kb_5tm12!19sChIJv6qqqsGL2TERzK8cDV3w2Us?authuser=0&hl=en&rclk=1,0,Hospitality,Indonesia.Batam.Hotel.202408042041.db,places,null_required_column
5419,SouthLinks Country Club,4.5,428,0,,,"Tiban bukit Asri blok B no 1-3, Tiban Baru, Kec. Sekupang, Kota Batam, Kepulauan Riau 29424, Indonesia",[object Object],+62 811-692-539,1.1142298,103.9954255,https://www.google.com/maps/place/SouthLinks+Country+Club/data=!4m10!3m9!1s0x31d98be5b9f2e91d:0xa8d17aa733f7411b!5m2!4m1!1i2!8m2!3d1.1142298!4d103.9954255!16s%2Fg%2F1hc4xxb2q!19sChIJHenyueWL2TERG0H3M6d60ag?authuser=0&hl=en&rclk=1,0,Hospitality,Indonesia.Batam.Hotel.202408042041.db,places,null_required_column
5424,OYO 92800 Lestari Baru Syariah,3.0,1,0,,,"Jl. Kompe No.24, Salo Tim., Kec. Salo, Kabupaten Kampar, Riau 28411, Indonesia",[object Object],+62 21 29707601,0.3276833,101.0055048,https://www.google.com/maps/place/OYO+92800+Lestari+Baru+Syariah/data=!4m10!3m9!1s0x31d515637bc3478f:0x8bb21e286f315958!5m2!4m1!1i2!8m2!3d0.3276833!4d101.0055048!16s%2Fg%2F11kr8n_025!19sChIJj0fDe2MV1TERWFkxbygesos?authuser=0&hl=en&rclk=1,0,Hospitality,Indonesia.Batam.Hotel.202408042041.db,places,null_required_column
5425,HOTEL BANGKINANG BARU,3.6,336,0,,,"Jl. DI Panjaitan No.74, Langgini, Kec. Bangkinang, Kabupaten Kampar, Riau 28412, Indonesia",[object Object],,0.340774,101.0219068,https://www.google.com/maps/place/HOTEL+BANGKINANG+BARU/data=!4m10!3m9!1s0x31d515b27564d54d:0x88efaa479cd7c1a1!5m2!4m1!1i2!8m2!3d0.340774!4d101.0219068!16s%2Fg%2F1pzr026ch!19sChIJTdVkdbIV1TERocHXnEeq74g?authuser=0&hl=en&rclk=1,0,Hospitality,Indonesia.Batam.Hotel.202408042041.db,places,null_required_column
5426,Hotel Keihan Nagoya (ホテル京阪 名古屋),4.2,787,0,,,"3 Chome-2-1 Nishiki, Naka Ward, Nagoya, Aichi 460-0003, Japan",[object Object],+81 52-954-0321,35.1731766,136.9031572,https://www.google.com/maps/place/Hotel+Keihan+Nagoya/data=!4m10!3m9!1s0x6003714269abb849:0xe7edeb28331db791!5m2!4m1!1i2!8m2!3d35.1731766!4d136.9031572!16s%2Fg%2F11gl4dfcpj!19sChIJSbiraUJxA2ARkbcdMyjr7ec?authuser=0&hl=en&rclk=1,0,Hospitality,Indonesia.Batam.Hotel.202408042041.db,places,null_required_column
5427,The Strings Hotel Nagoya (ストリングスホテル 名古屋),4.0,2439,0,,,"4 Chome-60-7 Hiraikecho, Nakamura Ward, Nagoya, Aichi 453-0872, Japan",[object Object],+81 52-589-0577,35.1640354,136.8842664,https://www.google.com/maps/place/The+Strings+Hotel+Nagoya/data=!4m10!3m9!1s0x600377200924ee6b:0x76fb094778b62b42!5m2!4m1!1i2!8m2!3d35.1640354!4d136.8842664!16s%2Fg%2F11bxfxlpwj!19sChIJa-4kCSB3A2ARQiu2eEcJ-3Y?authuser=0&hl=en&rclk=1,0,Hospitality,Indonesia.Batam.Hotel.202408042041.db,places,null_required_column
5429,Via Inn Nagoya Shinkansenguchi (ヴィアイン名古屋新幹線口),3.9,1288,0,,,"4-5 Takebashicho, Nakamura Ward, Nagoya, Aichi 453-0016, Japan",[object Object],+81 52-453-5489,35.1685212,136.8783396,https://www.google.com/maps/place/Via+Inn+Nagoya+Shinkansenguchi/data=!4m10!3m9!1s0x600376e5d6c27723:0xb0277355c94a7321!5m2!4m1!1i2!8m2!3d35.1685212!4d136.8783396!16s%2Fg%2F1jgm324sh!19sChIJI3fC1uV2A2ARIXNKyVVzJ7A?authuser=0&hl=en&rclk=1,0,Hospitality,Indonesia.Batam.Hotel.202408042041.db,places,null_required_column
5438,Nagoya Prince Hotel Sky Tower (名古屋プリンスホテル スカイタワー),4.4,1687,0,,,"4 Chome-60番地12 Hiraikecho, Nakamura Ward, Nagoya, Aichi 453-0872, Japan",[object Object],+81 52-565-1110,35.1619963,136.8828518,https://www.google.com/maps/place/Nagoya+Prince+Hotel+Sky+Tower/data=!4m10!3m9!1s0x6003771f8d273655:0x95089afb35901864!5m2!4m1!1i2!8m2!3d35.1619963!4d136.8828518!16s%2Fg%2F11c6wlq3dp!19sChIJVTYnjR93A2ARZBiQNfuaCJU?authuser=0&hl=en&rclk=1,0,Hospitality,Indonesia.Batam.Hotel.202408042041.db,places,null_required_column
5439,Nagoya B's Hotel (名古屋ビーズホテル),4.2,1121,0,,,"1 Chome-16-2 Nishiki, Naka Ward, Nagoya, Aichi 460-0003, Japan",[object Object],+81 52-220-3131,35.169334,136.8929244,"https://www.google.com/maps/place/Nagoya+B's+Hotel/@35.169334,136.8929244,17z/data=!3m1!4b1!4m9!3m8!1s0x600376d826638d23:0xd5eaa0aebe5e44cb!5m2!4m1!1i2!8m2!3d35.169334!4d136.8929244!16s%2Fg%2F1tj331fc?authuser=0&hl=en&entry=ttu&g_ep=EgoyMDI0MDgyOC4wIKXMDSoASAFQAw%3D%3D",0,Hospitality,Indonesia.Batam.Hotel.202408042041.db,places,null_required_column
5448,Nagoya New Rolen Hotel (名古屋 ニューローレンホテル),3.0,506,0,,,"Japan, 〒460-0003 Aichi, Nagoya, Naka Ward, Nishiki, 1 Chome−8−40 名古屋ニューローレンホテル",[object Object],+81 52-211-4581,35.170064,136.893052,https://www.google.com/maps/place/Nagoya+New+Rolen+Hotel/data=!4m10!3m9!1s0x600376d82aca4b87:0xba7030239d7af5c1!5m2!4m1!1i2!8m2!3d35.170064!4d136.893052!16s%2Fg%2F1tdlh6n_!19sChIJh0vKKth2A2ARwfV6nSMwcLo?authuser=0&hl=en&rclk=1,0,Hospitality,Indonesia.Batam.Hotel.202408042041.db,places,null_required_column
5451,Nagoya JR Gate Tower Hotel (名古屋JRゲートタワーホテル),4.3,2091,0,,,"1 Chome-1-3 Meieki, Nakamura Ward, Nagoya, Aichi 450-0002, Japan",[object Object],+81 52-566-2111,35.1722069,136.882618,https://www.google.com/maps/place/Nagoya+JR+Gate+Tower+Hotel/data=!4m10!3m9!1s0x60045a8a7682776d:0x7fcd1913c475acf9!5m2!4m1!1i2!8m2!3d35.1722069!4d136.882618!16s%2Fg%2F11cs27fnp4!19sChIJbXeCdopaBGAR-ax1xBMZzX8?authuser=0&hl=en&rclk=1,0,Hospitality,Indonesia.Batam.Hotel.202408042041.db,places,null_required_column
5455,KURETAKE INN NAGOYA HISAYAODORI (くれたけイン 名古屋久屋大通),4.0,931,0,,,"1 Chome-12-32 Izumi, Higashi Ward, Nagoya, Aichi 461-0001, Japan",[object Object],+81 52-962-1311,35.1764548,136.9085718,https://www.google.com/maps/place/KURETAKE+INN+NAGOYA+HISAYAODORI/data=!4m10!3m9!1s0x600371299b220bd9:0xebd3103a5b21b847!5m2!4m1!1i2!8m2!3d35.1764548!4d136.9085718!16s%2Fg%2F11f3y471lq!19sChIJ2QsimylxA2ARR7ghWzoQ0-s?authuser=0&hl=en&rclk=1,0,Hospitality,Indonesia.Batam.Hotel.202408042041.db,places,null_required_column
5458,Kuretake Inn Premium Meiekiminami (くれたけインプレミアム名駅南),4.2,308,0,,,"1 Chome-23-9 Meiekiminami, Nakamura Ward, Nagoya, Aichi 450-0003, Japan",[object Object],+81 52-562-1211,35.166547,136.8864175,https://www.google.com/maps/place/Kuretake+Inn+Premium+Meiekiminami/data=!4m10!3m9!1s0x600376df0fee3c13:0x7ca1d3cdbe56732!5m2!4m1!1i2!8m2!3d35.166547!4d136.8864175!16s%2Fg%2F11hwpnbw57!19sChIJEzzuD992A2ARMmfl2zwdygc?authuser=0&hl=en&rclk=1,0,Hospitality,Indonesia.Batam.Hotel.202408042041.db,places,null_required_column
5459,Richmond Hotel Nagoya Nayabashi (リッチモンドホテル 名古屋納屋橋),4.1,1005,0,,,"1 Chome-2-7 Sakae, Naka Ward, Nagoya, Aichi 460-0008, Japan",[object Object],+81 52-212-1055,35.1677238,136.8928431,https://www.google.com/maps/place/Richmond+Hotel+Nagoya+Nayabashi/data=!4m10!3m9!1s0x60037727ff3a7f67:0x6fa52037267970f7!5m2!4m1!1i2!8m2!3d35.1677238!4d136.8928431!16s%2Fg%2F1th0mv0z!19sChIJZ386_yd3A2AR93B5JjcgpW8?authuser=0&hl=en&rclk=1,0,Hospitality,Indonesia.Batam.Hotel.202408042041.db,places,null_required_column
5462,Hotel MyStays Nagoya Sakae (ホテルマイステイズ名古屋栄),3.6,1526,0,,,"2 Chome-23-22 Higashisakura, Naka Ward, Nagoya, Aichi 460-0005, Japan",[object Object],+81 52-931-5811,35.1696733,136.9151224,https://www.google.com/maps/place/Hotel+MyStays+Nagoya+Sakae/data=!4m10!3m9!1s0x600370db21d4205f:0x5263d53bd337c063!5m2!4m1!1i2!8m2!3d35.1696733!4d136.9151224!16s%2Fg%2F12vtknbdt!19sChIJXyDUIdtwA2ARY8A30zvVY1I?authuser=0&hl=en&rclk=1,0,Hospitality,Indonesia.Batam.Hotel.202408042041.db,places,null_required_column
5464,Daiwa Roynet Hotel Nagoya Taiko Dori Side (ダイワロイネットホテル名古屋太閤通口),4.2,1562,0,,,"18-10 Tsubakicho, Nakamura Ward, Nagoya, Aichi 453-0015, Japan",[object Object],+81 52-459-3155,35.1676856,136.8805497,https://www.google.com/maps/place/Daiwa+Roynet+Hotel+Nagoya+Taiko+Dori+Side/data=!4m10!3m9!1s0x600376e6dce48783:0x8643beaf56a91ed4!5m2!4m1!1i2!8m2!3d35.1676856!4d136.8805497!16s%2Fg%2F11c1qsj_d3!19sChIJg4fk3OZ2A2AR1B6pVq--Q4Y?authuser=0&hl=en&rclk=1,0,Hospitality,Indonesia.Batam.Hotel.202408042041.db,places,null_required_column
5465,APA HOTEL NAGOYA SAKAE (アパホテル〈名古屋栄〉),3.7,2754,0,,,"4 Chome-10-16 Sakae, Naka Ward, Nagoya, Aichi 460-0008, Japan",[object Object],+81 570-049-111,35.16767,136.912424,https://www.google.com/maps/place/APA+HOTEL+NAGOYA+SAKAE/data=!4m10!3m9!1s0x600370d000c1fd35:0xc5a0c8b5ab0d434e!5m2!4m1!1i2!8m2!3d35.16767!4d136.912424!16s%2Fg%2F1tdkrqv_!19sChIJNf3BANBwA2ARTkMNq7XIoMU?authuser=0&hl=en&rclk=1,0,Hospitality,Indonesia.Batam.Hotel.202408042041.db,places,null_required_column
5467,nine hours Nagoya station (ナインアワーズ名古屋駅),4.0,536,0,,,"2 Chome-42-2 Meieki, Nakamura Ward, Nagoya, Aichi 450-0002, Japan",[object Object],+81 50-1807-3340,35.1744107,136.8844243,https://www.google.com/maps/place/nine+hours+Nagoya+station/data=!4m10!3m9!1s0x600376e7c8bd49d5:0xfc2905e0568449ee!5m2!4m1!1i2!8m2!3d35.1744107!4d136.8844243!16s%2Fg%2F11h_sz5sk_!19sChIJ1Um9yOd2A2AR7kmEVuAFKfw?authuser=0&hl=en&rclk=1,0,Hospitality,Indonesia.Batam.Hotel.202408042041.db,places,null_required_column
5468,Hotel androoms Nagoya Sakae (ホテル・アンドルームス名古屋栄),4.3,475,0,,,"3 Chome-6-8 Marunouchi, Naka Ward, Nagoya, Aichi 460-0002, Japan",[object Object],+81 52-959-3211,35.1768249,136.9071665,https://www.google.com/maps/place/Hotel+androoms+Nagoya+Sakae/data=!4m10!3m9!1s0x6003712bd07e652d:0xb056047f4b10a69c!5m2!4m1!1i2!8m2!3d35.1768249!4d136.9071665!16s%2Fg%2F11gfb3xtwr!19sChIJLWV-0CtxA2ARnKYQS38EVrA?authuser=0&hl=en&rclk=1,0,Hospitality,Indonesia.Batam.Hotel.202408042041.db,places,null_required_column
5471,Mitsui Garden Hotel Nagoya Premier (三井ガーデンホテル名古屋プレミア),4.3,1886,0,,,"SYMPHONY TOYOTA BLDG., 4 Chome-11-27 Meieki, Nakamura Ward, Nagoya, Aichi 450-0002, Japan",[object Object],+81 52-587-1131,35.1699313,136.8868475,"https://www.google.com/maps/place/Mitsui+Garden+Hotel+Nagoya+Premier/@35.1699313,136.8868475,17z/data=!3m1!4b1!4m9!3m8!1s0x600376dc22a9e8eb:0x10792af5baa35a9b!5m2!4m1!1i2!8m2!3d35.1699313!4d136.8868475!16s%2Fg%2F11c1qc5ggj?authuser=0&hl=en&entry=ttu&g_ep=EgoyMDI0MDgyOC4wIKXMDSoASAFQAw%3D%3D",0,Hospitality,Indonesia.Batam.Hotel.202408042041.db,places,null_required_column
5473,Hotel Jal City Nagoya Nishiki (ホテルJALシティ名古屋 錦),4.2,581,0,,,"1 Chome-16-36 Nishiki, Naka Ward, Nagoya, Aichi 460-0003, Japan",[object Object],+81 52-204-2580,35.168816,136.8928622,https://www.google.com/maps/place/Hotel+Jal+City+Nagoya+Nishiki/data=!4m10!3m9!1s0x600377f67f86c8bd:0xd19fe5dcbe253c99!5m2!4m1!1i2!8m2!3d35.168816!4d136.8928622!16s%2Fg%2F11qn69pf9s!19sChIJvciGf_Z3A2ARmTwlvtzln9E?authuser=0&hl=en&rclk=1,0,Hospitality,Indonesia.Batam.Hotel.202408042041.db,places,null_required_column
5474,N HOTEL (エヌホテル),4.2,234,0,,,"1 Chome-2-20 Sanno, Nakagawa Ward, Nagoya, Aichi 454-0011, Japan",[object Object],+81 52-332-0007,35.152356,136.8931091,https://www.google.com/maps/place/N+HOTEL/data=!4m10!3m9!1s0x60037739d60740af:0xc88c0f599961e93!5m2!4m1!1i2!8m2!3d35.152356!4d136.8931091!16s%2Fg%2F11f54n6ff5!19sChIJr0AH1jl3A2ARkx6WmfXAiAw?authuser=0&hl=en&rclk=1,0,Hospitality,Indonesia.Batam.Hotel.202408042041.db,places,null_required_column
5475,GRAND BASE Ōsu (グランドベース大須),4.3,81,0,,,"3 Chome-1-79 Osu, Naka Ward, Nagoya, Aichi 460-0011, Japan",[object Object],+81 92-292-2431,35.1614867,136.9021446,"https://www.google.com/maps/place/GRAND+BASE+%C5%8Csu/@35.1614867,136.9021446,17z/data=!3m1!4b1!4m9!3m8!1s0x600377ea36c56a19:0x68905dd773ce7d4d!5m2!4m1!1i2!8m2!3d35.1614867!4d136.9021446!16s%2Fg%2F11fr3bpqkg?authuser=0&hl=en&entry=ttu&g_ep=EgoyMDI0MDgyOC4wIKXMDSoASAFQAw%3D%3D",0,Hospitality,Indonesia.Batam.Hotel.202408042041.db,places,null_required_column
5477,hotel androoms Nagoya Fushimi (ホテル・アンドルームス名古屋伏見),4.2,223,0,,,"2 Chome-8-28 Nishiki, Naka Ward, Nagoya, Aichi 460-0003, Japan",[object Object],+81 52-218-3611,35.1716846,136.8975018,"https://www.google.com/maps/place/hotel+androoms+Nagoya+Fushimi/@35.1716846,136.8975018,17z/data=!3m1!4b1!4m9!3m8!1s0x600377c8947b071d:0x2b7b94fa9677b120!5m2!4m1!1i2!8m2!3d35.1716846!4d136.8975018!16s%2Fg%2F11fjs8w76j?authuser=0&hl=en&entry=ttu&g_ep=EgoyMDI0MDgyOC4wIKXMDSoASAFQAw%3D%3D",0,Hospitality,Indonesia.Batam.Hotel.202408042041.db,places,null_required_column
5478,Nagoya Kanko Hotel ESPACIO (名古屋観光ホテル エスパシオ),0.0,0,0,,,"1 Chome-19-30 Nishiki, Naka Ward, Nagoya, Aichi 460-8608, Japan",[object Object],+81 52-231-7744,35.1687831,136.8954908,https://www.google.com/maps/place/Nagoya+Kanko+Hotel+ESPACIO/data=!4m7!3m6!1s0x60037727c20979d3:0xcf452ff377f8a66a!8m2!3d35.1687831!4d136.8954908!16s%2Fg%2F11w1hykdt1!19sChIJ03kJwid3A2ARaqb4d_MvRc8?authuser=0&hl=en&rclk=1,0,Hospitality,Indonesia.Batam.Hotel.202408042041.db,places,null_required_column
5479,GRAND BASE -Nagoya Chiyokura- (グランドベース名古屋-千代倉-),4.2,64,0,,,"10-18 Takebashicho, Nakamura Ward, Nagoya, Aichi 453-0016, Japan",[object Object],+81 90-1434-0451,35.1680638,136.8762804,https://www.google.com/maps/place/GRAND+BASE+-Nagoya+Chiyokura-/data=!4m10!3m9!1s0x6003778a80aac9d5:0xa29d6969c7286948!5m2!4m1!1i2!8m2!3d35.1680638!4d136.8762804!16s%2Fg%2F11qpy4pm6v!19sChIJ1cmqgIp3A2ARSGkox2lpnaI?authuser=0&hl=en&rclk=1,0,Hospitality,Indonesia.Batam.Hotel.202408042041.db,places,null_required_column
5480,Dai-ichi Star Nagoya (ビジネスホテル 第1スターナゴヤ),3.4,220,0,,,"11-1 Tsubakicho, Nakamura Ward, Nagoya, Aichi 453-0015, Japan",[object Object],+81 52-452-0111,35.1691742,136.8793866,https://www.google.com/maps/place/Dai-ichi+Star+Nagoya/data=!4m10!3m9!1s0x600376e66f72dfa7:0x8339094def415c31!5m2!4m1!1i2!8m2!3d35.1691742!4d136.8793866!16s%2Fg%2F1tjtj65h!19sChIJp99yb-Z2A2ARMVxB700JOYM?authuser=0&hl=en&rclk=1,0,Hospitality,Indonesia.Batam.Hotel.202408042041.db,places,null_required_column
5481,Nagoya Marriott Associa Hotel (名古屋マリオットアソシアホテル),4.3,5225,0,,,"1 Chome-1-4 Meieki, Nakamura Ward, Nagoya, Aichi 450-6002, Japan",[object Object],+81 52-584-1111,35.1704556,136.8832086,https://www.google.com/maps/place/Nagoya+Marriott+Associa+Hotel/data=!4m10!3m9!1s0x600370a71918868f:0x888e6049a94311f3!5m2!4m1!1i2!8m2!3d35.1704556!4d136.8832086!16s%2Fg%2F12269bm4!19sChIJj4YYGadwA2AR8xFDqUlgjog?authuser=0&hl=en&rclk=1,0,Hospitality,Indonesia.Batam.Hotel.202408042041.db,places,null_required_column
5482,Dai-ni Star Nagoya (ビジネスホテル第２スターナゴヤ),3.5,317,0,,,"Japan, 〒453-0015 Aichi, Nagoya, Nakamura Ward, Tsubakicho, 13−12 第2スターナゴヤ 1F",[object Object],+81 52-452-0022,35.168675,136.8796767,https://www.google.com/maps/place/Dai-ni+Star+Nagoya/data=!4m10!3m9!1s0x600376e6602973a5:0x98e505471936a32b!5m2!4m1!1i2!8m2!3d35.168675!4d136.8796767!16s%2Fg%2F1tjhxlj4!19sChIJpXMpYOZ2A2ARK6M2GUcF5Zg?authuser=0&hl=en&rclk=1,0,Hospitality,Indonesia.Batam.Hotel.202408042041.db,places,null_required_column
5483,GRAND BASE Nagoya Ekinishi (グランドベース名古屋駅西),4.6,24,0,,,"22-10 Takebashicho, Nakamura Ward, Nagoya, Aichi 453-0016, Japan",[object Object],+81 92-292-2431,35.1678429,136.8756051,https://www.google.com/maps/place/GRAND+BASE+Nagoya+Ekinishi/data=!4m10!3m9!1s0x600377dd4e7373bf:0x3320fe2a7a58aadd!5m2!4m1!1i2!8m2!3d35.1678429!4d136.8756051!16s%2Fg%2F11fsm87p6q!19sChIJv3NzTt13A2AR3apYeir-IDM?authuser=0&hl=en&rclk=1,0,Hospitality,Indonesia.Batam.Hotel.202408042041.db,places,null_required_column
5500,Kiki Beach Resort Batam,4.3,188,0,,,"Komplek Nagoya Thamrin City, Jl. Imam Bonjol Tower A, Lubuk Baja Kota, Kec. Lubuk Baja, Kota Batam, Kepulauan Riau 29444, Indonesia",[object Object],+62 778 2102222,0.742297,104.264075,https://www.google.com/maps/place/Kiki+Beach+Resort+Batam/data=!4m10!3m9!1s0x31d9a74c4953664b:0x4a6f8b1a0e288f47!5m2!4m1!1i2!8m2!3d0.742297!4d104.264075!16s%2Fg%2F11qq5kc3d2!19sChIJS2ZTSUyn2TERR48oDhqLb0o?authuser=0&hl=en&rclk=1,0,Hospitality,Indonesia.Batam.Hotel.202408042041.db,places,null_required_column
5503,Batam View Beach Resort,4.2,1585,0,,,"Jalan Hang Lekir, Sambau, Nongsa, Batam City, Riau Islands 29465, Indonesia",[object Object],+62 778 761746,1.1861336,104.0732872,https://www.google.com/maps/place/Batam+View+Beach+Resort/data=!4m10!3m9!1s0x31d98ed55446d65d:0x4e3d80e46e60f0cc!5m2!4m1!1i2!8m2!3d1.1861336!4d104.0732872!16s%2Fg%2F1tctzyzq!19sChIJXdZGVNWO2TERzPBgbuSAPU4?authuser=0&hl=en&rclk=1,0,Hospitality,Indonesia.Batam.Hotel.202408042041.db,places,null_required_column
5506,Super Capital O 1867 Kara Guest House (OYO 1867 Kara Guest House),4.0,213,0,,,"Jl. Ahmad Yani Blok AA2, Baloi Permai, Kec. Batam Kota, Kota Batam, Kepulauan Riau 29444, Indonesia",[object Object],+62 21 29707601,1.1094369,104.0475369,https://www.google.com/maps/place/Super+Capital+O+1867+Kara+Guest+House/data=!4m10!3m9!1s0x31d989aa601dd9fd:0x8b55404d1a09a98d!5m2!4m1!1i2!8m2!3d1.1094369!4d104.0475369!16s%2Fg%2F11fhrjcpnw!19sChIJ_dkdYKqJ2TERjakJGk1AVYs?authuser=0&hl=en&rclk=1,0,Hospitality,Indonesia.Batam.Hotel.202408042041.db,places,null_required_column
5527,AP Premier Batam,4.3,2066,0,,,"Jl. Duyung, Sungai Jodoh, Kec. Batu Ampar, Kota Batam, Kepulauan Riau 29444, Indonesia",[object Object],+62 778 425555,1.1507477,104.0034899,https://www.google.com/maps/place/AP+Premier+Batam/data=!4m10!3m9!1s0x31d98a26fa3eb2f5:0xcb30be96314a360d!5m2!4m1!1i2!8m2!3d1.1507477!4d104.0034899!16s%2Fg%2F11gf9fx7ds!19sChIJ9bI--iaK2TERDTZKMZa-MMs?authuser=0&hl=en&rclk=1,0,Hospitality,Indonesia.Batam.Hotel.202408042041.db,places,null_required_column
5547,RedDoorz Premium near Grand Batam Mall,3.2,40,0,,,"No.51, Komplek Lucky Estate Blok B, Jl. Pembangunan, Batu Selicin, Kec. Batam Kota, Kota Batam, Kepulauan Riau 29444, Indonesia",[object Object],+62 21 80629666,1.1388446,104.0084313,https://www.google.com/maps/place/RedDoorz+Premium+near+Grand+Batam+Mall/data=!4m10!3m9!1s0x31d989f76d4656a5:0xfe01d2034f3078dc!5m2!4m1!1i2!8m2!3d1.1388446!4d104.0084313!16s%2Fg%2F11h55nl2gw!19sChIJpVZGbfeJ2TER3HgwTwPSAf4?authuser=0&hl=en&rclk=1,0,Hospitality,Indonesia.Batam.Hotel.202408042041.db,places,null_required_column
5561,Just Inn Premium (ジャストインプレミアム名古屋駅),4.0,867,0,,,"1 Chome-13-9 Marunouchi, Naka Ward, Nagoya, Aichi 460-0002, Japan",[object Object],+81 52-232-0003,35.173026,136.893122,https://www.google.com/maps/place/Just+Inn+Premium/data=!4m10!3m9!1s0x600376d38ee6ec9b:0x799cb87a80c9e7bc!5m2!4m1!1i2!8m2!3d35.173026!4d136.893122!16s%2Fg%2F11csbx04zm!19sChIJm-zmjtN2A2ARvOfJgHq4nHk?authuser=0&hl=en&rclk=1,0,Hospitality,Indonesia.Batam.Hotel.202408042041.db,places,null_required_column
5562,Mielparque Nagoya (ホテルメルパルク 名古屋),3.8,2112,0,,,"3 Chome-16-16 Aoi, Higashi Ward, Nagoya, Aichi 461-0004, Japan",[object Object],+81 52-937-3535,35.1712347,136.9288889,"https://www.google.com/maps/place/Mielparque+Nagoya/@35.1712347,136.9288889,17z/data=!3m1!4b1!4m9!3m8!1s0x600370eeec5fd779:0xc88c7cde2bbf7977!5m2!4m1!1i2!8m2!3d35.1712347!4d136.9288889!16s%2Fg%2F1vc6db34?authuser=0&hl=en&entry=ttu&g_ep=EgoyMDI0MDgyOC4wIKXMDSoASAFQAw%3D%3D",0,Hospitality,Indonesia.Batam.Hotel.202408042041.db,places,null_required_column
5564,VESSEL HOTEL CAMPANA NAGOYA (ベッセルホテルカンパーナ名古屋),4.4,1236,0,,,"2 Chome-30-7 Meieki, Nakamura Ward, Nagoya, Aichi 450-0002, Japan",[object Object],+81 52-569-0011,35.1756214,136.8836699,https://www.google.com/maps/place/VESSEL+HOTEL+CAMPANA+NAGOYA/data=!4m10!3m9!1s0x600377aa6ff5705d:0x90086ab26a049349!5m2!4m1!1i2!8m2!3d35.1756214!4d136.8836699!16s%2Fg%2F11f5v0_0zs!19sChIJXXD1b6p3A2ARSZMEarJqCJA?authuser=0&hl=en&rclk=1,0,Hospitality,Indonesia.Batam.Hotel.202408042041.db,places,null_required_column
5566,Compass Hotel Nagoya (コンパスホテル名古屋),4.2,420,0,,,"3 Chome-2-1 Nishiki, Naka Ward, Nagoya, Aichi 460-0003, Japan",[object Object],+81 52-954-0321,35.1689723,136.888783,https://www.google.com/maps/place/Compass+Hotel+Nagoya/data=!4m10!3m9!1s0x600376d930c75735:0xd236f60205e88930!5m2!4m1!1i2!8m2!3d35.1689723!4d136.888783!16s%2Fg%2F11gxr__66n!19sChIJNVfHMNl2A2ARMInoBQL2NtI?authuser=0&hl=en&rclk=1,0,Hospitality,Indonesia.Batam.Hotel.202408042041.db,places,null_required_column
5567,Hotel Landmark Nagoya (ホテルランドマーク名古屋),3.4,665,0,,,"3 Chome-18-25 Nishiki, Naka Ward, Nagoya, Aichi 460-0003, Japan",[object Object],+81 52-962-0009,35.1699979,136.9046844,https://www.google.com/maps/place/Hotel+Landmark+Nagoya/data=!4m10!3m9!1s0x600370d4f02810c5:0x2291371b3a878759!5m2!4m1!1i2!8m2!3d35.1699979!4d136.9046844!16s%2Fg%2F1vs5wn8l!19sChIJxRAo8NRwA2ARWYeHOhs3kSI?authuser=0&hl=en&rclk=1,0,Hospitality,Indonesia.Batam.Hotel.202408042041.db,places,null_required_column
5570,Nagoya Kanko Hotel (名古屋観光ホテル),4.2,3104,0,,,"1 Chome-19-30 Nishiki, Naka Ward, Nagoya, Aichi 460-8608, Japan",[object Object],+81 52-231-7711,35.1687843,136.8955195,"https://www.google.com/maps/place/Nagoya+Kanko+Hotel/@35.1687843,136.8955195,17z/data=!3m1!4b1!4m9!3m8!1s0x600377282a96dfbd:0x6b622fea8ae9c12b!5m2!4m1!1i2!8m2!3d35.1687843!4d136.8955195!16s%2Fg%2F1218rxnd?authuser=0&hl=en&entry=ttu&g_ep=EgoyMDI0MDgyOC4wIKXMDSoASAFQAw%3D%3D",0,Hospitality,Indonesia.Batam.Hotel.202408042041.db,places,null_required_column
5572,Comfort Hotel Nagoya Meieki Minami (コンフォートホテル名古屋名駅南),4.3,388,0,,,"1 Chome-14-16 Meiekiminami, Nakamura Ward, Nagoya, Aichi 450-0003, Japan",[object Object],+81 52-581-7211,35.1670981,136.8883174,https://www.google.com/maps/place/Comfort+Hotel+Nagoya+Meieki+Minami/data=!4m10!3m9!1s0x600377b4668a401d:0xee0e517921c68b53!5m2!4m1!1i2!8m2!3d35.1670981!4d136.8883174!16s%2Fg%2F11jlcsgx9c!19sChIJHUCKZrR3A2ARU4vGIXlRDu4?authuser=0&hl=en&rclk=1,0,Hospitality,Indonesia.Batam.Hotel.202408042041.db,places,null_required_column
5574,Glocal Nagoya Backpackers Hostel,4.5,229,0,,,"1 Chome-21-3 Noritake, Nakamura Ward, Nagoya, Aichi 453-0014, Japan",[object Object],+81 52-446-6694,35.1723628,136.8760307,"https://www.google.com/maps/place/Glocal+Nagoya+Backpackers+Hostel/@35.1723628,136.8760307,17z/data=!3m1!4b1!4m9!3m8!1s0x600376ee587d56db:0x6e52eb6192bb2077!5m2!4m1!1i2!8m2!3d35.1723628!4d136.8760307!16s%2Fg%2F11bw1pyrz0?authuser=0&hl=en&entry=ttu&g_ep=EgoyMDI0MDgyOC4wIKXMDSoASAFQAw%3D%3D",0,Hospitality,Indonesia.Batam.Hotel.202408042041.db,places,null_required_column
5575,Miyuki Station Hotel Nagoya (ミユキステーションホテル名古屋),3.1,793,0,,,"14-4 Tsubakicho, Nakamura Ward, Nagoya, Aichi 453-0015, Japan",[object Object],+81 52-452-4001,35.1688705,136.8805261,https://www.google.com/maps/place/Miyuki+Station+Hotel+Nagoya/data=!4m10!3m9!1s0x600376e6f9c62a37:0x729e15f8d8bf5e60!5m2!4m1!1i2!8m2!3d35.1688705!4d136.8805261!16s%2Fg%2F1tfwdf4b!19sChIJNyrG-eZ2A2ARYF6_2PgVnnI?authuser=0&hl=en&rclk=1,0,Hospitality,Indonesia.Batam.Hotel.202408042041.db,places,null_required_column
5576,Hotel Livemax Nagoya Sakae East (ホテルリブマックス名古屋栄EAST),3.3,442,0,,,"Japan, 〒460-0008 Aichi, Nagoya, Naka Ward, Sakae, 4 Chome−7−15 ホテルリブマックス名古屋栄EAST 1F",[object Object],+81 52-261-0270,35.1672547,136.9145312,https://www.google.com/maps/place/Hotel+Livemax+Nagoya+Sakae+East/data=!4m10!3m9!1s0x600370c522684533:0xdf87ac3eee96d4db!5m2!4m1!1i2!8m2!3d35.1672547!4d136.9145312!16s%2Fg%2F11f1jymsrx!19sChIJM0VoIsVwA2AR29SW7j6sh98?authuser=0&hl=en&rclk=1,0,Hospitality,Indonesia.Batam.Hotel.202408042041.db,places,null_required_column
5577,Hotel Live Max PREMIUM Nagoya Marunouchi (天然温泉ホテルリブマックスPREMIUM名古屋丸の内),3.7,317,0,,,"3 Chome-16-22 Marunouchi, Naka Ward, Nagoya, Aichi 460-0002, Japan",[object Object],+81 52-950-2800,35.1746196,136.904577,https://www.google.com/maps/place/Hotel+Live+Max+PREMIUM+Nagoya+Marunouchi/data=!4m10!3m9!1s0x6003711bc3781f9b:0x8adc85566de9c8fe!5m2!4m1!1i2!8m2!3d35.1746196!4d136.904577!16s%2Fg%2F11rfpvfmhm!19sChIJmx94wxtxA2AR_sjpbVaF3Io?authuser=0&hl=en&rclk=1,0,Hospitality,Indonesia.Batam.Hotel.202408042041.db,places,null_required_column
5578,Hotel Silk Tree Nagoya (ホテル シルク・トゥリー 名古屋),3.8,967,0,,,"2 Chome-20-5 Nishiki, Naka Ward, Nagoya, Aichi 460-0003, Japan",[object Object],+81 52-222-1113,35.1692833,136.9015504,https://www.google.com/maps/place/Hotel+Silk+Tree+Nagoya/data=!4m10!3m9!1s0x6003772b1f8e0e11:0x24eb1f12d9b74ecf!5m2!4m1!1i2!8m2!3d35.1692833!4d136.9015504!16s%2Fg%2F1tf31b0h!19sChIJEQ6OHyt3A2ARz0632RIf6yQ?authuser=0&hl=en&rclk=1,0,Hospitality,Indonesia.Batam.Hotel.202408042041.db,places,null_required_column
5580,the b nagoya (the b 名古屋),3.9,1137,0,,,"1 Chome-19-30 Nishiki, Naka Ward, Nagoya, Aichi 460-8608, Japan",[object Object],+81 52-231-7711,35.166745,136.9097226,https://www.google.com/maps/place/the+b+nagoya/data=!4m10!3m9!1s0x600370d1cfc8af5f:0x7f42763a0f021abe!5m2!4m1!1i2!8m2!3d35.166745!4d136.9097226!16s%2Fg%2F1tr17hcx!19sChIJX6_Iz9FwA2ARvhoCDzp2Qn8?authuser=0&hl=en&rclk=1,0,Hospitality,Indonesia.Batam.Hotel.202408042041.db,places,null_required_column
5581,Nikko Style Nagoya (ニッコースタイル名古屋),4.4,731,0,,,"5 Chome-20-13 Meieki, Nakamura Ward, Nagoya, Aichi 450-0002, Japan",[object Object],+81 52-211-8050,35.1698624,136.8910005,https://www.google.com/maps/place/Nikko+Style+Nagoya/data=!4m10!3m9!1s0x6003773c2fb746c7:0x71d0fa1299980da3!5m2!4m1!1i2!8m2!3d35.1698624!4d136.8910005!16s%2Fg%2F11fhnhq5sj!19sChIJx0a3Lzx3A2ARow2YmRL60HE?authuser=0&hl=en&rclk=1,0,Hospitality,Indonesia.Batam.Hotel.202408042041.db,places,null_required_column
5582,Nagoya Kanayama Hotel (名古屋金山ホテル),4.0,1022,0,,,"4 Chome-6-25 Kanayama, Naka Ward, Nagoya, Aichi 460-0022, Japan",[object Object],+81 52-322-1111,35.143518,136.9028167,"https://www.google.com/maps/place/Nagoya+Kanayama+Hotel/@35.143518,136.9028167,17z/data=!3m1!4b1!4m9!3m8!1s0x600370ad2c542a53:0xb54033eacfe8e135!5m2!4m1!1i2!8m2!3d35.143518!4d136.9028167!16s%2Fg%2F120ph49m?authuser=0&hl=en&entry=ttu&g_ep=EgoyMDI0MDgyOC4wIKXMDSoASAFQAw%3D%3D",0,Hospitality,Indonesia.Batam.Hotel.202408042041.db,places,null_required_column
5583,Tokyo Dai-ichi Hotel Nishiki (東京第一ホテル錦),3.9,1393,0,,,"3 Chome-18-21 Nishiki, Naka Ward, Nagoya, Aichi 460-0003, Japan",[object Object],+81 52-955-1001,35.170191,136.904888,https://www.google.com/maps/place/Tokyo+Dai-ichi+Hotel+Nishiki/data=!4m10!3m9!1s0x600370d4f0c9cd23:0x917267e68443713c!5m2!4m1!1i2!8m2!3d35.170191!4d136.904888!16s%2Fg%2F1tfwdf0b!19sChIJI83J8NRwA2ARPHFDhOZncpE?authuser=0&hl=en&rclk=1,0,Hospitality,Indonesia.Batam.Hotel.202408042041.db,places,null_required_column
5584,Sanco Inn Nagoya Nishiki (三交イン名古屋錦～四季乃湯～),3.9,898,0,,,"3 Chome-7-23 Nishiki, Naka Ward, Nagoya, Aichi 460-0003, Japan",[object Object],+81 52-957-3537,35.1718114,136.9056799,https://www.google.com/maps/place/Sanco+Inn+Nagoya+Nishiki/data=!4m10!3m9!1s0x600370d5a582f301:0x8e2e8aff0d2b80e4!5m2!4m1!1i2!8m2!3d35.1718114!4d136.9056799!16s%2Fg%2F1ptxb59nz!19sChIJAfOCpdVwA2AR5IArDf-KLo4?authuser=0&hl=en&rclk=1,0,Hospitality,Indonesia.Batam.Hotel.202408042041.db,places,null_required_column
5585,Comfort Hotel Nagoya Fushimi (コンフォートホテル名古屋伏見),4.2,735,0,,,"2 Chome-19-14 Nishiki, Naka Ward, Nagoya, Aichi 460-0003, Japan",[object Object],+81 52-201-2911,35.168933,136.900691,https://www.google.com/maps/place/Comfort+Hotel+Nagoya+Fushimi/data=!4m10!3m9!1s0x6003772b01fc6b9f:0x4b1525640d3ccf77!5m2!4m1!1i2!8m2!3d35.168933!4d136.900691!16s%2Fg%2F11f_0v_tm8!19sChIJn2v8ASt3A2ARd888DWQlFUs?authuser=0&hl=en&rclk=1,0,Hospitality,Indonesia.Batam.Hotel.202408042041.db,places,null_required_column
5586,Hotel S-plus Nagoya Sakae (ホテルエスプル名古屋栄),3.4,504,0,,,"3 Chome-2 Shinsakaemachi, Naka Ward, Nagoya, Aichi 460-0004, Japan",[object Object],+81 52-962-2411,35.169526,136.913142,https://www.google.com/maps/place/Hotel+S-plus+Nagoya+Sakae/data=!4m10!3m9!1s0x600370da8f796e01:0x7777963252da75d1!5m2!4m1!1i2!8m2!3d35.169526!4d136.913142!16s%2Fg%2F11h14bj0sn!19sChIJAW55j9pwA2AR0XXaUjKWd3c?authuser=0&hl=en&rclk=1,0,Hospitality,Indonesia.Batam.Hotel.202408042041.db,places,null_required_column
5588,Ecohotel Nagoya (エコホテル 名古屋),3.5,197,0,,,"Japan, 〒453-0015 Aichi, Nagoya, Nakamura Ward, Tsubakicho, 14−5 グランド松竹梅ビル ２０５",[object Object],+81 52-462-1777,35.1687545,136.8806226,https://www.google.com/maps/place/Ecohotel+Nagoya/data=!4m10!3m9!1s0x600376e6fa25860d:0xe34f555dbf2113f9!5m2!4m1!1i2!8m2!3d35.1687545!4d136.8806226!16s%2Fg%2F1tfnyj6f!19sChIJDYYl-uZ2A2AR-RMhv11VT-M?authuser=0&hl=en&rclk=1,0,Hospitality,Indonesia.Batam.Hotel.202408042041.db,places,null_required_column
5589,Comfort Hotel Nagoya Shinkansenguchi (コンフォートホテル名古屋新幹線口),4.1,374,0,,,"1 Chome-13-7 Noritake, Nakamura Ward, Nagoya, Aichi 453-0014, Japan",[object Object],+81 52-453-3111,35.172221,136.877429,https://www.google.com/maps/place/Comfort+Hotel+Nagoya+Shinkansenguchi/data=!4m10!3m9!1s0x600377ffe8398165:0x6e5b8ce1abf070ed!5m2!4m1!1i2!8m2!3d35.172221!4d136.877429!16s%2Fg%2F11fkw6rq7t!19sChIJZYE56P93A2AR7XDwq-GMW24?authuser=0&hl=en&rclk=1,0,Hospitality,Indonesia.Batam.Hotel.202408042041.db,places,null_required_column
5590,Meitetsu Grand Hotel (名鉄グランドホテル),3.8,1497,0,,,"Japan, 〒450-0002 Aichi, Nagoya, Nakamura Ward, Meieki, 1 Chome−2−4 名鉄バスターミナルビル １１階～１８階",[object Object],+81 52-582-2211,35.168453,136.884389,https://www.google.com/maps/place/Meitetsu+Grand+Hotel/data=!4m10!3m9!1s0x600376dde144a0f7:0xb5a6a966b1810e48!5m2!4m1!1i2!8m2!3d35.168453!4d136.884389!16s%2Fg%2F1tdy_x3y!19sChIJ96BE4d12A2ARSA6BsWapprU?authuser=0&hl=en&rclk=1,0,Hospitality,Indonesia.Batam.Hotel.202408042041.db,places,null_required_column
5592,Nagoyaeki Access Hotel (ナゴヤエキ アクセスホテル),3.5,307,0,,,"11-15 Tsubakicho, Nakamura Ward, Nagoya, Aichi 453-0015, Japan",[object Object],+81 52-454-3760,35.1691781,136.8789661,https://www.google.com/maps/place/Nagoyaeki+Access+Hotel/data=!4m10!3m9!1s0x600376e6715dfe31:0xc8598ec0d7f20f7b!5m2!4m1!1i2!8m2!3d35.1691781!4d136.8789661!16s%2Fg%2F1tjpqf78!19sChIJMf5dceZ2A2ARew_y18COWcg?authuser=0&hl=en&rclk=1,0,Hospitality,Indonesia.Batam.Hotel.202408042041.db,places,null_required_column
5593,Kuretake Inn Premium Nagoya Nayabashi (くれたけインプレミアム 名古屋納屋橋),4.0,787,0,,,"1 Chome-2-12 Meiekiminami, Nakamura Ward, Nagoya, Aichi 450-0003, Japan",[object Object],+81 52-561-1211,35.1678167,136.8912896,https://www.google.com/maps/place/Kuretake+Inn+Premium+Nagoya+Nayabashi/data=!4m10!3m9!1s0x600376d86590af4b:0xc401e95192b0bfac!5m2!4m1!1i2!8m2!3d35.1678167!4d136.8912896!16s%2Fg%2F11d_wwhzcr!19sChIJS6-QZdh2A2ARrL-wklHpAcQ?authuser=0&hl=en&rclk=1,0,Hospitality,Indonesia.Batam.Hotel.202408042041.db,places,null_required_column
5594,Dormy Inn PREMIUM Nagoya Sakae (ドーミーインPREMIUM名古屋栄),4.3,1973,0,,,"2 Chome-20-1 Nishiki, Naka Ward, Nagoya, Aichi 460-0003, Japan",[object Object],+81 52-231-5489,35.1692589,136.901217,https://www.google.com/maps/place/Dormy+Inn+PREMIUM+Nagoya+Sakae/data=!4m10!3m9!1s0x6003772ae243073d:0xa96a5c773f0fb8ef!5m2!4m1!1i2!8m2!3d35.1692589!4d136.901217!16s%2Fg%2F11b75l4rn3!19sChIJPQdD4ip3A2AR77gPP3dcaqk?authuser=0&hl=en&rclk=1,0,Hospitality,Indonesia.Batam.Hotel.202408042041.db,places,null_required_column
5595,Sancoinn Nagoya Shinkansenguchi (三交イン名古屋新幹線口),3.8,828,0,,,"7-23 Tsubakicho, Nakamura Ward, Nagoya, Aichi 453-0015, Japan",[object Object],+81 52-453-3511,35.169814,136.879765,https://www.google.com/maps/place/Sancoinn+Nagoya+Shinkansenguchi/data=!4m10!3m9!1s0x600376e66a9e4c25:0x4e973480f320593f!5m2!4m1!1i2!8m2!3d35.169814!4d136.879765!16s%2Fg%2F1tg_x0dl!19sChIJJUyeauZ2A2ARP1kg84A0l04?authuser=0&hl=en&rclk=1,0,Hospitality,Indonesia.Batam.Hotel.202408042041.db,places,null_required_column
5596,LAMP LIGHT BOOKS HOTEL nagoya (ランプライトブックスホテル名古屋),4.4,562,0,,,"1 Chome-13-18 Nishiki, Naka Ward, Nagoya, Aichi 460-0003, Japan",[object Object],+81 52-231-7011,35.169868,136.894519,https://www.google.com/maps/place/LAMP+LIGHT+BOOKS+HOTEL+nagoya/data=!4m10!3m9!1s0x600376d7be8186ef:0x935d0be4035334f1!5m2!4m1!1i2!8m2!3d35.169868!4d136.894519!16s%2Fg%2F11g9qvn88y!19sChIJ74aBvtd2A2AR8TRTA-QLXZM?authuser=0&hl=en&rclk=1,0,Hospitality,Indonesia.Batam.Hotel.202408042041.db,places,null_required_column
5598,SANCO-INN NAGOYA SHINKANSEN EXIT ANNEX (三交イン 名古屋新幹線口ANNEX),4.0,483,0,,,"7-4 Tsubakicho, Nakamura Ward, Nagoya, Aichi 453-0015, Japan",[object Object],+81 52-756-3541,35.169679,136.8799907,https://www.google.com/maps/place/SANCO-INN+NAGOYA+SHINKANSEN+EXIT+ANNEX/data=!4m10!3m9!1s0x600376e641778e87:0x7ad8b3fc3c9352e2!5m2!4m1!1i2!8m2!3d35.169679!4d136.8799907!16s%2Fg%2F11gdsl8685!19sChIJh453QeZ2A2AR4lKTPPyz2Ho?authuser=0&hl=en&rclk=1,0,Hospitality,Indonesia.Batam.Hotel.202408042041.db,places,null_required_column
5599,VESSEL INN SAKAE EKIMAE (ベッセルイン栄駅前),4.3,781,0,,,"3 Chome-14-13 Nishiki, Naka Ward, Nagoya, Aichi 460-0003, Japan",[object Object],+81 52-955-3131,35.171311,136.9064127,https://www.google.com/maps/place/VESSEL+INN+SAKAE+EKIMAE/data=!4m10!3m9!1s0x600370d5abc282c3:0x1a6e815e7e069cd7!5m2!4m1!1i2!8m2!3d35.171311!4d136.9064127!16s%2Fg%2F11f7snmx1f!19sChIJw4LCq9VwA2AR15wGfl6Bbho?authuser=0&hl=en&rclk=1,0,Hospitality,Indonesia.Batam.Hotel.202408042041.db,places,null_required_column
5600,DEL style 名古屋納屋橋 by ダイワロイネットホテル (DEL style 名古屋納屋橋 by Daiwa Roynet Hotel),4.2,1047,0,,,"1 Chome-2-27 Sakae, Naka Ward, Nagoya, Aichi 460-0008, Japan",[object Object],+81 52-211-6186,35.1662662,136.8931229,"https://www.google.com/maps/place/DEL+style+%E5%90%8D%E5%8F%A4%E5%B1%8B%E7%B4%8D%E5%B1%8B%E6%A9%8B+by+%E3%83%80%E3%82%A4%E3%83%AF%E3%83%AD%E3%82%A4%E3%83%8D%E3%83%83%E3%83%88%E3%83%9B%E3%83%86%E3%83%AB/@35.1662662,136.8931229,17z/data=!3m1!4b1!4m9!3m8!1s0x60037727e3c1d855:0x2971e582e4ae8d9e!5m2!4m1!1i2!8m2!3d35.1662662!4d136.8931229!16s%2Fg%2F11f4wvjkmp?authuser=0&hl=en&entry=ttu&g_ep=EgoyMDI0MDgyOC4wIKXMDSoASAFQAw%3D%3D",0,Hospitality,Indonesia.Batam.Hotel.202408042041.db,places,null_required_column
5601,The Royal Park Canvas - Nagoya (ザ ロイヤルパーク キャンバス 名古屋),4.1,1083,0,,,"3 Chome-23-13 Meieki, Nakamura Ward, Nagoya, Aichi 450-0002, Japan",[object Object],+81 52-300-1111,35.1721152,136.887047,https://www.google.com/maps/place/The+Royal+Park+Canvas+-+Nagoya/data=!4m10!3m9!1s0x600376dc8b67dd9d:0x5d253ededeeeec87!5m2!4m1!1i2!8m2!3d35.1721152!4d136.887047!16s%2Fg%2F12xqdvzbf!19sChIJnd1ni9x2A2ARh-zu3t4-JV0?authuser=0&hl=en&rclk=1,0,Hospitality,Indonesia.Batam.Hotel.202408042041.db,places,null_required_column
5602,Nagoya Flower Hotel (名古屋フラワーホテル本館),3.3,516,0,,,"Japan, 〒453-0015 Aichi, Nagoya, Nakamura Ward, Tsubakicho, 15−4 名古屋フラワーホテル 1階",[object Object],+81 52-451-2222,35.1691069,136.8813446,https://www.google.com/maps/place/Nagoya+Flower+Hotel/data=!4m10!3m9!1s0x600376e7024a3fdd:0xcbb211a5540befc1!5m2!4m1!1i2!8m2!3d35.1691069!4d136.8813446!16s%2Fg%2F1tkmmh45!19sChIJ3T9KAud2A2ARwe8LVKURsss?authuser=0&hl=en&rclk=1,0,Hospitality,Indonesia.Batam.Hotel.202408042041.db,places,null_required_column
5604,Super Hotel Nagoya Ekimae (スーパーホテル名古屋駅前),3.9,719,0,,,"2 Chome-12-6 Kamejima, Nakamura Ward, Nagoya, Aichi 453-0013, Japan",[object Object],+81 52-451-9000,35.174162,136.8790693,https://www.google.com/maps/place/Super+Hotel+Nagoya+Ekimae/data=!4m10!3m9!1s0x600376e9485391b3:0xe4c309454f4006d0!5m2!4m1!1i2!8m2!3d35.174162!4d136.8790693!16s%2Fg%2F1tdlv62w!19sChIJs5FTSOl2A2AR0AZAT0UJw-Q?authuser=0&hl=en&rclk=1,0,Hospitality,Indonesia.Batam.Hotel.202408042041.db,places,null_required_column
5607,Toyoko Inn Nagoya Station Shinkansen Exit (東横INN名古屋駅新幹線口),3.8,812,0,,,"Japan, 〒453-0015 Aichi, Nagoya, Nakamura Ward, Tsubakicho, 7−16 東横ＩＮＮ名古屋駅新幹線口",[object Object],+81 52-856-1045,35.169544,136.879706,https://www.google.com/maps/place/Toyoko+Inn+Nagoya+Station+Shinkansen+Exit/data=!4m10!3m9!1s0x600376e66a247fb3:0xc6c7e077be9caebe!5m2!4m1!1i2!8m2!3d35.169544!4d136.879706!16s%2Fg%2F1tmpvxmd!19sChIJs38kauZ2A2ARvq6cvnfgx8Y?authuser=0&hl=en&rclk=1,0,Hospitality,Indonesia.Batam.Hotel.202408042041.db,places,null_required_column
5608,Super Hotel Premier Nagoya (スーパーホテルPremier名古屋天然温泉桜通口),4.2,248,0,,,"3 Chome-8-20 Meieki, Nakamura Ward, Nagoya, Aichi 450-0002, Japan",[object Object],+81 52-561-9001,35.1738462,136.8872939,"https://www.google.com/maps/place/Super+Hotel+Premier+Nagoya/@35.1738462,136.8872939,17z/data=!3m1!4b1!4m9!3m8!1s0x600377fbfa9b3841:0xf8c0201a8e4f0bc!5m2!4m1!1i2!8m2!3d35.1738462!4d136.8872939!16s%2Fg%2F11s0ssc2jt?authuser=0&hl=en&entry=ttu&g_ep=EgoyMDI0MDgyOC4wIKXMDSoASAFQAw%3D%3D",0,Hospitality,Indonesia.Batam.Hotel.202408042041.db,places,null_required_column
5609,Sanco Inn Grande Nagoya (三交インGrande名古屋-HOTEL&SPA-),4.3,355,0,,,"3 Chome-21-7 Meieki, Nakamura Ward, Nagoya, Aichi 450-0002, Japan",[object Object],+81 52-564-1135,35.1724263,136.8888801,https://www.google.com/maps/place/Sanco+Inn+Grande+Nagoya/data=!4m10!3m9!1s0x600377b010a4f223:0x894f638a8e981588!5m2!4m1!1i2!8m2!3d35.1724263!4d136.8888801!16s%2Fg%2F11ft31dxv5!19sChIJI_KkELB3A2ARiBWYjopjT4k?authuser=0&hl=en&rclk=1,0,Hospitality,Indonesia.Batam.Hotel.202408042041.db,places,null_required_column
5610,Nagoya Garland Hotel (名古屋ガーランドホテル),4.0,828,0,,,"3 Chome-9-6 Sakae, Naka Ward, Nagoya, Aichi 460-0008, Japan",[object Object],+81 52-242-6363,35.1673712,136.9042202,"https://www.google.com/maps/place/Nagoya+Garland+Hotel/@35.1673712,136.9042202,17z/data=!3m1!4b1!4m9!3m8!1s0x600370d36bb768a1:0x838b51db57b29e69!5m2!4m1!1i2!8m2!3d35.1673712!4d136.9042202!16s%2Fg%2F1tf7mh4_?authuser=0&hl=en&entry=ttu&g_ep=EgoyMDI0MDgyOC4wIKXMDSoASAFQAw%3D%3D",0,Hospitality,Indonesia.Batam.Hotel.202408042041.db,places,null_required_column
5612,Nagoya Station Room,5.0,5,0,,,"5 Chome-12-2 Meieki, Nakamura Ward, Nagoya, Aichi 450-0002, Japan",[object Object],+81 90-6579-2280,35.1706826,136.8911757,"https://www.google.com/maps/place/Nagoya+Station+Room/@35.1706826,136.8911757,17z/data=!3m1!4b1!4m9!3m8!1s0x600377b9f5359e57:0x8dd3968b063b6c88!5m2!4m1!1i2!8m2!3d35.1706826!4d136.8911757!16s%2Fg%2F11h7b1h6_h?authuser=0&hl=en&entry=ttu&g_ep=EgoyMDI0MDgyOC4wIKXMDSoASAFQAw%3D%3D",0,Hospitality,Indonesia.Batam.Hotel.202408042041.db,places,null_required_column
5614,Hotel Wing International Select Nagoya Sakae (ホテルウィングインターナショナルセレクト名古屋栄),4.1,523,0,,,"3 Chome-12-23-2 Sakae, Naka Ward, Nagoya, Aichi 460-0008, Japan",[object Object],+81 52-857-4488,35.166093,136.904133,https://www.google.com/maps/place/Hotel+Wing+International+Select+Nagoya+Sakae/data=!4m10!3m9!1s0x600370d2e03acd95:0x1b31de33e91761bb!5m2!4m1!1i2!8m2!3d35.166093!4d136.904133!16s%2Fg%2F11g9gnvmsj!19sChIJlc064NJwA2ARu2EX6TPeMRs?authuser=0&hl=en&rclk=1,0,Hospitality,Indonesia.Batam.Hotel.202408042041.db,places,null_required_column
5615,The Star Hotel (ホテル ザ・スターホテル),3.8,44,0,,,"2 Chome-2-5 Meiekiminami, Nakamura Ward, Nagoya, Aichi 450-0003, Japan",[object Object],+81 52-541-0001,35.1654837,136.8916544,https://www.google.com/maps/place/The+Star+Hotel/data=!4m10!3m9!1s0x60037727ba91d0ed:0x4af02f3f116d01eb!5m2!4m1!1i2!8m2!3d35.1654837!4d136.8916544!16s%2Fg%2F1vnnj9zc!19sChIJ7dCRuid3A2AR6wFtET8v8Eo?authuser=0&hl=en&rclk=1,0,Hospitality,Indonesia.Batam.Hotel.202408042041.db,places,null_required_column
5616,APA HOTEL NAGOYA SAKAE-KITA (アパホテル〈名古屋栄北〉),4.1,1704,0,,,"3 Chome-18-30 Marunouchi, Naka Ward, Nagoya, Aichi 460-0002, Japan",[object Object],+81 570-076-911,35.1750518,136.9066653,https://www.google.com/maps/place/APA+HOTEL+NAGOYA+SAKAE-KITA/data=!4m10!3m9!1s0x600371bb525ac415:0x612da918c5b8281d!5m2!4m1!1i2!8m2!3d35.1750518!4d136.9066653!16s%2Fg%2F11f8m60m1m!19sChIJFcRaUrtxA2ARHSi4xRipLWE?authuser=0&hl=en&rclk=1,0,Hospitality,Indonesia.Batam.Hotel.202408042041.db,places,null_required_column
5617,Toyoko Inn Nagoya Station Sakura-dori Entrance New Building (東横INN名古屋駅桜通口新館),3.8,621,0,,,"3 Chome-9-17 Meieki, Nakamura Ward, Nagoya, Aichi 450-0002, Japan",[object Object],+81 52-562-1045,35.173641,136.88626,https://www.google.com/maps/place/Toyoko+Inn+Nagoya+Station+Sakura-dori+Entrance+New+Building/data=!4m10!3m9!1s0x600376dcd2ef4417:0x13b26856ffe639fc!5m2!4m1!1i2!8m2!3d35.173641!4d136.88626!16s%2Fg%2F1tfcyr38!19sChIJF0Tv0tx2A2AR_Dnm_1ZoshM?authuser=0&hl=en&rclk=1,0,Hospitality,Indonesia.Batam.Hotel.202408042041.db,places,null_required_column
5618,APA VILLA HOTEL NAGOYA-MARUNOUCHI-EKIMAE (アパホテル 〈名古屋丸の内駅前〉),3.8,1597,0,,,"2 Chome-17-28 Marunouchi, Naka Ward, Nagoya, Aichi 460-0002, Japan",[object Object],+81 570-079-311,35.1736693,136.8974375,https://www.google.com/maps/place/APA+VILLA+HOTEL+NAGOYA-MARUNOUCHI-EKIMAE/data=!4m10!3m9!1s0x600376d6a5567b3d:0x93b944d4843ab3bb!5m2!4m1!1i2!8m2!3d35.1736693!4d136.8974375!16s%2Fg%2F1tfzb35d!19sChIJPXtWpdZ2A2ARu7M6hNREuZM?authuser=0&hl=en&rclk=1,0,Hospitality,Indonesia.Batam.Hotel.202408042041.db,places,null_required_column
5619,Nagoya Garden Palace (ホテル名古屋ガーデンパレス),3.7,1579,0,,,"3 Chome-11-13 Nishiki, Naka Ward, Nagoya, Aichi 460-0003, Japan",[object Object],+81 52-957-1022,35.1713137,136.9028026,https://www.google.com/maps/place/Nagoya+Garden+Palace/data=!4m10!3m9!1s0x6003772ab450c017:0xe7bf5b35fc75486!5m2!4m1!1i2!8m2!3d35.1713137!4d136.9028026!16s%2Fg%2F1v9gjy66!19sChIJF8BQtCp3A2ARhlTHX7P1ew4?authuser=0&hl=en&rclk=1,0,Hospitality,Indonesia.Batam.Hotel.202408042041.db,places,null_required_column
5620,Daiwa Roynet Hotel NAGOYA-SHINKANSENGUCHI (ダイワロイネットホテル 名古屋新幹線口),4.0,918,0,,,"1-23 Tsubakicho, Nakamura Ward, Nagoya, Aichi 453-0015, Japan",[object Object],+81 52-452-7055,35.1720303,136.879007,"https://www.google.com/maps/place/Daiwa+Roynet+Hotel+NAGOYA-SHINKANSENGUCHI/@35.1720303,136.879007,17z/data=!3m1!4b1!4m9!3m8!1s0x600376e8c93c6a7d:0x8bd89df00a960c3!5m2!4m1!1i2!8m2!3d35.1720303!4d136.879007!16s%2Fg%2F1tc_8lrv?authuser=0&hl=en&entry=ttu&g_ep=EgoyMDI0MDgyOC4wIKXMDSoASAFQAw%3D%3D",0,Hospitality,Indonesia.Batam.Hotel.202408042041.db,places,null_required_column
5621,心乃宿 Kokoro No Yado-Newly renovated,4.2,99,0,,,"2 Chome-16-4 Noritake, Nakamura Ward, Nagoya, Aichi 453-0014, Japan",[object Object],+81 52-462-8736,35.1705777,136.8759712,https://www.google.com/maps/place/%E5%BF%83%E4%B9%83%E5%AE%BF+Kokoro+No+Yado-Newly+renovated/data=!4m10!3m9!1s0x600376efa10f083f:0xb806c857d627a148!5m2!4m1!1i2!8m2!3d35.1705777!4d136.8759712!16s%2Fg%2F11hcdv1ncp!19sChIJPwgPoe92A2ARSKEn1lfIBrg?authuser=0&hl=en&rclk=1,0,Hospitality,Indonesia.Batam.Hotel.202408042041.db,places,null_required_column
5622,Richmond Hotel Nagoya Shinkansen Exit (リッチモンドホテル名古屋新幹線口),4.3,909,0,,,"2 Chome-12-3 Kamejima, Nakamura Ward, Nagoya, Aichi 453-0013, Japan",[object Object],+81 52-452-8145,35.1744336,136.8788648,"https://www.google.com/maps/place/Richmond+Hotel+Nagoya+Shinkansen+Exit/@35.1744336,136.8788648,17z/data=!3m1!4b1!4m9!3m8!1s0x600376e951db3453:0xad4f38a8ff1bd5a1!5m2!4m1!1i2!8m2!3d35.1744336!4d136.8788648!16s%2Fg%2F11cm_gq0v4?authuser=0&hl=en&entry=ttu&g_ep=EgoyMDI0MDgyOC4wIKXMDSoASAFQAw%3D%3D",0,Hospitality,Indonesia.Batam.Hotel.202408042041.db,places,null_required_column
5623,Station Inn Nagoya (Ｓｔａｔｉｏｎ Ｉｎｎ Ｎａｇｏｙａ),3.3,113,0,,,"3 Chome-11-18 Meieki, Nakamura Ward, Nagoya, Aichi 450-0002, Japan",[object Object],+81 52-541-4431,35.1742745,136.8853659,https://www.google.com/maps/place/Station+Inn+Nagoya/data=!4m10!3m9!1s0x600376c2db85fc03:0xd9c2d5005b453f39!5m2!4m1!1i2!8m2!3d35.1742745!4d136.8853659!16s%2Fg%2F1tdl1h92!19sChIJA_yF28J2A2AROT9FWwDVwtk?authuser=0&hl=en&rclk=1,0,Hospitality,Indonesia.Batam.Hotel.202408042041.db,places,null_required_column
5624,Nagoya Grand Hotel (ナゴヤグランドホテル),3.1,253,0,,,"17-21 Tsubakicho, Nakamura Ward, Nagoya, Aichi 453-0015, Japan",[object Object],+81 52-451-0688,35.167884,136.881225,https://www.google.com/maps/place/Nagoya+Grand+Hotel/data=!4m10!3m9!1s0x600376e726b8f0b3:0x4b52ae3f5288068!5m2!4m1!1i2!8m2!3d35.167884!4d136.881225!16s%2Fg%2F1tg680qn!19sChIJs_C4Jud2A2ARaIAo9eMqtQQ?authuser=0&hl=en&rclk=1,0,Hospitality,Indonesia.Batam.Hotel.202408042041.db,places,null_required_column
5626,OYO 92586 Happy 777,1.3,3,0,,,"Jl. Marina Park Jl. Pembangunan 6, Komplek, Batu Selicin, Kec. Lubuk Baja, Kota Batam, Kepulauan Riau 29444, Indonesia",[object Object],+62 21 29707601,1.1378929,104.0068854,"https://www.google.com/maps/place/OYO+92586+Happy+777/@1.1378929,104.0068854,17z/data=!3m1!4b1!4m9!3m8!1s0x31d98bf3f5a5311d:0x97e62c021bad90d7!5m2!4m1!1i2!8m2!3d1.1378929!4d104.0068854!16s%2Fg%2F11st_sxq0f?authuser=0&hl=en&entry=ttu&g_ep=EgoyMDI0MDgyOC4wIKXMDSoASAFQAw%3D%3D",0,Hospitality,Indonesia.Batam.Hotel.202408042041.db,places,null_required_column
5628,K HOTEL 12,3.1,321,0,,,"12 Lor 10 Geylang, Singapore 399045",[object Object],6612 4876,1.3113907,103.8774948,https://www.google.com/maps/place/K+HOTEL+12/data=!4m10!3m9!1s0x31da18373c553425:0xa3c75bca5c3887d!5m2!4m1!1i2!8m2!3d1.3113907!4d103.8774948!16s%2Fg%2F1tdp2kj6!19sChIJJTRVPDcY2jERfYjDpbx1PAo?authuser=0&hl=en&rclk=1,0,Hospitality,Indonesia.Batam.Hotel.202408042041.db,places,null_required_column
5630,K HOTEL 1515,2.6,160,0,,,"20 Lor 6 Geylang, Singapore 399174",[object Object],6842 3888,1.3131939,103.8781191,https://www.google.com/maps/place/K+HOTEL+1515/data=!4m10!3m9!1s0x31da1909938c03dd:0xf50d7177e32c8e3!5m2!4m1!1i2!8m2!3d1.3131939!4d103.8781191!16s%2Fg%2F11p3hk3ycz!19sChIJ3QOMkwkZ2jER48gyfhfXUA8?authuser=0&hl=en&rclk=1,0,Hospitality,Indonesia.Batam.Hotel.202408042041.db,places,null_required_column
5632,The Hotel Windsor,4.3,2247,0,,,"111 Spring St, Melbourne VIC 3000, Australia",[object Object],+61 3 9633 6000,-37.812125,144.9729651,https://www.google.com/maps/place/The+Hotel+Windsor/data=!4m10!3m9!1s0x6ad642c612236973:0xa6262b213b1979ab!5m2!4m1!1i2!8m2!3d-37.812125!4d144.9729651!16zL20vMGI1MjA4!19sChIJc2kjEsZC1moRq3kZOyErJqY?authuser=0&hl=en&rclk=1,0,Hospitality,Indonesia.Batam.Hotel.202408042041.db,places,null_required_column
5634,The Majestic Malacca,4.5,796,0,,,"188, Jln. Bunga Raya, Pengkalan Rama, 75100 Melaka, Malaysia",[object Object],+60 6-289 8000,2.2020341,102.252159,https://www.google.com/maps/place/The+Majestic+Malacca/data=!4m10!3m9!1s0x31d1f1d9109d82bd:0x9b2837f7795bd2ee!5m2!4m1!1i2!8m2!3d2.2020341!4d102.252159!16s%2Fg%2F1tfb41z7!19sChIJvYKdENnx0TER7tJbefc3KJs?authuser=0&hl=en&rclk=1,0,Hospitality,Indonesia.Batam.Hotel.202408042041.db,places,null_required_column
5636,Rosa Malacca,4.5,1397,0,,,"212, Jln Parameswara, Kampung Bandar Hilir, 75000 Melaka, Malaysia",[object Object],+60 6-281 9888,2.1889131,102.2585774,https://www.google.com/maps/place/Rosa+Malacca/data=!4m10!3m9!1s0x31d1ee1eec481707:0x3ee5467be3c058b9!5m2!4m1!1i2!8m2!3d2.1889131!4d102.2585774!16s%2Fg%2F11cmq30q77!19sChIJBxdI7B7u0TERuVjA43tG5T4?authuser=0&hl=en&rclk=1,0,Hospitality,Indonesia.Batam.Hotel.202408042041.db,places,null_required_column
5637,Imperial Heritage Boutique & Gourmet Hotel Melaka,3.9,4854,0,,,"No 1, 1, Jalan Merdeka, 74, Jln Parameswara, Taman Melaka Raya, 75000 Melaka, Malaysia",[object Object],+60 6-281 3545,2.1899052,102.2532544,https://www.google.com/maps/place/Imperial+Heritage+Boutique+%26+Gourmet+Hotel+Melaka/data=!4m10!3m9!1s0x31d1f1e035519ae1:0x5941452579408a4b!5m2!4m1!1i2!8m2!3d2.1899052!4d102.2532544!16s%2Fg%2F11bychzk5f!19sChIJ4ZpRNeDx0TERS4pAeSVFQVk?authuser=0&hl=en&rclk=1,0,Hospitality,Indonesia.Batam.Hotel.202408042041.db,places,null_required_column
5638,Estadia Hotel,4.0,1283,0,,,"Terminal Pahlawan, Jln Merdeka, Banda Hilir, 75000, Melaka, Malaysia",[object Object],+60 6-227 9600,2.1869376,102.2521045,https://www.google.com/maps/place/Estadia+Hotel/data=!4m10!3m9!1s0x31d1f1e1a3b5a6c5:0x90a2d5834e522372!5m2!4m1!1i2!8m2!3d2.1869376!4d102.2521045!16s%2Fg%2F11b7wndmsf!19sChIJxaa1o-Hx0TERciNSToPVopA?authuser=0&hl=en&rclk=1,0,Hospitality,Indonesia.Batam.Hotel.202408042041.db,places,null_required_column
5640,Arenaa De Luxe Hotel,3.9,707,0,,,"14 & 16, Jalan Laksamana, Banda Hilir, 75000 Melaka, Malaysia",[object Object],+60 6-282 2288,2.1885571,102.2646859,https://www.google.com/maps/place/Arenaa+De+Luxe+Hotel/data=!4m10!3m9!1s0x31d1ee19c08b692b:0x4851509f6d988b72!5m2!4m1!1i2!8m2!3d2.1885571!4d102.2646859!16s%2Fg%2F1tlcypq5!19sChIJK2mLwBnu0TERcouYbZ9QUUg?authuser=0&hl=en&rclk=1,0,Hospitality,Indonesia.Batam.Hotel.202408042041.db,places,null_required_column
5641,Holiday Inn Melaka  an IHG Hotel,4.2,3102,0,,,"192, 75000 Malacca, Malaysia",[object Object],+60 6-285 9000,2.1874203,102.2476355,"https://www.google.com/maps/place/Holiday+Inn+Melaka,+an+IHG+Hotel/data=!4m10!3m9!1s0x31d1ee1b5319c273:0xfdecca521e3aa52e!5m2!4m1!1i2!8m2!3d2.1874203!4d102.2476355!16s%2Fg%2F1tfc_x3b!19sChIJc8IZUxvu0TERLqU6HlLK7P0?authuser=0&hl=en&rclk=1",0,Hospitality,Indonesia.Batam.Hotel.202408042041.db,places,null_required_column
5642,Philea Resort & Spa  Melaka  Malaysia,3.9,1185,0,,,"Lot 2940, Jalan Ayer Keroh, Off Jalan Plaza Tol, Ayer Keroh, 75450 Melaka, Malaysia",[object Object],+60 6-289 3399,2.2983246,102.3110571,"https://www.google.com/maps/place/Philea+Resort+%26+Spa,+Melaka,+Malaysia/@2.2983246,102.3110571,17z/data=!3m1!4b1!4m9!3m8!1s0x31d1e45ab2b30b23:0x5dc760053d3744f8!5m2!4m1!1i2!8m2!3d2.2983246!4d102.3110571!16s%2Fg%2F1tgf5901?authuser=0&hl=en&entry=ttu&g_ep=EgoyMDI0MDgyOC4wIKXMDSoASAFQAw%3D%3D",0,Hospitality,Indonesia.Batam.Hotel.202408042041.db,places,null_required_column
5643,Temasek Hotel,3.2,1795,0,,,"57, Jalan D'Albuquerque, Perkampungan Portugis, 75050 Melaka, Malaysia",[object Object],+60 6-288 3588,2.1863182,102.2674768,https://www.google.com/maps/place/Temasek+Hotel/data=!4m10!3m9!1s0x31d1ee10bf082ed9:0x7c91958546f40f14!5m2!4m1!1i2!8m2!3d2.1863182!4d102.2674768!16s%2Fg%2F11bycjbwhl!19sChIJ2S4IvxDu0TERFA_0RoWVkXw?authuser=0&hl=en&rclk=1,0,Hospitality,Indonesia.Batam.Hotel.202408042041.db,places,null_required_column
5644,Casa del Rio Melaka,4.7,3265,0,,,"88, Jalan Laksamana, Taman Kota Laksamana, 75200 Melaka, Malaysia",[object Object],+60 6-289 6888,2.1937709,102.2464995,https://www.google.com/maps/place/Casa+del+Rio+Melaka/data=!4m10!3m9!1s0x31d1f1dd750f2103:0xae67f2b0f0430edb!5m2!4m1!1i2!8m2!3d2.1937709!4d102.2464995!16s%2Fg%2F1tmz4fls!19sChIJAyEPdd3x0TER2w5D8LDyZ64?authuser=0&hl=en&rclk=1,0,Hospitality,Indonesia.Batam.Hotel.202408042041.db,places,null_required_column
5645,ibis Melaka,4.3,3160,0,,,"249, Jalan Bendahara, Kampung Bukit China, 75100 Melaka, Malaysia",[object Object],+60 6-222 8888,2.1977652,102.2521132,https://www.google.com/maps/place/ibis+Melaka/data=!4m10!3m9!1s0x31d1f1d8d9f02143:0xc71f7c67546e978e!5m2!4m1!1i2!8m2!3d2.1977652!4d102.2521132!16s%2Fg%2F11b6hw330c!19sChIJQyHw2djx0TERjpduVGd8H8c?authuser=0&hl=en&rclk=1,0,Hospitality,Indonesia.Batam.Hotel.202408042041.db,places,null_required_column
5646,Swiss Garden Hotel Melaka,4.1,4273,0,,,"T2-4, The Shore @ Melaka River, Jalan Persisiran Bunga Raya, 75300 Malacca, Malaysia",[object Object],+60 6-288 3131,2.2026976,102.2503036,https://www.google.com/maps/place/Swiss+Garden+Hotel+Melaka/data=!4m10!3m9!1s0x31d1f1d743602483:0xec329ad5c88bbbf5!5m2!4m1!1i2!8m2!3d2.2026976!4d102.2503036!16s%2Fg%2F11cn31z13g!19sChIJgyRgQ9fx0TER9buLyNWaMuw?authuser=0&hl=en&rclk=1,0,Hospitality,Indonesia.Batam.Hotel.202408042041.db,places,null_required_column
5648,Noble Resort Hotel Melaka,4.1,3083,0,,,"1-A, Jalan Melaka Raya 2, Taman Melaka Raya, 75000 Melaka, Malaysia",[object Object],+60 6-289 8222,2.1878956,102.2539513,https://www.google.com/maps/place/Noble+Resort+Hotel+Melaka/data=!4m10!3m9!1s0x31d1f1e1e344727d:0x84c6d241d9db70aa!5m2!4m1!1i2!8m2!3d2.1878956!4d102.2539513!16s%2Fg%2F11btsv1131!19sChIJfXJE4-Hx0TERqnDb2UHSxoQ?authuser=0&hl=en&rclk=1,0,Hospitality,Indonesia.Batam.Hotel.202408042041.db,places,null_required_column
5649,Mahkota Hotel Melaka,3.5,2449,0,,,"75000, 192, 75000 Malacca, Malaysia",[object Object],+60 6-281 2828,2.1864127,102.2504703,https://www.google.com/maps/place/Mahkota+Hotel+Melaka/data=!4m10!3m9!1s0x31d1f1e3f968023b:0xd8f2e97ad8ed3363!5m2!4m1!1i2!8m2!3d2.1864127!4d102.2504703!16s%2Fg%2F1wn_3m7j!19sChIJOwJo-ePx0TERYzPt2Hrp8tg?authuser=0&hl=en&rclk=1,0,Hospitality,Indonesia.Batam.Hotel.202408042041.db,places,null_required_column
5650,Hotel Arissa,4.2,807,0,,,"2, Jalan Pelanduk, Kampung Dua, 75400 Melaka, Malaysia",[object Object],+60 6-288 0303,2.2019878,102.2424361,https://www.google.com/maps/place/Hotel+Arissa/data=!4m10!3m9!1s0x31d1f1c55881489d:0x474652f8e94d0c65!5m2!4m1!1i2!8m2!3d2.2019878!4d102.2424361!16s%2Fg%2F11c1n_6sh0!19sChIJnUiBWMXx0TERZQxN6fhSRkc?authuser=0&hl=en&rclk=1,0,Hospitality,Indonesia.Batam.Hotel.202408042041.db,places,null_required_column
5652,Rucksack Inn Premium Melaka,4.3,518,0,,,"107, Jalan Banda Kaba, Banda Hilir, 75000 Melaka, Malaysia",[object Object],+60 6-292 2107,2.1929936,102.2513878,"https://www.google.com/maps/place/Rucksack+Inn+Premium+Melaka/@2.1929936,102.2513878,17z/data=!3m1!4b1!4m9!3m8!1s0x31d1f1de31c33ab9:0xdcdcf1835a64b299!5m2!4m1!1i2!8m2!3d2.1929936!4d102.2513878!16s%2Fg%2F11bw1_fx3d?authuser=0&hl=en&entry=ttu&g_ep=EgoyMDI0MDgyOC4wIKXMDSoASAFQAw%3D%3D",0,Hospitality,Indonesia.Batam.Hotel.202408042041.db,places,null_required_column
5653,City Residence,4.0,33,0,,,"Komplek Marina Park Blok T No. 1 dan 2, Jl. Pembangunan, Batu Selicin, Kec. Lubuk Baja, Kota Batam, Kepulauan Riau 29444, Indonesia",[object Object],+62 822-8383-2015,1.13732,104.0067979,https://www.google.com/maps/place/City+Residence/data=!4m10!3m9!1s0x31d98b8ee8124dfb:0x1df0245379e7ba02!5m2!4m1!1i2!8m2!3d1.13732!4d104.0067979!16s%2Fg%2F11g0lbg9qw!19sChIJ-00S6I6L2TERArrneVMk8B0?authuser=0&hl=en&rclk=1,0,Hospitality,Indonesia.Batam.Hotel.202408042041.db,places,null_required_column
5654,Forest City Marina Hotel,4.1,286,0,,,"Jalan Forest City - Lebuhraya Tanjung Pelepas, 1, Pulau Satu, 81550 Gelang Patah, Johor, Malaysia",[object Object],+60 19-501 1586,1.3359945,103.5938319,"https://www.google.com/maps/place/Forest+City+Marina+Hotel/@1.3359945,103.5938319,17z/data=!3m1!4b1!4m9!3m8!1s0x31da099d75909973:0x959160d609527e29!5m2!4m1!1i2!8m2!3d1.3359945!4d103.5938319!16s%2Fg%2F11j8_f8xvw?authuser=0&hl=en&entry=ttu&g_ep=EgoyMDI0MDgyOC4wIKXMDSoASAFQAw%3D%3D",0,Hospitality,Indonesia.Batam.Hotel.202408042041.db,places,null_required_column
5663,RedDoorz near Nagoya Citywalk Batam 2 (Hotel Grand Nagoya 68),4.2,294,0,,,"Komplek Ruko Nagoya Hill Blok I No. 10-16, Jl. Teuku Umar No.10, Lubuk Baja Kota, Kec. Lubuk Baja, Kota Batam, Kepulauan Riau 29444, Indonesia",[object Object],+62 778 7430488,1.143189,104.0114849,https://www.google.com/maps/place/RedDoorz+near+Nagoya+Citywalk+Batam+2/data=!4m10!3m9!1s0x31d9898136154bc3:0x71ab678f918268e4!5m2!4m1!1i2!8m2!3d1.143189!4d104.0114849!16s%2Fg%2F11b6dh1jg6!19sChIJw0sVNoGJ2TER5GiCkY9nq3E?authuser=0&hl=en&rclk=1,0,Hospitality,Indonesia.Batam.Hotel.202408042041.db,places,null_required_column
5665,Hotel Osaka Batam Nagoya (OSAKA HOTEL BATAM),4.0,436,0,,,"Komplek Nagoya Newton, Blk. V No.7, Lubuk Baja Kota, Kec. Lubuk Baja, Kota Batam, Kepulauan Riau 29444, Indonesia",[object Object],+62 778 4083777,1.1450842,104.0054447,https://www.google.com/maps/place/Hotel+Osaka+Batam+Nagoya/data=!4m10!3m9!1s0x31d98a29b961453b:0x8ba0002555907c1e!5m2!4m1!1i2!8m2!3d1.1450842!4d104.0054447!16s%2Fg%2F11crzjydqx!19sChIJO0VhuSmK2TERHnyQVSUAoIs?authuser=0&hl=en&rclk=1,0,Hospitality,Indonesia.Batam.Hotel.202408042041.db,places,null_required_column
5667,Nagoya Guesthouse,4.2,43,0,,,"Samping K Hotel / Sphinx, Nagoya Business Centre, Komp Ruko Seraya Mas Center blok H no 3, Kampung Seraya, Batu Ampar, Batam City, Riau Islands 29454, Indonesia",[object Object],+62 853-5659-5900,1.1481444,104.0154664,https://www.google.com/maps/place/Nagoya+Guesthouse/data=!4m10!3m9!1s0x31d98985877c7071:0x17857891a056fcd5!5m2!4m1!1i2!8m2!3d1.1481444!4d104.0154664!16s%2Fg%2F11cm3vz41z!19sChIJcXB8h4WJ2TER1fxWoJF4hRc?authuser=0&hl=en&rclk=1,0,Hospitality,Indonesia.Batam.Hotel.202408042041.db,places,null_required_column
5672,Hana Hotel,4.2,616,0,,,"Komplek Nagoya, BLOK 4, Jl. Komp. Business Centre Jalan Kompleks Business Center No.4 No. 17-20, Lubuk Baja Kota, Kec. Lubuk Baja, Kota Batam, Kepulauan Riau 29432, Indonesia",[object Object],+62 811-6668-845,1.1463462,104.0072932,https://www.google.com/maps/place/Hana+Hotel/data=!4m10!3m9!1s0x31d98a2827d8a26d:0xfe7846ba18c44614!5m2!4m1!1i2!8m2!3d1.1463462!4d104.0072932!16s%2Fg%2F11btv69h35!19sChIJbaLYJyiK2TERFEbEGLpGeP4?authuser=0&hl=en&rclk=1,0,Hospitality,Indonesia.Batam.Hotel.202408042041.db,places,null_required_column
5674,RedDoorz near Nagoya Citywalk Batam 4,4.2,6,0,,,"Jl. Imam Bonjol-Nagoya No.4, Lubuk Baja Kota, Kec. Lubuk Baja, Kota Batam, Kepulauan Riau 29444, Indonesia",[object Object],+62 21 80629666,1.1461435,104.0091574,https://www.google.com/maps/place/RedDoorz+near+Nagoya+Citywalk+Batam+4/data=!4m10!3m9!1s0x31d989d8d027171f:0xf047011d293d0492!5m2!4m1!1i2!8m2!3d1.1461435!4d104.0091574!16s%2Fg%2F11rj8fskjr!19sChIJHxcn0NiJ2TERkgQ9KR0BR_A?authuser=0&hl=en&rclk=1,0,Hospitality,Indonesia.Batam.Hotel.202408042041.db,places,null_required_column
5675,Vanilla Hotel,4.1,878,0,,,"Jl. Pembangunan blok VI, Batu Selicin, Lubuk Baja, Batam City, Riau Islands 29444, Indonesia",[object Object],+62 778 7711110,1.1385003,104.0086518,https://www.google.com/maps/place/Vanilla+Hotel/data=!4m10!3m9!1s0x31d9897fec020b35:0x87fa72e8b98cebc7!5m2!4m1!1i2!8m2!3d1.1385003!4d104.0086518!16s%2Fg%2F11g6bpk_zh!19sChIJNQsC7H-J2TERx-uMuehy-oc?authuser=0&hl=en&rclk=1,0,Hospitality,Indonesia.Batam.Hotel.202408042041.db,places,null_required_column
5677,RedDoorz near Nagoya Hill Mall Batam 5,3.2,45,0,,,"Komplek Wira mustika, Jl. Raja Ali H., Sungai Jodoh, Kec. Batu Ampar, Kota Batam, Kepulauan Riau 29453, Indonesia",[object Object],+62 21 80629666,1.1502395,104.0116837,https://www.google.com/maps/place/RedDoorz+near+Nagoya+Hill+Mall+Batam+5/data=!4m10!3m9!1s0x31d989b7574081c3:0x17a48f448f1c921c!5m2!4m1!1i2!8m2!3d1.1502395!4d104.0116837!16s%2Fg%2F11fs1gcvxc!19sChIJw4FAV7eJ2TERHJIcj0SPpBc?authuser=0&hl=en&rclk=1,0,Hospitality,Indonesia.Batam.Hotel.202408042041.db,places,null_required_column
5679,AVAVA EXPRESS,3.4,17,0,,,"Jl. Nagoya Hill, Superblock, Blok R 3 No.8-10, Lubuk Baja Kota, Kec. Lubuk Baja, Kota Batam, Kepulauan Riau 29444, Indonesia",[object Object],+62 812-7543-9997,1.1473203,104.0111432,https://www.google.com/maps/place/AVAVA+EXPRESS/data=!4m10!3m9!1s0x31d9893aebe92ba7:0x32a0004cae30b6c0!5m2!4m1!1i2!8m2!3d1.1473203!4d104.0111432!16s%2Fg%2F11jr_pm43y!19sChIJpyvp6zqJ2TERwLYwrkwAoDI?authuser=0&hl=en&rclk=1,0,Hospitality,Indonesia.Batam.Hotel.202408042041.db,places,null_required_column
5680,New Hotel,4.2,546,0,,,"Jl. Komp. Business Centre No.26-28 Blok I, Lubuk Baja Kota, Kec. Lubuk Baja, Kota Batam, Kepulauan Riau 29432, Indonesia",[object Object],+62 778 451292,1.1481269,104.0071231,https://www.google.com/maps/place/New+Hotel/data=!4m10!3m9!1s0x31d98a27ffd29c6b:0xf46b268766d60ac0!5m2!4m1!1i2!8m2!3d1.1481269!4d104.0071231!16s%2Fg%2F11b7vkwr76!19sChIJa5zS_yeK2TERwArWZocma_Q?authuser=0&hl=en&rclk=1,0,Hospitality,Indonesia.Batam.Hotel.202408042041.db,places,null_required_column
5681,RedDoorz Plus Near Mall Nagoya Hill Batam 3,3.8,16,0,,,"Jl. Imam Bonjol-Nagoya, Lubuk Baja Kota, Kec. Lubuk Baja, Kota Batam, Kepulauan Riau 29444, Indonesia",[object Object],+62 21 80629666,1.1463452,104.007791,https://www.google.com/maps/place/RedDoorz+Plus+Near+Mall+Nagoya+Hill+Batam+3/data=!4m10!3m9!1s0x31d989a8e57112b1:0x1511c3366f5cfe!5m2!4m1!1i2!8m2!3d1.1463452!4d104.007791!16s%2Fg%2F11h70s9hvg!19sChIJsRJx5aiJ2TER_lxvNsMRFQA?authuser=0&hl=en&rclk=1,0,Hospitality,Indonesia.Batam.Hotel.202408042041.db,places,null_required_column
5685,Leon Inn,3.9,117,0,,,"Komplek Nagoya City Center, Jl. Komp. Business Centre No.13, Lubuk Baja Kota, Kec. Lubuk Baja, Kota Batam, Kepulauan Riau 29445, Indonesia",[object Object],+62 778 421842,1.1504006,104.0098665,https://www.google.com/maps/place/Leon+Inn/data=!4m10!3m9!1s0x31d98987f27a58e1:0xf82a1ce893c51872!5m2!4m1!1i2!8m2!3d1.1504006!4d104.0098665!16s%2Fg%2F11bc7pczrd!19sChIJ4Vh68oeJ2TERchjFk-gcKvg?authuser=0&hl=en&rclk=1,0,Hospitality,Indonesia.Batam.Hotel.202408042041.db,places,null_required_column
5687,AK Hotel,4.2,85,0,,,"Komplek Ruko Nagoya Hill, Blk. G No.19, Lubuk Baja Kota, Kec. Lubuk Baja, Kota Batam, Kepulauan Riau 29444, Indonesia",[object Object],+62 778 7493669,1.1456384,104.0120819,"https://www.google.com/maps/place/AK+Hotel/@1.1456384,104.0120819,17z/data=!3m1!4b1!4m9!3m8!1s0x31d989fcf240e1b9:0xb5f9ec76d6d73683!5m2!4m1!1i2!8m2!3d1.1456384!4d104.0120819!16s%2Fg%2F11fj8qn1fy?authuser=0&hl=en&entry=ttu&g_ep=EgoyMDI0MDgyOC4wIKXMDSoASAFQAw%3D%3D",0,Hospitality,Indonesia.Batam.Hotel.202408042041.db,places,null_required_column
5688,Airy Komplek Nagoya Square Blok C 66 Batam,4.2,81,0,,,"Lai Lai Mutiara, Jl. Raja Ali H Jl. Imam Bonjol Komp. Nagoya Square No.64-68, Sungai Jodoh, Kec. Batu Ampar, Kota Batam, Kepulauan Riau 29432, Indonesia",[object Object],+62 804 111 2479,1.150921,104.009236,https://www.google.com/maps/place/Airy+Komplek+Nagoya+Square+Blok+C+66+Batam/data=!4m10!3m9!1s0x31d98989b7517195:0x144f1e9bdfbbf672!5m2!4m1!1i2!8m2!3d1.150921!4d104.009236!16s%2Fg%2F11c5s6hdwc!19sChIJlXFRt4mJ2TERcva735seTxQ?authuser=0&hl=en&rclk=1,0,Hospitality,Indonesia.Batam.Hotel.202408042041.db,places,null_required_column
5689,Dkost Nagoya,4.8,47,0,,,"Komplek Nagoya Square Blok A No 21-23, Jodoh River, Batu Ampar, Batam City, Riau Islands 29444, Indonesia",[object Object],+62 813-8181-6799,1.151396,104.0091644,https://www.google.com/maps/place/Dkost+Nagoya/data=!4m10!3m9!1s0x31d98902d074a9ef:0xf40685f982b3a3d2!5m2!4m1!1i2!8m2!3d1.151396!4d104.0091644!16s%2Fg%2F11pz4yvm5p!19sChIJ76l00AKJ2TER0qOzgvmFBvQ?authuser=0&hl=en&rclk=1,0,Hospitality,Indonesia.Batam.Hotel.202408042041.db,places,null_required_column
5690,Hotel city view,3.2,21,0,,,"42W5+G2P, Jl. Komp. Business Centre, Lubuk Baja Kota, Kec. Lubuk Baja, Kota Batam, Kepulauan Riau 29444, Indonesia",[object Object],,1.1463499,104.0075747,https://www.google.com/maps/place/Hotel+city+view/data=!4m10!3m9!1s0x31d989abd4a2d363:0x34c729a8f14bfa96!5m2!4m1!1i2!8m2!3d1.1463499!4d104.0075747!16s%2Fg%2F11sj9rj7j3!19sChIJY9Oi1KuJ2TERlvpL8agpxzQ?authuser=0&hl=en&rclk=1,0,Hospitality,Indonesia.Batam.Hotel.202408042041.db,places,null_required_column
5692,,0.0,0,0,,,"Hotel Nagoya Plaza Unit B-07 Lantai 1, JL Imam Bonjol, Lubuk Baja Kota, Batam, Kota Batam, Kepulauan Riau 29444, Indonesia",[object Object],+62 778 456694,,,https://www.google.com/maps/place/Kepri+Global+Akses/data=!4m7!3m6!1s0x31d989864aa43735:0x97fa4d1435812810!8m2!3d1.146927!4d104.010196!16s%2Fg%2F11bc7q9bf3!19sChIJNTekSoaJ2TERECiBNRRN-pc?authuser=0&hl=en&rclk=1,0,Hospitality,Indonesia.Batam.Hotel.202408042041.db,places,null_required_column
5694,Hotel Casa Ocarina,4.7,186,0,,,"R. Ocarina, 55 - Vila Guarani (Zona Sul), São Paulo - SP, 04317-250, Brazil",[object Object],+55 11 99967-2866,-23.6443405,-46.6348386,https://www.google.com/maps/place/Hotel+Casa+Ocarina/data=!4m10!3m9!1s0x94ce5ade3106d703:0x896dd27a76589a81!5m2!4m1!1i2!8m2!3d-23.6443405!4d-46.6348386!16s%2Fg%2F11h55bgwhb!19sChIJA9cGMd5azpQRgZpYdnrSbYk?authuser=0&hl=en&rclk=1,0,Hospitality,Indonesia.Batam.Hotel.202408042041.db,places,null_required_column
5695,OYO Life 2196 Ocarina Homestay,4.7,3,0,,,"Ruko Ocarina Jalan Pasir Putih No.1, Sadai, Kec. Bengkong, Kota Batam, Kepulauan Riau 29444, Indonesia",[object Object],+62 21 29707601,1.1530157,104.0516098,"https://www.google.com/maps/place/OYO+Life+2196+Ocarina+Homestay/@1.1530157,104.0516098,17z/data=!3m1!4b1!4m9!3m8!1s0x31d98907b7ca3619:0xa488d58448cc8a55!5m2!4m1!1i2!8m2!3d1.1530157!4d104.0516098!16s%2Fg%2F11j90vnkwp?authuser=0&hl=en&entry=ttu&g_ep=EgoyMDI0MDgyOC4wIKXMDSoASAFQAw%3D%3D",0,Hospitality,Indonesia.Batam.Hotel.202408042041.db,places,null_required_column
5696,Orchard Parksuites,4.4,458,0,,,"11 Orchard Turn, Singapore 238800",[object Object],6019 0433,1.3030394,103.8328135,https://www.google.com/maps/place/Orchard+Parksuites/data=!4m10!3m9!1s0x31da198dff9733bd:0x719b209e05cf3b37!5m2!4m1!1i2!8m2!3d1.3030394!4d103.8328135!16s%2Fg%2F1hdzn_3t1!19sChIJvTOX_40Z2jERNzvPBZ4gm3E?authuser=0&hl=en&rclk=1,0,Hospitality,Indonesia.Batam.Hotel.202408042041.db,places,null_required_column
5697,Pullman Singapore Orchard,4.6,1642,0,,,"270 Orchard Rd, Singapore 238857",[object Object],6603 8888,1.3031365,103.8360737,https://www.google.com/maps/place/Pullman+Singapore+Orchard/data=!4m10!3m9!1s0x31da199547e0fc9b:0x5e88ddb01866b645!5m2!4m1!1i2!8m2!3d1.3031365!4d103.8360737!16s%2Fg%2F11t29m19k3!19sChIJm_zgR5UZ2jERRbZmGLDdiF4?authuser=0&hl=en&rclk=1,0,Hospitality,Indonesia.Batam.Hotel.202408042041.db,places,null_required_column
5701,Urbanview Hotel R House Batam,4.5,32,0,,,"Mega techno city, Komplek No.11 Blok AF No.8, RT.08/RW.11, Batu Besar, Kecamatan Nongsa, Kota Batam, Kepulauan Riau 29466, Indonesia",[object Object],+62 778 7760888,1.1399176,104.1168523,https://www.google.com/maps/place/Urbanview+Hotel+R+House+Batam/data=!4m10!3m9!1s0x31d98760eeaea15f:0xe090efb121bfdd6e!5m2!4m1!1i2!8m2!3d1.1399176!4d104.1168523!16s%2Fg%2F11t6y1c6ws!19sChIJX6Gu7mCH2TERbt2_IbHvkOA?authuser=0&hl=en&rclk=1,0,Hospitality,Indonesia.Batam.Hotel.202408042041.db,places,null_required_column
5705,Nongsa Point Marina & Resort,4.4,2620,0,,,"Jl. Hang Lekiu, Sambau, Kecamatan Nongsa, Kota Batam, Kepulauan Riau 29466, Indonesia",[object Object],+62 811-7761-323,1.196005,104.098173,https://www.google.com/maps/place/Nongsa+Point+Marina+%26+Resort/data=!4m10!3m9!1s0x31da2875aad60265:0x72eb926b1eac7770!5m2!4m1!1i2!8m2!3d1.196005!4d104.098173!16s%2Fg%2F1232jn10!19sChIJZQLWqnUo2jERcHesHmuS63I?authuser=0&hl=en&rclk=1,0,Hospitality,Indonesia.Batam.Hotel.202408042041.db,places,null_required_column
5707,81 Homestay,5.0,2,0,,,"Gg. Merdu No.5, Batu Besar, Kecamatan Nongsa, Kota Batam, Kepulauan Riau 29466, Indonesia",[object Object],,1.1391533,104.1139528,https://www.google.com/maps/place/81+Homestay/data=!4m10!3m9!1s0x31d987000fac902f:0x98c74af7b3bd7c1b!5m2!4m1!1i2!8m2!3d1.1391533!4d104.1139528!16s%2Fg%2F11vsymwfs7!19sChIJL5CsDwCH2TERG3y9s_dKx5g?authuser=0&hl=en&rclk=1,0,Hospitality,Indonesia.Batam.Hotel.202408042041.db,places,null_required_column
5713,Morelo Water Resort,4.3,22,0,,,"Sijantung, Galang, Batam City, Riau Islands 29485, Indonesia",[object Object],+62 811-7771-920,0.7464185,104.1889762,https://www.google.com/maps/place/Morelo+Water+Resort/data=!4m10!3m9!1s0x31d9a5de2b1591c3:0x3f4d2f17ce8321bf!5m2!4m1!1i2!8m2!3d0.7464185!4d104.1889762!16s%2Fg%2F11g87bq1nw!19sChIJw5EVK96l2TERvyGDzhcvTT8?authuser=0&hl=en&rclk=1,0,Hospitality,Indonesia.Batam.Hotel.202408042041.db,places,null_required_column
5714,Berakit Bay Resort,4.8,33,0,,,"Jln. Abdul Salam, No. 35, Teluk Merbau, Teluk Sebong, Bintan Regency, Riau Islands 29151, Indonesia",[object Object],+62 812-6698-6252,1.2147427,104.5455398,https://www.google.com/maps/place/Berakit+Bay+Resort/data=!4m10!3m9!1s0x31dbd9be2c13cf2b:0xbe65844a929d7d02!5m2!4m1!1i2!8m2!3d1.2147427!4d104.5455398!16s%2Fg%2F11h_6sjt3s!19sChIJK88TLL7Z2zERAn2dkkqEZb4?authuser=0&hl=en&rclk=1,0,Hospitality,Indonesia.Batam.Hotel.202408042041.db,places,null_required_column
5716,SPOT ON 2755 Zainab Homestay Syariah (Homestay Zainab batam),4.3,29,0,,,"nadim raya blok, Blk. H No.3A, Belian, Kec. Batam Kota, Kota Batam, Kepulauan Riau 29465, Indonesia",[object Object],+62 21 29707601,1.1309038,104.0969097,https://www.google.com/maps/place/SPOT+ON+2755+Zainab+Homestay+Syariah/data=!4m10!3m9!1s0x31d98994237eeef9:0xbac1408ac61a2874!5m2!4m1!1i2!8m2!3d1.1309038!4d104.0969097!16s%2Fg%2F11gnhf2vs7!19sChIJ-e5-I5SJ2TERdCgaxopAwbo?authuser=0&hl=en&rclk=1,0,Hospitality,Indonesia.Batam.Hotel.202408042041.db,places,null_required_column
5720,Pantai Indah Resort & Hotel PANGANDARAN (TIMUR),4.5,3706,0,,,"Jl. Kidang Pananjung No.151, Pangandaran, Kec. Pangandaran, Kab. Pangandaran, Jawa Barat 46396, Indonesia",[object Object],+62 265 639004,-7.697158,108.658794,https://www.google.com/maps/place/Pantai+Indah+Resort+%26+Hotel+PANGANDARAN+%28TIMUR%29/data=!4m10!3m9!1s0x2e659866c35911f5:0xa02e2e1c4aaf6a0b!5m2!4m1!1i2!8m2!3d-7.697158!4d108.658794!16s%2Fg%2F1z3t2rctw!19sChIJ9RFZw2aYZS4RC2qvShwuLqA?authuser=0&hl=en&rclk=1,0,Hospitality,Indonesia.Batam.Hotel.202408042041.db,places,null_required_column
5721,Pantai Indah Lagoi Bintan,4.6,411,0,,,"Lagoi Bay, Bintan Resorts, Jl. Gurindam Duabelas, Sebong Lagoi, Teluk Sebong, Bintan Regency, Riau Islands 29155, Indonesia",[object Object],+62 770 692909,1.1848343,104.3806208,"https://www.google.com/maps/place/Pantai+Indah+Lagoi+Bintan/@1.1848343,104.3806208,17z/data=!3m1!4b1!4m9!3m8!1s0x31dbd6086849354d:0x9d4798d526dfe703!5m2!4m1!1i2!8m2!3d1.1848343!4d104.3806208!16s%2Fg%2F11ckv4qm5l?authuser=0&hl=en&entry=ttu&g_ep=EgoyMDI0MDgyOC4wIKXMDSoASAFQAw%3D%3D",0,Hospitality,Indonesia.Batam.Hotel.202408042041.db,places,null_required_column
5727,Aleesa Roomstay,4.3,58,0,,,"Kampung Gelam, 16800 Pasir Puteh, Kelantan, Malaysia",[object Object],+60 13-351 3748,5.8398185,102.4043129,https://www.google.com/maps/place/Aleesa+Roomstay/data=!4m10!3m9!1s0x31b6938b1ecef0ff:0x482c096faea3ea09!5m2!4m1!1i2!8m2!3d5.8398185!4d102.4043129!16s%2Fg%2F11g__ttm6x!19sChIJ__DOHouTtjERCeqjrm8JLEg?authuser=0&hl=en&rclk=1,0,Hospitality,Indonesia.Batam.Hotel.202408042041.db,places,null_required_column
5729,Hotel Murah Pasir Puteh,4.2,55,0,,,"lot 1028 kg wakaf lichong, 16800 Pasir Puteh, Kelantan, Malaysia",[object Object],+60 12-312 6537,5.7772436,102.4182465,"https://www.google.com/maps/place/Hotel+Murah+Pasir+Puteh/@5.7772436,102.4182465,17z/data=!3m1!4b1!4m9!3m8!1s0x31b6935442869351:0x3fae906145d5903!5m2!4m1!1i2!8m2!3d5.7772436!4d102.4182465!16s%2Fg%2F11h0sttc3m?authuser=0&hl=en&entry=ttu&g_ep=EgoyMDI0MDgyOC4wIKXMDSoASAFQAw%3D%3D",0,Hospitality,Indonesia.Batam.Hotel.202408042041.db,places,null_required_column
5731,Grand Cendana Inn,3.9,205,0,,,"2PPV+FG6, Jl. Jend. Sudirman, Pahlawan, Kec. Ilir Tim. I, Kota Palembang, Sumatera Selatan 30162, Indonesia",[object Object],+62 711 350518,1.1014139,104.088109,https://www.google.com/maps/place/Grand+Cendana+Inn/data=!4m10!3m9!1s0x31d988b2ac1d8a2b:0x4e0cf983b0b6cf43!5m2!4m1!1i2!8m2!3d1.1014139!4d104.088109!16s%2Fg%2F11bttdr8bw!19sChIJK4odrLKI2TERQ8-2sIP5DE4?authuser=0&hl=en&rclk=1,0,Hospitality,Indonesia.Batam.Hotel.202408042041.db,places,null_required_column
5734,Perum Green cendana (Hotel),0.0,0,0,,,"8MW2+28J, Jl. Mekar Jaya, Lkr. Sel., Kec. Jambi Sel., Kota Jambi, Jambi 36128, Indonesia",[object Object],,-1.6549142,103.6507585,https://www.google.com/maps/place/Perum+Green+cendana/data=!4m7!3m6!1s0x2e258544df6b86fd:0xe53fa7f295a3f1bd!8m2!3d-1.6549142!4d103.6507585!16s%2Fg%2F11rfffb2lk!19sChIJ_YZr30SFJS4RvfGjlfKnP-U?authuser=0&hl=en&rclk=1,0,Hospitality,Indonesia.Batam.Hotel.202408042041.db,places,null_required_column
5735,Cendana Co Living,4.4,197,0,,,"Jl. Pelangi Raya No.Kav 8, Dusun I, Kadilangu, Kec. Baki, Kabupaten Sukoharjo, Jawa Tengah 57556, Indonesia",[object Object],+62 896-1645-5700,-7.6025397,110.7869817,https://www.google.com/maps/place/Cendana+Co+Living/data=!4m10!3m9!1s0x2e7a150390eb7f45:0x6634496007851e90!5m2!4m1!1i2!8m2!3d-7.6025397!4d110.7869817!16s%2Fg%2F11q_l05xjg!19sChIJRX_rkAMVei4RkB6FB2BJNGY?authuser=0&hl=en&rclk=1,0,Hospitality,Indonesia.Batam.Hotel.202408042041.db,places,null_required_column
5737,Pelita,4.7,12,0,,,"42RC+V4V, Kampung Pelita, Lubuk Baja, Batam City, Riau Islands 29444, Indonesia",[object Object],,1.1422386,104.0202948,https://www.google.com/maps/place/Pelita/data=!4m10!3m9!1s0x31d989120e4517b5:0x5a8c566d753f24d8!5m2!4m1!1i2!8m2!3d1.1422386!4d104.0202948!16s%2Fg%2F11h7pscjp7!19sChIJtRdFDhKJ2TER2CQ_dW1WjFo?authuser=0&hl=en&rclk=1,0,Hospitality,Indonesia.Batam.Hotel.202408042041.db,places,null_required_column
5738,Cittic Hotel Pelita,3.9,102,0,,,"42V9+XW6, Kampung Pelita, Lubuk Baja, Batam City, Riau Islands 29444, Indonesia",[object Object],,1.1449069,104.0197675,https://www.google.com/maps/place/Cittic+Hotel+Pelita/data=!4m10!3m9!1s0x31d98937183abb35:0x6374397a952d4e6b!5m2!4m1!1i2!8m2!3d1.1449069!4d104.0197675!16s%2Fg%2F11gjr_qdv1!19sChIJNbs6GDeJ2TERa04tlXo5dGM?authuser=0&hl=en&rclk=1,0,Hospitality,Indonesia.Batam.Hotel.202408042041.db,places,null_required_column
5739,OYO 3506 Pelita Lestari Guest House,3.7,10,0,,,"Jl. Teuku Umar Komp. Pelita 26 No.14, Kp. Pelita, Kec. Lubuk Baja, Kota Batam, Kepulauan Riau 29444, Indonesia",[object Object],+62 21 29707601,1.1438662,104.0187255,"https://www.google.com/maps/place/OYO+3506+Pelita+Lestari+Guest+House/@1.1438662,104.0187255,17z/data=!3m1!4b1!4m9!3m8!1s0x31d98992def5c725:0x166357a53fbd6ce5!5m2!4m1!1i2!8m2!3d1.1438662!4d104.0187255!16s%2Fg%2F11ftgpy88l?authuser=0&hl=en&entry=ttu&g_ep=EgoyMDI0MDgyOC4wIKXMDSoASAFQAw%3D%3D",0,Hospitality,Indonesia.Batam.Hotel.202408042041.db,places,null_required_column
5741,RedDoorz   Jalan Pelita Batam 2,4.2,29,0,,,"Jl. Teuku Umar Komp. Pelita 26 No.14, Kp. Pelita, Kec. Lubuk Baja, Kota Batam, Kepulauan Riau 29444, Indonesia",[object Object],+62 21 80629666,1.1439215,104.0186002,https://www.google.com/maps/place/RedDoorz+@+Jalan+Pelita+Batam+2/data=!4m10!3m9!1s0x31d9899035630197:0xea42fb28f1d9bff8!5m2!4m1!1i2!8m2!3d1.1439215!4d104.0186002!16s%2Fg%2F11flvbz2rs!19sChIJlwFjNZCJ2TER-L_Z8Sj7Quo?authuser=0&hl=en&rclk=1,0,Hospitality,Indonesia.Batam.Hotel.202408042041.db,places,null_required_column
5743,Galaxy Inn,3.7,127,0,,,"42, Lorong Tambun Permai 1, Pusat Perniagaan Tambun Permai, 14100 Simpang Ampat, Pulau Pinang, Malaysia",[object Object],+60 4-588 2911,4.2343169,100.6307126,https://www.google.com/maps/place/Galaxy+Inn/data=!4m10!3m9!1s0x31cb2caf7eeb4f49:0xf5b5cd8ec763ccfb!5m2!4m1!1i2!8m2!3d4.2343169!4d100.6307126!16s%2Fg%2F1tmkhgjh!19sChIJSU_rfq8syzER-8xjx47NtfU?authuser=0&hl=en&rclk=1,0,Hospitality,Indonesia.Batam.Hotel.202408042041.db,places,null_required_column
5750,Oasia Hotel Novena,4.3,1806,0,,,"8 Sinaran Dr, Singapore 307470",[object Object],6664 0333,1.3200635,103.8445845,https://www.google.com/maps/place/Oasia+Hotel+Novena/data=!4m10!3m9!1s0x31da19dd8c05ff09:0x96c9622a24401c24!5m2!4m1!1i2!8m2!3d1.3200635!4d103.8445845!16s%2Fm%2F0_v7l1b!19sChIJCf8FjN0Z2jERJBxAJCpiyZY?authuser=0&hl=en&rclk=1,0,Hospitality,Indonesia.Batam.Hotel.202408042041.db,places,null_required_column
5753,Goodwood Park Hotel,4.4,3233,0,,,"22 Scotts Rd, Singapore 228221",[object Object],6737 7411,1.3084774,103.834405,https://www.google.com/maps/place/Goodwood+Park+Hotel/data=!4m10!3m9!1s0x31da19ed48c02ed5:0x4d3913b51fe1264c!5m2!4m1!1i2!8m2!3d1.3084774!4d103.834405!16zL20vMGJrbTVk!19sChIJ1S7ASO0Z2jERTCbhH7UTOU0?authuser=0&hl=en&rclk=1,0,Hospitality,Indonesia.Batam.Hotel.202408042041.db,places,null_required_column
5756,Ivory Park (Midrand),1693.0,0,0,,,,[object Object],,-25.99566,28.1971031,https://www.google.com/maps/place/Ivory+Park/data=!4m7!3m6!1s0x1e95695352ea2c6b:0x73bc42e0eb49cd48!8m2!3d-25.99566!4d28.1971031!16zL20vMDZ0a3l3!19sChIJayzqUlNplR4RSM1J6-BCvHM?authuser=0&hl=en&rclk=1,0,Hospitality,Indonesia.Batam.Hotel.202408042041.db,places,null_required_column
5766,RH Suites,4.1,35,0,,,"Publika, Urbane Tower C4 Lobby, Solaris Dutamas Mont Kiara Kuala Lumpur MY, Taman Sri Hartamas, 50480 Kuala Lumpur, Malaysia",[object Object],+60 16-613 6763,3.1711896,101.6659172,https://www.google.com/maps/place/RH+Suites/data=!4m10!3m9!1s0x31cc485e0f24a94f:0x849928f886588065!5m2!4m1!1i2!8m2!3d3.1711896!4d101.6659172!16s%2Fg%2F11b6d7hcmz!19sChIJT6kkD15IzDERZYBYhvgomYQ?authuser=0&hl=en&rclk=1,0,Hospitality,Indonesia.Batam.Hotel.202408042041.db,places,null_required_column
5783,Palam Mansion at Apartment One Residence,5.0,7,0,,,"Apartemen One Residence Batam, Jl. Engku Putri Utara, Tlk. Tering, Kec. Batam Kota, Kota Batam, Kepulauan Riau, Indonesia",[object Object],+62 821-6950-0292,1.1307513,104.0543623,https://www.google.com/maps/place/Palam+Mansion+at+Apartment+One+Residence/data=!4m10!3m9!1s0x31d989f985a29783:0x610c033cf9aba88d!5m2!4m1!1i2!8m2!3d1.1307513!4d104.0543623!16s%2Fg%2F11s4btz_fy!19sChIJg5eihfmJ2TERjair-TwDDGE?authuser=0&hl=en&rclk=1,0,Hospitality,Indonesia.Batam.Hotel.202408042041.db,places,null_required_column
5786,I Hotel Batam,4.5,2108,0,,,"Komplek Nagoya Thamrin City, Jl. Imam Bonjol, Lubuk Baja Kota, Kec. Lubuk Baja, Kota Batam, Kepulauan Riau 29444, Indonesia",[object Object],+62 778 2102888,1.1467677,104.0147441,https://www.google.com/maps/place/I+Hotel+Batam/data=!4m10!3m9!1s0x31d9897893dd0c95:0x76848e46e354c5c0!5m2!4m1!1i2!8m2!3d1.1467677!4d104.0147441!16s%2Fg%2F1tfzzl75!19sChIJlQzdk3iJ2TERwMVU40aOhHY?authuser=0&hl=en&rclk=1,0,Hospitality,Indonesia.Batam.Hotel.202408042041.db,places,null_required_column
5790,CozyHomes at One Residence Batam,4.2,11,0,,,"One Residence Batam, Jl. Engku Putri Utara, Tlk. Tering, Batam Center, Kota Batam, Kepulauan Riau 29461, Indonesia",[object Object],+62 819-9111-6320,1.1308797,104.0543188,https://www.google.com/maps/place/CozyHomes+at+One+Residence+Batam/data=!4m10!3m9!1s0x31d989920020686b:0x36bd36d8baa0583b!5m2!4m1!1i2!8m2!3d1.1308797!4d104.0543188!16s%2Fg%2F11khr_2_9q!19sChIJa2ggAJKJ2TERO1igutg2vTY?authuser=0&hl=en&rclk=1,0,Hospitality,Indonesia.Batam.Hotel.202408042041.db,places,null_required_column
5791,Golden View Hotel,4.3,3085,0,,,"Jl. Bengkong Laut, Tj. Buntung, Kec. Bengkong, Kota Batam, Kepulauan Riau 29433, Indonesia",[object Object],+62 778 7717777,1.1615452,104.0367054,https://www.google.com/maps/place/Golden+View+Hotel/data=!4m10!3m9!1s0x31d98ebffdf55535:0x420dd58b0afc8022!5m2!4m1!1i2!8m2!3d1.1615452!4d104.0367054!16s%2Fg%2F1tr8j1vy!19sChIJNVX1_b-O2TERIoD8CovVDUI?authuser=0&hl=en&rclk=1,0,Hospitality,Indonesia.Batam.Hotel.202408042041.db,places,null_required_column
5795,Anugrah 88,4.2,29,0,,,"Komp. Anugerah Jalan Raja Haji Fisabilillah Blok A2 No.1 & 2, Tlk. Tering, Kec. Batam Kota, Kota Batam, Kepulauan Riau 29432, Indonesia",[object Object],+62 811-7760-919,1.1343719,104.0429547,https://www.google.com/maps/place/Anugrah+88/data=!4m10!3m9!1s0x31d9891d48bd6c23:0x157a55eacbf6be55!5m2!4m1!1i2!8m2!3d1.1343719!4d104.0429547!16s%2Fg%2F1pzswn4j4!19sChIJI2y9SB2J2TERVb72y-pVehU?authuser=0&hl=en&rclk=1,0,Hospitality,Indonesia.Batam.Hotel.202408042041.db,places,null_required_column
5800,Harmoni Suites Hotel,4.3,1044,0,,,"Jl. Imam Bonjol, Lubuk Baja Kota, Kec. Batu Ampar, Kota Batam, Kepulauan Riau 29444, Indonesia",[object Object],+62 778 455550,1.1432124,104.0123843,"https://www.google.com/maps/place/Harmoni+Suites+Hotel/@1.1432124,104.0123843,17z/data=!3m1!4b1!4m9!3m8!1s0x31d989815279e8d5:0x3d913a2957ec5cc8!5m2!4m1!1i2!8m2!3d1.1432124!4d104.0123843!16s%2Fg%2F1vc7_9tj?authuser=0&hl=en&entry=ttu&g_ep=EgoyMDI0MDgyOC4wIKXMDSoASAFQAw%3D%3D",0,Hospitality,Indonesia.Batam.Hotel.202408042041.db,places,null_required_column
5803,Blitz Hotel Batam Centre,4.2,462,0,,,"42GV+RJM, komplek pertokoan air mas (greendland) blok A1 no 1-4 Batam Center, Jl. Centre Point, Tlk. Tering, Kec. Batam Kota, Kota Batam, Kepulauan Riau 29444, Indonesia",[object Object],+62 778 4161222,1.12298,104.0489514,https://www.google.com/maps/place/Blitz+Hotel+Batam+Centre/data=!4m10!3m9!1s0x31d9893392184f73:0xc7cc0fcf89094114!5m2!4m1!1i2!8m2!3d1.12298!4d104.0489514!16s%2Fg%2F11fjy_gfcl!19sChIJc08YkjOJ2TERFEEJic8PzMc?authuser=0&hl=en&rclk=1,0,Hospitality,Indonesia.Batam.Hotel.202408042041.db,places,null_required_column
5816,King’s Hotel Batam,4.2,1564,0,,,"Jl. Yos Sudarso, Kp. Seraya, Atas, Kota Batam, Kepulauan Riau 29444, Indonesia",[object Object],+62 778 430003,1.1430035,104.0223118,https://www.google.com/maps/place/King%E2%80%99s+Hotel+Batam/data=!4m10!3m9!1s0x31d9899b08f8dae3:0xd655d816c4e53f95!5m2!4m1!1i2!8m2!3d1.1430035!4d104.0223118!16s%2Fg%2F11kblc6_ft!19sChIJ49r4CJuJ2TERlT_lxBbYVdY?authuser=0&hl=en&rclk=1,0,Hospitality,Indonesia.Batam.Hotel.202408042041.db,places,null_required_column
5819,The Hills Hotel Batam,4.1,700,0,,,"Jl. Teuku Umar No.1, Kp. Seraya, Kec. Lubuk Baja, Kota Batam, Kepulauan Riau 29444, Indonesia",[object Object],+62 812-6882-8585,1.1484868,104.0128208,https://www.google.com/maps/place/The+Hills+Hotel+Batam/data=!4m10!3m9!1s0x31d98ebffdf55535:0x7277fbfdbc2ea8e1!5m2!4m1!1i2!8m2!3d1.1484868!4d104.0128208!16s%2Fg%2F11bc7tj4yt!19sChIJNVX1_b-O2TER4aguvP37d3I?authuser=0&hl=en&rclk=1,0,Hospitality,Indonesia.Batam.Hotel.202408042041.db,places,null_required_column
5821,Baloi View Apartment,4.3,395,0,,,"Jl. Gajah Mada, Baloi Indah, Kec. Lubuk Baja, Kota Batam, Kepulauan Riau 29432, Indonesia",[object Object],+62 778 4888777,1.122718,104.0078601,https://www.google.com/maps/place/Baloi+View+Apartment/data=!4m10!3m9!1s0x31d9896034b0ad49:0x4f95ce4150204a36!5m2!4m1!1i2!8m2!3d1.122718!4d104.0078601!16s%2Fg%2F1hm3zj63_!19sChIJSa2wNGCJ2TERNkogUEHOlU8?authuser=0&hl=en&rclk=1,0,Hospitality,Indonesia.Batam.Hotel.202408042041.db,places,null_required_column
5822,Asialink Easy by Prasanthi Hotel,4.4,508,0,,,"Jl. Teuku Umar No.1, Kp. Seraya, Kec. Batu Ampar, Kota Batam, Kepulauan Riau 29454, Indonesia",[object Object],+62 778 4088722,1.147077,104.0165261,"https://www.google.com/maps/place/Asialink+Easy+by+Prasanthi+Hotel/@1.147077,104.0165261,17z/data=!3m1!4b1!4m9!3m8!1s0x31d989857afc5faf:0x6d2d0dab7cd87e83!5m2!4m1!1i2!8m2!3d1.147077!4d104.0165261!16s%2Fg%2F1hm5fn_fn?authuser=0&hl=en&entry=ttu&g_ep=EgoyMDI0MDgyOC4wIKXMDSoASAFQAw%3D%3D",0,Hospitality,Indonesia.Batam.Hotel.202408042041.db,places,null_required_column
5824,The Playhouse 29   One Playhouse 29,4.3,34,0,,,"Neo coastarina block asia wa 29, batam center, Sadai, Kec. Bengkong, Kota Batam, Kepulauan Riau 29432, Indonesia",[object Object],+62 811-7007-350,1.1562099,104.0553665,https://www.google.com/maps/place/The+Playhouse+29+%2F+One+Playhouse+29/data=!4m10!3m9!1s0x31d9897e6c2aa30d:0xaea2b92fb9444ae0!5m2!4m1!1i2!8m2!3d1.1562099!4d104.0553665!16s%2Fg%2F11h225t_d7!19sChIJDaMqbH6J2TER4EpEuS-5oq4?authuser=0&hl=en&rclk=1,0,Hospitality,Indonesia.Batam.Hotel.202408042041.db,places,null_required_column
5830,Hotel Ando,4.5,43,0,,,"Blk. B, Jl. Komp. Sakura Anpan Jl. Imam Bonjol No.1, Lubuk Baja Kota, Kec. Lubuk Baja, Kota Batam, Kepulauan Riau 29444, Indonesia",[object Object],+62 811-6287-999,1.1450515,104.0109939,https://www.google.com/maps/place/Hotel+Ando/data=!4m10!3m9!1s0x31d98d33e3ceac31:0x3a65659e003a5171!5m2!4m1!1i2!8m2!3d1.1450515!4d104.0109939!16s%2Fg%2F11tbx_18zv!19sChIJMazO4zON2TERcVE6AJ5lZTo?authuser=0&hl=en&rclk=1,0,Hospitality,Indonesia.Batam.Hotel.202408042041.db,places,null_required_column
5831,The Nagoya Plasa RedPartner,4.1,997,0,,,"Lubuk Baja Kota, Lubuk Baja, Batam City, Riau Islands 29432, Indonesia",[object Object],+62 778 459888,1.1460435,104.0109008,https://www.google.com/maps/place/The+Nagoya+Plasa+RedPartner/data=!4m10!3m9!1s0x31d98ebffdf55535:0x8321aff8934b619e!5m2!4m1!1i2!8m2!3d1.1460435!4d104.0109008!16s%2Fg%2F11bc7qsjft!19sChIJNVX1_b-O2TERnmFLk_ivIYM?authuser=0&hl=en&rclk=1,0,Hospitality,Indonesia.Batam.Hotel.202408042041.db,places,null_required_column
5832,Batam City Hotel,4.3,1423,0,,,"Komplek Penuin Centre Blok OB No. 1-7, Batu Selicin, Kec. Lubuk Baja, Kota Batam, Kepulauan Riau 29211, Indonesia",[object Object],+62 778 7418300,1.1343796,104.0108752,https://www.google.com/maps/place/Batam+City+Hotel/data=!4m10!3m9!1s0x31d9897e9ca2e555:0x4980ea7d2c4793aa!5m2!4m1!1i2!8m2!3d1.1343796!4d104.0108752!16s%2Fg%2F11b7jld3yy!19sChIJVeWinH6J2TERqpNHLH3qgEk?authuser=0&hl=en&rclk=1,0,Hospitality,Indonesia.Batam.Hotel.202408042041.db,places,null_required_column
5836,89 Hotel,4.2,1449,0,,,"42Q5+27H Baloi Permai, Jl. Pembangunan, Batu Selicin, Kec. Lubuk Baja, Kota Batam, Kepulauan Riau 29444, Indonesia",[object Object],+62 778 433789,1.1374709,104.0083003,https://www.google.com/maps/place/89+Hotel/data=!4m10!3m9!1s0x31d9897fce007709:0xf2050695f599bc76!5m2!4m1!1i2!8m2!3d1.1374709!4d104.0083003!16s%2Fg%2F1trccy33!19sChIJCXcAzn-J2TERdryZ9ZUGBfI?authuser=0&hl=en&rclk=1,0,Hospitality,Indonesia.Batam.Hotel.202408042041.db,places,null_required_column
5840,CN Homestay Batam,4.8,17,0,,,"Komplek Ruko Nagoya Hill, Blk. F No.1, Lubuk Baja Kota, Kec. Lubuk Baja, Kota Batam, Kepulauan Riau 29444, Indonesia",[object Object],+62 851-7431-6881,1.1458624,104.0118183,https://www.google.com/maps/place/CN+Homestay+Batam/data=!4m10!3m9!1s0x31d9898cc847e3bb:0x3dd7ce575ff2dbb7!5m2!4m1!1i2!8m2!3d1.1458624!4d104.0118183!16s%2Fg%2F11t427btv9!19sChIJu-NHyIyJ2TERt9vyX1fO1z0?authuser=0&hl=en&rclk=1,0,Hospitality,Indonesia.Batam.Hotel.202408042041.db,places,null_required_column
5842,Nagoya Inn (Hotel Nagoya Inn),4.0,107,0,,,"Komplek Bumi Indah Blok 3 no. 20, Nagoya, Lubuk Baja Kota, Kec. Lubuk Baja, Kota Batam, Kepulauan Riau 29444, Indonesia",[object Object],+62 778 422919,1.146378,104.0087338,"https://www.google.com/maps/place/Nagoya+Inn/@1.146378,104.0087338,17z/data=!3m1!4b1!4m9!3m8!1s0x31d98987a260b625:0xd9951c828d005185!5m2!4m1!1i2!8m2!3d1.146378!4d104.0087338!16s%2Fg%2F1hm28h_f6?authuser=0&hl=en&entry=ttu&g_ep=EgoyMDI0MDgyOC4wIKXMDSoASAFQAw%3D%3D",0,Hospitality,Indonesia.Batam.Hotel.202408042041.db,places,null_required_column
5843,,0.0,0,0,,,"18, Taman Mediterania ii8 No.11, Batam City, Central Sumatra 28433, Indonesia",[object Object],+62 817-788-016,,,https://www.google.com/maps/place/SPOT+ON+93312+Homestay+Orange/data=!4m10!3m9!1s0x31d98902bb490911:0x23c33e2d326da5c9!5m2!4m1!1i2!8m2!3d1.130077!4d104.05292!16s%2Fg%2F11vj720kpc!19sChIJEQlJuwKJ2TERyaVtMi0-wyM?authuser=0&hl=en&rclk=1,0,Hospitality,Indonesia.Batam.Hotel.202408042041.db,places,null_required_column
5844,Lovina Inn Nagoya Batam,4.0,458,0,,,"Komp. SRi Usaha, Blk. H No.8, Lubuk Baja Kota, Kec. Lubuk Baja, Kota Batam, Kepulauan Riau 29444, Indonesia",[object Object],+62 21 29707601,1.1458764,104.0098072,"https://www.google.com/maps/place/Lovina+Inn+Nagoya+Batam/@1.1458764,104.0098072,17z/data=!3m1!4b1!4m9!3m8!1s0x31d9898700ab48b3:0x33a570211e1a0186!5m2!4m1!1i2!8m2!3d1.1458764!4d104.0098072!16s%2Fg%2F11b6jd0ttv?authuser=0&hl=en&entry=ttu&g_ep=EgoyMDI0MDgyOC4wIKXMDSoASAFQAw%3D%3D",0,Hospitality,Indonesia.Batam.Hotel.202408042041.db,places,null_required_column
5846,Jotel Guest House Mitra RedDoorz,4.3,78,0,,,"Putri Hijau Complex, Jalan Letjen R. Suprapto, Sungai Langkai, Kec. Sagulung, Kota Batam, Kepulauan Riau 29425, Indonesia",[object Object],+62 813-6521-2020,3.6055629,98.6739317,https://www.google.com/maps/place/Jotel+Guest+House+Mitra+RedDoorz/data=!4m10!3m9!1s0x3031317ee714a1e1:0x124972d5257efb58!5m2!4m1!1i2!8m2!3d3.6055629!4d98.6739317!16s%2Fg%2F11qp225vkl!19sChIJ4aEU534xMTARWPt-JdVySRI?authuser=0&hl=en&rclk=1,0,Hospitality,Indonesia.Batam.Hotel.202408042041.db,places,null_required_column
5863,Harper Premier Nagoya - Batam,4.9,55,0,,,"Komplek Purimas Blok C No. 25-28 Batam Centre, Tlk. Tering, Kec. Batam Kota, Kota Batam, Kepulauan Riau 29444, Indonesia",[object Object],+62 812-7762-2600,1.1452961,104.0151005,https://www.google.com/maps/place/Harper+Premier+Nagoya+-+Batam/data=!4m10!3m9!1s0x31d98941008658d3:0x461b664f562e41cb!5m2!4m1!1i2!8m2!3d1.1452961!4d104.0151005!16s%2Fg%2F11w4gn7ft8!19sChIJ01iGAEGJ2TERy0EuVk9mG0Y?authuser=0&hl=en&rclk=1,0,Hospitality,Indonesia.Batam.Hotel.202408042041.db,places,null_required_column
5869,Greenland Hotel,4.2,375,0,,,"Komplek, Jl. Ruko Greenland No.10 - 16 Blok J, Teluk Tering, Batam Kota, Batam City, Riau Islands 29432, Indonesia",[object Object],+62 778 468991,1.1246442,104.0486972,https://www.google.com/maps/place/Greenland+Hotel/data=!4m10!3m9!1s0x31d9891eb7a30ee5:0x2cf8d2c5ac4991e1!5m2!4m1!1i2!8m2!3d1.1246442!4d104.0486972!16s%2Fg%2F11hbr81jgq!19sChIJ5Q6jtx6J2TER4ZFJrMXS-Cw?authuser=0&hl=en&rclk=1,0,Hospitality,Indonesia.Batam.Hotel.202408042041.db,places,null_required_column
5875,ASTON Nagoya City Hotel,4.8,2024,0,,,"Komplek Nagoya Thamrin City, Jl. Imam Bonjol, Lubuk Baja Kota, Kec. Lubuk Baja, Kota Batam, Kepulauan Riau 29444, Indonesia",[object Object],+62 778 2102888,1.1443756,104.0142767,https://www.google.com/maps/place/ASTON+Nagoya+City+Hotel/data=!4m10!3m9!1s0x31d9892762595343:0x8b2bb8e6ae09f284!5m2!4m1!1i2!8m2!3d1.1443756!4d104.0142767!16s%2Fg%2F11t5l4z179!19sChIJQ1NZYieJ2TERhPIJrua4K4s?authuser=0&hl=en&rclk=1,0,Hospitality,Indonesia.Batam.Hotel.202408042041.db,places,null_required_column
5878,Sharon Square,4.5,208,0,,,"Komp. Mega Cipta Sejati, Jl. Pelarayan Batam No.11 Blk. C, Baloi Permai, Kec. Batam Kota, Kota Batam, Kepulauan Riau 29444, Indonesia",[object Object],+62 821-7488-4939,1.1123922,104.0493795,https://www.google.com/maps/place/Sharon+Square/data=!4m10!3m9!1s0x31d989a39f1f3737:0xbeea4e13a1688d8a!5m2!4m1!1i2!8m2!3d1.1123922!4d104.0493795!16s%2Fg%2F11h1kcrgy7!19sChIJNzcfn6OJ2TERio1ooRNO6r4?authuser=0&hl=en&rclk=1,0,Hospitality,Indonesia.Batam.Hotel.202408042041.db,places,null_required_column
5879,OS Hotel Airport Batam,4.3,446,0,,,"Komplek Buana Vista Indah 1 Blok K No.100, Belian, Kec. Batam Kota, Kota Batam, Kepulauan Riau 29464, Indonesia",[object Object],+62 778 4804555,1.131201,104.0977236,https://www.google.com/maps/place/OS+Hotel+Airport+Batam/data=!4m10!3m9!1s0x31d98954e1fd0e29:0x6635eb97cfc9e59f!5m2!4m1!1i2!8m2!3d1.131201!4d104.0977236!16s%2Fg%2F11hdw7q00w!19sChIJKQ794VSJ2TERn-XJz5frNWY?authuser=0&hl=en&rclk=1,0,Hospitality,Indonesia.Batam.Hotel.202408042041.db,places,null_required_column
5881,Hotel 01,3.9,430,0,,,"Jl. Jend. Ibnu Sutowo No.1, Tlk. Tering, Kec. Batam Kota, Kota Batam, Kepulauan Riau 29444, Indonesia",[object Object],+62 778 463633,1.1331542,104.047266,https://www.google.com/maps/place/Hotel+01/data=!4m10!3m9!1s0x31d988e3a7637f61:0x53c2c4ebd1ea2f3e!5m2!4m1!1i2!8m2!3d1.1331542!4d104.047266!16s%2Fg%2F1hm4xqpvl!19sChIJYX9jp-OI2TERPi_q0evEwlM?authuser=0&hl=en&rclk=1,0,Hospitality,Indonesia.Batam.Hotel.202408042041.db,places,null_required_column
5882,Asialink Hotel by Prasanthi,4.6,565,0,,,"Jl. Sriwijaya No.22, Lubuk Baja Kota, Kec. Lubuk Baja, Kota Batam, Kepulauan Riau 29444, Indonesia",[object Object],+62 778 4887777,1.144327,104.0197135,https://www.google.com/maps/place/Asialink+Hotel+by+Prasanthi/data=!4m10!3m9!1s0x31d9899b492ffffb:0x7c278a235cd29069!5m2!4m1!1i2!8m2!3d1.144327!4d104.0197135!16s%2Fg%2F11g6p1j343!19sChIJ-_8vSZuJ2TERaZDSXCOKJ3w?authuser=0&hl=en&rclk=1,0,Hospitality,Indonesia.Batam.Hotel.202408042041.db,places,null_required_column
5890,SPOT ON 92115 Homestay Bude Sri,3.4,5,0,,,"Mesjid Raya, Mega Mall Batam, 185 Perumahan Marcelia blok B One Batam mall Hangnadim Internasional Airport, Kepulauan Riau 29432, Indonesia",[object Object],+62 21 29707601,1.1173411,104.0361156,https://www.google.com/maps/place/SPOT+ON+92115+Homestay+Bude+Sri/data=!4m10!3m9!1s0x31d98993c3e62aff:0x3921bfcaeeac880f!5m2!4m1!1i2!8m2!3d1.1173411!4d104.0361156!16s%2Fg%2F11k4rz4v0w!19sChIJ_yrmw5OJ2TERD4is7sq_ITk?authuser=0&hl=en&rclk=1,0,Hospitality,Indonesia.Batam.Hotel.202408042041.db,places,null_required_column
5892,Nagoya Mansion Hotel and Residence,4.2,2921,0,,,"Jl. Raden Patah Kampung Utama Street No.1, Lubuk Baja Kota, Kec. Lubuk Baja, Kota Batam, Kepulauan Riau 29444, Indonesia",[object Object],+62 778 7430077,1.1435693,104.0150253,https://www.google.com/maps/place/Nagoya+Mansion+Hotel+and+Residence/data=!4m10!3m9!1s0x31d989847633dafb:0x8804f70371f75994!5m2!4m1!1i2!8m2!3d1.1435693!4d104.0150253!16s%2Fg%2F1hm48wyd1!19sChIJ-9ozdoSJ2TERlFn3cQP3BIg?authuser=0&hl=en&rclk=1,0,Hospitality,Indonesia.Batam.Hotel.202408042041.db,places,null_required_column
5896,OYO 93667 Penginapan Pelangi,5.0,1,0,,,"Jl. Anggrek Luar No.40, Baloi Permai, Kec. Batam Kota, Kota Batam, Kepulauan Riau 29432, Indonesia",[object Object],+62 817-788-016,1.110385,104.046715,https://www.google.com/maps/place/OYO+93667+Penginapan+Pelangi/data=!4m10!3m9!1s0x31d9892f5ea74969:0xc310b905ec2f060a!5m2!4m1!1i2!8m2!3d1.110385!4d104.046715!16s%2Fg%2F11y36bn530!19sChIJaUmnXi-J2TERCgYv7AW5EMM?authuser=0&hl=en&rclk=1,0,Hospitality,Indonesia.Batam.Hotel.202408042041.db,places,null_required_column
5897,Beverly Hotel Batam,4.6,946,0,,,"Jl. Raden Patah No.12, Lubuk Baja Kota, Kec. Lubuk Baja, Kota Batam, Kepulauan Riau 29432, Indonesia",[object Object],+62 778 452777,1.1377321,104.0159698,https://www.google.com/maps/place/Beverly+Hotel+Batam/data=!4m10!3m9!1s0x31d9892f2d969139:0x9042cf9f0611b2bc!5m2!4m1!1i2!8m2!3d1.1377321!4d104.0159698!16s%2Fg%2F11ffmn9y1k!19sChIJOZGWLS-J2TERvLIRBp_PQpA?authuser=0&hl=en&rclk=1,0,Hospitality,Indonesia.Batam.Hotel.202408042041.db,places,null_required_column
5902,The L Hotel Entertainment,3.7,383,0,,,"Jl. Raden Patah No.12 Blok III, Lubuk Baja Kota, Kec. Lubuk Baja, Kota Batam, Kepulauan Riau 29432, Indonesia",[object Object],+62 778 452737,1.1391281,104.0137245,https://www.google.com/maps/place/The+L+Hotel+Entertainment/data=!4m10!3m9!1s0x31d9898205fabe01:0x97f4bc186d71a73a!5m2!4m1!1i2!8m2!3d1.1391281!4d104.0137245!16s%2Fg%2F11btvb6nw9!19sChIJAb76BYKJ2TEROqdxbRi89Jc?authuser=0&hl=en&rclk=1,0,Hospitality,Indonesia.Batam.Hotel.202408042041.db,places,null_required_column
5903,RedDoorz Syariah near KBC Batam Centre,4.2,5,0,,,"Bida Asri 1 , Blok C2 no.27, Batam Centre, Kota Batam, Kepulauan Riau 29464, Indonesia",[object Object],+62 21 80629666,1.1023717,104.070911,https://www.google.com/maps/place/RedDoorz+Syariah+near+KBC+Batam+Centre/data=!4m10!3m9!1s0x31d9891f3f70f793:0x4e77febc334e2ddf!5m2!4m1!1i2!8m2!3d1.1023717!4d104.070911!16s%2Fg%2F11y30_rt1d!19sChIJk_dwPx-J2TER3y1OM7z-d04?authuser=0&hl=en&rclk=1,0,Hospitality,Indonesia.Batam.Hotel.202408042041.db,places,null_required_column
5904,SleepRest   NTC,5.0,1,0,,,"Nagoya Thamrin City, Lubuk Baja Kota, Kec. Lubuk Baja, Kota Batam, Kepulauan Riau 29444, Indonesia",[object Object],+62 812-7009-7909,1.1441366,104.015352,https://www.google.com/maps/place/SleepRest+@+NTC/data=!4m10!3m9!1s0x31d989ed61dd8cd9:0xfbba6acbc4ec2925!5m2!4m1!1i2!8m2!3d1.1441366!4d104.015352!16s%2Fg%2F11kqr_qbf0!19sChIJ2YzdYe2J2TERJSnsxMtquvs?authuser=0&hl=en&rclk=1,0,Hospitality,Indonesia.Batam.Hotel.202408042041.db,places,null_required_column
5905,OYO 93131 Mamapapahouse,1.0,2,0,,,"Jl. Punggowo No.21B, Baloi Permai, Kec. Batam Kota, Kota Batam, Kepulauan Riau 29432, Indonesia",[object Object],,1.109051,104.044777,https://www.google.com/maps/place/OYO+93131+Mamapapahouse/data=!4m10!3m9!1s0x31d9892fa652f1e7:0x54dd105fe83cb727!5m2!4m1!1i2!8m2!3d1.109051!4d104.044777!16s%2Fg%2F11vcbr5k2f!19sChIJ5_FSpi-J2TERJ7c86F8Q3VQ?authuser=0&hl=en&rclk=1,0,Hospitality,Indonesia.Batam.Hotel.202408042041.db,places,null_required_column
5907,Sky-Inn Express Hotel,4.1,846,0,,,"Buana Vista Indah 1 Blok K No.100, Belian, Kec. Batam Kota, Kota Batam, Kepulauan Riau 29465, Indonesia",[object Object],+62 778 4804555,1.1311404,104.0977877,"https://www.google.com/maps/place/Sky-Inn+Express+Hotel/@1.1311404,104.0977877,17z/data=!3m1!4b1!4m9!3m8!1s0x31d98882f8df422f:0x83e379030b19fb60!5m2!4m1!1i2!8m2!3d1.1311404!4d104.0977877!16s%2Fg%2F11bzsdjvk5?authuser=0&hl=en&entry=ttu&g_ep=EgoyMDI0MDgyOC4wIKXMDSoASAFQAw%3D%3D",0,Hospitality,Indonesia.Batam.Hotel.202408042041.db,places,null_required_column
5909,Josapa Guest House,4.7,39,0,,,"Komplek Ruko Komplek Batam Center Square, Jl. Blk. E No.7, Tlk. Tering, Kec. Batam Kota, Kota Batam, Kepulauan Riau 29444, Indonesia",[object Object],+62 812-7040-418,1.1284179,104.0515965,https://www.google.com/maps/place/Josapa+Guest+House/data=!4m10!3m9!1s0x31d989a8dcc99737:0x5f68f442f4733e00!5m2!4m1!1i2!8m2!3d1.1284179!4d104.0515965!16s%2Fg%2F11hzndq6g9!19sChIJN5fJ3KiJ2TERAD5z9EL0aF8?authuser=0&hl=en&rclk=1,0,Hospitality,Indonesia.Batam.Hotel.202408042041.db,places,null_required_column
5911,Reddoorz near Hang Nadim Airport Buana Vista Kostel,3.4,124,0,,,"Komplek ruko buana Vista 1 blok k no 49, Belian, Kec. Batam Kota, Kota Batam, Kepulauan Riau 29465, Indonesia",[object Object],,1.1324099,104.0991505,"https://www.google.com/maps/place/Reddoorz+near+Hang+Nadim+Airport+Buana+Vista+Kostel/@1.1324099,104.0991505,17z/data=!3m1!4b1!4m9!3m8!1s0x31d98764bddcf01d:0x392722e0c58cbdae!5m2!4m1!1i2!8m2!3d1.1324099!4d104.0991505!16s%2Fg%2F11fn0tjz9k?authuser=0&hl=en&entry=ttu&g_ep=EgoyMDI0MDgyOC4wIKXMDSoASAFQAw%3D%3D",0,Hospitality,Indonesia.Batam.Hotel.202408042041.db,places,null_required_column
5913,SPOT ON 92923 Toyo Homestay Syariah,5.0,1,0,,,"Ruko Marbella, Jl. Tengku Sulung No.10 Blok A3, Belian, Kec. Batam Kota, Kota Batam, Kepulauan Riau 29432, Indonesia",[object Object],+62 778 7495232,1.130077,104.05292,https://www.google.com/maps/place/SPOT+ON+92923+Toyo+Homestay+Syariah/data=!4m10!3m9!1s0x31d98902bb490911:0x3e9c573a30297bad!5m2!4m1!1i2!8m2!3d1.130077!4d104.05292!16s%2Fg%2F11l33x3yxt!19sChIJEQlJuwKJ2TERrXspMDpXnD4?authuser=0&hl=en&rclk=1,0,Hospitality,Indonesia.Batam.Hotel.202408042041.db,places,null_required_column
5915,RedDoorz   Batam Centre 2,3.8,90,0,,,"Komp. Bintang Raya Jl. Raja H. Fisabilillah No.1, RW.2, Tlk. Tering, Kec. Batam Kota, Kota Batam, Kepulauan Riau 29444, Indonesia",[object Object],+62 21 80629666,1.1347637,104.0427322,https://www.google.com/maps/place/RedDoorz+@+Batam+Centre+2/data=!4m10!3m9!1s0x31d9896fbc54d057:0x727cd350bd5aca9c!5m2!4m1!1i2!8m2!3d1.1347637!4d104.0427322!16s%2Fg%2F11h70s3ly5!19sChIJV9BUvG-J2TERnMpavVDTfHI?authuser=0&hl=en&rclk=1,0,Hospitality,Indonesia.Batam.Hotel.202408042041.db,places,null_required_column
5916,TARA Studio Nagoya,4.9,11,0,,,"komplek nagoya thamrin city, Jl. Imam Bonjol tower B, Lubuk Baja Kota, Kec. Lubuk Baja, Kota Batam, Kepulauan Riau 29444, Indonesia",[object Object],,1.1446284,104.0157585,https://www.google.com/maps/place/TARA+Studio+Nagoya/data=!4m10!3m9!1s0x31d989006a5d1aa7:0x2e0adb63045b3bbf!5m2!4m1!1i2!8m2!3d1.1446284!4d104.0157585!16s%2Fg%2F11y2xbfp44!19sChIJpxpdagCJ2TERvztbBGPbCi4?authuser=0&hl=en&rclk=1,0,Hospitality,Indonesia.Batam.Hotel.202408042041.db,places,null_required_column
5917,Taras Homestay,4.8,49,0,,,"Komplek Taman Raya Square, Jl. Tengku Sulung No.3 Blok A1, Belian, Kec. Batam Kota, Kota Batam, Kepulauan Riau 29464, Indonesia",[object Object],,1.1164188,104.092909,https://www.google.com/maps/place/Taras+Homestay/data=!4m10!3m9!1s0x31d98957fc627c1b:0x1585f1ea60faa957!5m2!4m1!1i2!8m2!3d1.1164188!4d104.092909!16s%2Fg%2F11sf93y2yb!19sChIJG3xi_FeJ2TERV6n6YOrxhRU?authuser=0&hl=en&rclk=1,0,Hospitality,Indonesia.Batam.Hotel.202408042041.db,places,null_required_column
5920,,0.0,0,0,,,"18, Taman Mediterania ii8 No.11, Batam City, Central Sumatra 28433, Indonesia",[object Object],+62 817-788-016,,,https://www.google.com/maps/place/SPOT+ON+93312+Homestay+Orange/data=!4m10!3m9!1s0x31d98902bb490911:0x23c33e2d326da5c9!5m2!4m1!1i2!8m2!3d1.130077!4d104.05292!16s%2Fg%2F11vj720kpc!19sChIJEQlJuwKJ2TERyaVtMi0-wyM?authuser=0&hl=en&rclk=1,0,Hospitality,Indonesia.Batam.Hotel.202408042041.db,places,null_required_column
5921,Hotel Pelita Terang,4.3,71,0,,,"JL. Pelita I, No. 25-29, Kampung Pelita, 29443, Kp. Pelita, Kec. Lubuk Baja, Kota Batam, Kepulauan Riau 29444, Indonesia",[object Object],+62 821-6968-8299,1.1416489,104.0182257,https://www.google.com/maps/place/Hotel+Pelita+Terang/data=!4m10!3m9!1s0x31d9899ccfd82125:0x2a8bb72979df985b!5m2!4m1!1i2!8m2!3d1.1416489!4d104.0182257!16s%2Fg%2F11b6d6n2sr!19sChIJJSHYz5yJ2TERW5jfeSm3iyo?authuser=0&hl=en&rclk=1,0,Hospitality,Indonesia.Batam.Hotel.202408042041.db,places,null_required_column
5922,,0.0,0,0,,,"6, Baloi Permai, Batam, Kepulauan Riau Batam Sumatra, 29433, Indonesia",[object Object],+62 817-788-016,,,https://www.google.com/maps/place/SPOT+ON+93445+Penginapan+Alfafa+Scorpio/data=!4m10!3m9!1s0x31d98902bb490911:0xc211568091c912bd!5m2!4m1!1i2!8m2!3d1.130077!4d104.05292!16s%2Fg%2F11vk2rzgb1!19sChIJEQlJuwKJ2TERvRLJkYBWEcI?authuser=0&hl=en&rclk=1,0,Hospitality,Indonesia.Batam.Hotel.202408042041.db,places,null_required_column
5923,,0.0,0,0,,,"6, Baloi Permai, Batam, Kepulauan Riau Batam Sumatra, 29433, Indonesia",[object Object],+62 817-788-016,,,https://www.google.com/maps/place/SPOT+ON+93445+Penginapan+Alfafa+Scorpio/data=!4m10!3m9!1s0x31d98902bb490911:0xc211568091c912bd!5m2!4m1!1i2!8m2!3d1.130077!4d104.05292!16s%2Fg%2F11vk2rzgb1!19sChIJEQlJuwKJ2TERvRLJkYBWEcI?authuser=0&hl=en&rclk=1,0,Hospitality,Indonesia.Batam.Hotel.202408042041.db,places,null_required_column
5924,OYO 92932 Guesthouse Marbella,2.0,1,0,,,"43J3+25M, Jl Marbella 1, Teluk Tering, Batam Kota, Batam City, Riau Islands 29465, Indonesia",[object Object],+62 817-788-016,1.130077,104.05292,https://www.google.com/maps/place/OYO+92932+Guesthouse+Marbella/data=!4m10!3m9!1s0x31d98902bb490911:0xd608922d574590a3!5m2!4m1!1i2!8m2!3d1.130077!4d104.05292!16s%2Fg%2F11vbzchktr!19sChIJEQlJuwKJ2TERo5BFVy2SCNY?authuser=0&hl=en&rclk=1,0,Hospitality,Indonesia.Batam.Hotel.202408042041.db,places,null_required_column
5925,Collection O 91533 Get Inn,1.0,3,0,,,"Mall Botania, Hang Nadim Airport, 92, Batam City, Riau Islands 29465, Indonesia",[object Object],+62 21 29707601,1.1312564,104.0978394,"https://www.google.com/maps/place/Collection+O+91533+Get+Inn/@1.1312564,104.0978394,17z/data=!3m1!4b1!4m9!3m8!1s0x31d98932b8cb5d3b:0x4ba32a3d6a3106e6!5m2!4m1!1i2!8m2!3d1.1312564!4d104.0978394!16s%2Fg%2F11y1hhlgwd?authuser=0&hl=en&entry=ttu&g_ep=EgoyMDI0MDgyOC4wIKXMDSoASAFQAw%3D%3D",0,Hospitality,Indonesia.Batam.Hotel.202408042041.db,places,null_required_column
5926,Urbanview Botania Meeting Point Batam,5.0,3,0,,,"Jl. Botania Garden No.11 Blok B9, Belian, Kec. Batam Kota, Kota Batam, Kepulauan Riau 29465, Indonesia",[object Object],+62 21 80629666,1.1266223,104.0974633,https://www.google.com/maps/place/Urbanview+Botania+Meeting+Point+Batam/data=!4m10!3m9!1s0x31d989667bec3455:0xe6b28da3314e777d!5m2!4m1!1i2!8m2!3d1.1266223!4d104.0974633!16s%2Fg%2F11y7by60gf!19sChIJVTTse2aJ2TERfXdOMaONsuY?authuser=0&hl=en&rclk=1,0,Hospitality,Indonesia.Batam.Hotel.202408042041.db,places,null_required_column
5927,NIDA Rooms Raden Patah Nagoya (2-star hotel),0.0,0,0,,,"Jl. Raden Patah No.7 Blok 3, Lubuk Baja Kota, Kec. Lubuk Baja, Kota Batam, Kepulauan Riau 29444, Indonesia",[object Object],+62 21 80630755,1.1427283,104.0150497,https://www.google.com/maps/place/NIDA+Rooms+Raden+Patah+Nagoya/data=!4m10!3m9!1s0x31d98983917293c3:0xa3d9af1313530c48!5m2!4m1!1i2!8m2!3d1.1427283!4d104.0150497!16s%2Fg%2F11fztnmjcq!19sChIJw5NykYOJ2TERSAxTExOv2aM?authuser=0&hl=en&rclk=1,0,Hospitality,Indonesia.Batam.Hotel.202408042041.db,places,null_required_column
5933,KKR Hotel Nagoya (KKRホテル名古屋),3.8,894,0,,,"Japan, 〒460-0001 Aichi, Nagoya, Naka Ward, Sannomaru, 1 Chome−5−1 ＫＫＲホテル名古屋",[object Object],+81 52-201-3326,35.1808276,136.8969422,https://www.google.com/maps/place/KKR+Hotel+Nagoya/data=!4m10!3m9!1s0x600376ce8a9253cb:0x7c7b0f52951c7272!5m2!4m1!1i2!8m2!3d35.1808276!4d136.8969422!16s%2Fg%2F1tncsty5!19sChIJy1OSis52A2ARcnIclVIPe3w?authuser=0&hl=en&rclk=1,0,Hospitality,Indonesia.Batam.Hotel.202408042041.db,places,null_required_column
5934,Nishitetsu Hotel Croom Nagoya (西鉄ホテルクルーム名古屋),4.4,925,0,,,"3 Chome-4-３ Nishiki, Naka Ward, Nagoya, Aichi 460-0003, Japan",[object Object],+81 52-963-5959,35.1733331,136.9054423,"https://www.google.com/maps/place/Nishitetsu+Hotel+Croom+Nagoya/@35.1733331,136.9054423,17z/data=!3m1!4b1!4m9!3m8!1s0x6003712a7f710b05:0x199875e79269f156!5m2!4m1!1i2!8m2!3d35.1733331!4d136.9054423!16s%2Fg%2F11f5dygzcn?authuser=0&hl=en&entry=ttu&g_ep=EgoyMDI0MDgyOC4wIKXMDSoASAFQAw%3D%3D",0,Hospitality,Indonesia.Batam.Hotel.202408042041.db,places,null_required_column
5936,Nagoya Crown Hotel (名古屋クラウンホテル),3.7,3148,0,,,"1 Chome-8-33 Sakae, Naka Ward, Nagoya, Aichi 460-0008, Japan",[object Object],+81 52-211-6633,35.1668982,136.8937579,https://www.google.com/maps/place/Nagoya+Crown+Hotel/data=!4m10!3m9!1s0x60037728693cf843:0x8a754af62d85897b!5m2!4m1!1i2!8m2!3d35.1668982!4d136.8937579!16s%2Fg%2F1tf5dp0f!19sChIJQ_g8aSh3A2ARe4mFLfZKdYo?authuser=0&hl=en&rclk=1,0,Hospitality,Indonesia.Batam.Hotel.202408042041.db,places,null_required_column
5938,Rubura Ohzan (ホテル ルブラ王山),3.5,637,0,,,"4 Chome-6-8 Sakae, Naka Ward, Nagoya, Aichi 460-0008, Japan",[object Object],+81 52-251-2411,35.1668597,136.9487174,"https://www.google.com/maps/place/Rubura+Ohzan/@35.1668597,136.9487174,17z/data=!3m1!4b1!4m9!3m8!1s0x60037064e1518f17:0x2c26fa2965c9c57!5m2!4m1!1i2!8m2!3d35.1668597!4d136.9487174!16s%2Fg%2F1hc0t22j4?authuser=0&hl=en&entry=ttu&g_ep=EgoyMDI0MDgyOC4wIKXMDSoASAFQAw%3D%3D",0,Hospitality,Indonesia.Batam.Hotel.202408042041.db,places,null_required_column
5939,SPOT ON 92167 Jodoh Stay Syariah,1.0,4,0,,,"7, Jodoh River, Batam City, Riau Islands 29400, Indonesia",[object Object],+62 21 29707601,1.153846,104.0054,https://www.google.com/maps/place/SPOT+ON+92167+Jodoh+Stay+Syariah/data=!4m10!3m9!1s0x31d98b0557706375:0xfb33b0260fa9c174!5m2!4m1!1i2!8m2!3d1.153846!4d104.0054!16s%2Fg%2F11k9gvv_7j!19sChIJdWNwVwWL2TERdMGpDyawM_s?authuser=0&hl=en&rclk=1,0,Hospitality,Indonesia.Batam.Hotel.202408042041.db,places,null_required_column
5940,Nite & Day Hotel Batam - Jodoh Square,4.1,701,0,,,"Komp. Jodoh Square, Jl. Raja Ali H. No.56, Sungai Jodoh, Kec. Batu Ampar, Kota Batam, Kepulauan Riau 29444, Indonesia",[object Object],+62 778 426826,1.1528996,104.0052124,"https://www.google.com/maps/place/Nite+%26+Day+Hotel+Batam+-+Jodoh+Square/@1.1528996,104.0052124,17z/data=!3m1!4b1!4m9!3m8!1s0x31d98a2733b736d1:0x8822c7ce7baee9bf!5m2!4m1!1i2!8m2!3d1.1528996!4d104.0052124!16s%2Fg%2F11bvtc9xfn?authuser=0&hl=en&entry=ttu&g_ep=EgoyMDI0MDgyOC4wIKXMDSoASAFQAw%3D%3D",0,Hospitality,Indonesia.Batam.Hotel.202408042041.db,places,null_required_column
5941,Jodoh (Hotel),0.0,0,0,,,"5243+3P4, Jodoh River, Batu Ampar, Batam City, Riau Islands, Indonesia",[object Object],,1.1551341,104.0043327,https://www.google.com/maps/place/Jodoh/data=!4m7!3m6!1s0x31d98b71023441e9:0x3ecb168b78ad2370!8m2!3d1.1551341!4d104.0043327!16s%2Fg%2F11kjpfm86m!19sChIJ6UE0AnGL2TERcCOteIsWyz4?authuser=0&hl=en&rclk=1,0,Hospitality,Indonesia.Batam.Hotel.202408042041.db,places,null_required_column
5942,OYO 3212 Coffee Jodoh Homestay,3.4,89,0,,,"Pasar Jodoh, Baloi, Blok H. 10 Blok H, Hotel near Akredstone 350 m, Jl. Harbour Bay No.10, Jodoh River, Batam City, Riau Islands 29434, Indonesia",[object Object],+62 21 29707601,1.1497089,104.0054359,"https://www.google.com/maps/place/OYO+3212+Coffee+Jodoh+Homestay/@1.1497089,104.0054359,17z/data=!3m1!4b1!4m9!3m8!1s0x31d98b69f09359ab:0xb2731f916f5a127e!5m2!4m1!1i2!8m2!3d1.1497089!4d104.0054359!16s%2Fg%2F11j8w672hd?authuser=0&hl=en&entry=ttu&g_ep=EgoyMDI0MDgyOC4wIKXMDSoASAFQAw%3D%3D",0,Hospitality,Indonesia.Batam.Hotel.202408042041.db,places,null_required_column
5944,Planet Holiday Hotel & Residence,4.5,3742,0,,,"Sei Jodoh, Jl. Raja Ali H., Sungai Jodoh, Kec. Batu Ampar, Kota Batam, Kepulauan Riau 29432, Indonesia",[object Object],+62 778 433555,1.1521761,104.0074317,https://www.google.com/maps/place/Planet+Holiday+Hotel+%26+Residence/data=!4m10!3m9!1s0x31d98989e24f1c97:0x827de30b82758b72!5m2!4m1!1i2!8m2!3d1.1521761!4d104.0074317!16s%2Fg%2F11hymby2rh!19sChIJlxxP4omJ2TERcot1ggvjfYI?authuser=0&hl=en&rclk=1,0,Hospitality,Indonesia.Batam.Hotel.202408042041.db,places,null_required_column
5946,OYO 91305 Merah Putih Inn,5.0,1,0,,,"RM Sederhana Jodoh, MC Donald's, Jodoh Centre, 1 Sungai Jodoh, Near, Hill, Lubuk Baja, Riau Islands 29444, Indonesia",[object Object],+62 21 29707601,1.1579645,104.0225963,https://www.google.com/maps/place/OYO+91305+Merah+Putih+Inn/data=!4m10!3m9!1s0x31d98ba948c0f875:0x42108d3221eaf0d0!5m2!4m1!1i2!8m2!3d1.1579645!4d104.0225963!16s%2Fg%2F11tgdhx5zb!19sChIJdfjASKmL2TER0PDqITKNEEI?authuser=0&hl=en&rclk=1,0,Hospitality,Indonesia.Batam.Hotel.202408042041.db,places,null_required_column
5950,OYO 93671 Sir Homestay,1.0,1,0,,,"Jl. Duyung, Sungai Jodoh, Kec. Batu Ampar, Kota Batam, Kepulauan Riau 29444, Indonesia",[object Object],+62 778 425555,1.1499968,104.0071679,https://www.google.com/maps/place/OYO+93671+Sir+Homestay/data=!4m10!3m9!1s0x31d98a2787919757:0x41a51cb25f0074eb!5m2!4m1!1i2!8m2!3d1.1499968!4d104.0071679!16s%2Fg%2F11y3sfr0_j!19sChIJV5eRhyeK2TER63QAX7IcpUE?authuser=0&hl=en&rclk=1,0,Hospitality,Indonesia.Batam.Hotel.202408042041.db,places,null_required_column
5953,OYO 92334 Abi Manyu Syariah,1.0,1,0,,,"Jl. Duyung No.20, Sungai Jodoh, Kec. Batu Ampar, Kota Batam, Kepulauan Riau 29400, Indonesia",[object Object],+62 21 29707601,1.1556564,104.0020357,https://www.google.com/maps/place/OYO+92334+Abi+Manyu+Syariah/data=!4m10!3m9!1s0x31d98a222040ce1d:0x6c7d84e1d2ddc6e8!5m2!4m1!1i2!8m2!3d1.1556564!4d104.0020357!16s%2Fg%2F11khkf9slf!19sChIJHc5AICKK2TER6Mbd0uGEfWw?authuser=0&hl=en&rclk=1,0,Hospitality,Indonesia.Batam.Hotel.202408042041.db,places,null_required_column
5954,Nagoya One Hotel,4.1,520,0,,,"Jl. Imam Bonjol Komp. Nagoya Square Jl. Raja Ali H. No.18 Blok E No. 9, Sungai Jodoh, Kec. Batu Ampar, Kota Batam, Kepulauan Riau 29432, Indonesia",[object Object],+62 778 421001,1.1510689,104.010127,https://www.google.com/maps/place/Nagoya+One+Hotel/data=!4m10!3m9!1s0x31d98984bbb35ed3:0xb2a2ab7fbb6a892a!5m2!4m1!1i2!8m2!3d1.1510689!4d104.010127!16s%2Fg%2F11b6drkc41!19sChIJ016zu4SJ2TERKolqu3-rorI?authuser=0&hl=en&rclk=1,0,Hospitality,Indonesia.Batam.Hotel.202408042041.db,places,null_required_column
5955,SPOT ON 93421 Grace Homestay Syariah,5.0,1,0,,,"03, Sungai Jodoh, Batam, Kepulauan Riau, Sumatera 29400, Batam City, Riau Islands 29432, Indonesia",[object Object],+62 21 29707601,1.1504943,104.0066401,https://www.google.com/maps/place/SPOT+ON+93421+Grace+Homestay+Syariah/data=!4m10!3m9!1s0x31d98a27786fba11:0xcbc01cfa0e5acfb9!5m2!4m1!1i2!8m2!3d1.1504943!4d104.0066401!16s%2Fg%2F11y2f9wccr!19sChIJEbpveCeK2TERuc9aDvocwMs?authuser=0&hl=en&rclk=1,0,Hospitality,Indonesia.Batam.Hotel.202408042041.db,places,null_required_column
5956,YELLO Hotel Harbour Bay Batam,4.8,99,0,,,"Harbour Bay Batam, Jl. Duyung, Sungai Jodoh, Kec. Batu Ampar, Kota Batam, Kepulauan Riau 29453, Indonesia",[object Object],+62 778 8105888,1.152491,103.9989969,https://www.google.com/maps/place/YELLO+Hotel+Harbour+Bay+Batam/data=!4m10!3m9!1s0x31d98bfc6351ee3b:0xbe800e690e9be1ed!5m2!4m1!1i2!8m2!3d1.152491!4d103.9989969!16s%2Fg%2F11tx90891k!19sChIJO-5RY_yL2TER7eGbDmkOgL4?authuser=0&hl=en&rclk=1,0,Hospitality,Indonesia.Batam.Hotel.202408042041.db,places,null_required_column
5959,Bahari Stay,4.0,253,0,,,"Komplek Nagoya Square Blok D No 100, Jodoh River, Batu Ampar, Batam City, Riau Islands 29432, Indonesia",[object Object],+62 819-9105-4700,1.1505517,104.0103629,https://www.google.com/maps/place/Bahari+Stay/data=!4m10!3m9!1s0x31d98988fe76dbd3:0xbbeebc49e70b2340!5m2!4m1!1i2!8m2!3d1.1505517!4d104.0103629!16s%2Fg%2F11cr__l91g!19sChIJ09t2_oiJ2TERQCML50m87rs?authuser=0&hl=en&rclk=1,0,Hospitality,Indonesia.Batam.Hotel.202408042041.db,places,null_required_column
5960,SPOT ON 91343 Kartika Guest House Syariah,1.0,1,0,,,"Komplek Tanjung Pantun, 10, Jl. Raja Ali H. No.10, Sungai Jodoh, Kota Batam, Kepulauan Riau 29432, Indonesia",[object Object],+62 21 29707601,1.1506559,104.0066548,https://www.google.com/maps/place/SPOT+ON+91343+Kartika+Guest+House+Syariah/data=!4m10!3m9!1s0x31d98a270b2eaaab:0xc3d621838d0a9b4e!5m2!4m1!1i2!8m2!3d1.1506559!4d104.0066548!16s%2Fg%2F11t186skt1!19sChIJq6ouCyeK2TERTpsKjYMh1sM?authuser=0&hl=en&rclk=1,0,Hospitality,Indonesia.Batam.Hotel.202408042041.db,places,null_required_column
5961,SPOT ON 91732 Rani Homestay Syariah,4.3,8,0,,,"15 Batam, Kepulauan Riau, 29400, Indonesia HAR BOUR BAY, nagoya hill mall, Batam City, Riau Islands 29444, Indonesia",[object Object],+62 21 29707601,1.1508905,104.0066559,https://www.google.com/maps/place/SPOT+ON+91732+Rani+Homestay+Syariah/data=!4m10!3m9!1s0x31d98b87bd0efeb5:0x90bedc5944e05571!5m2!4m1!1i2!8m2!3d1.1508905!4d104.0066559!16s%2Fg%2F11tj_0ch96!19sChIJtf4OvYeL2TERcVXgRFncvpA?authuser=0&hl=en&rclk=1,0,Hospitality,Indonesia.Batam.Hotel.202408042041.db,places,null_required_column
5963,Nagoya jodoh (Hotel),0.0,0,0,,,"42V4+RM9, Jl. Imam Bonjol-Komplek Nagoya Newtown, Lubuk Baja Kota, Kec. Lubuk Baja, Kota Batam, Kepulauan Riau 29444, Indonesia",[object Object],,1.1445287,104.0067228,https://www.google.com/maps/place/Nagoya+jodoh/data=!4m7!3m6!1s0x31d98b5e3567cd6b:0x9ce61e70a674688!8m2!3d1.1445287!4d104.0067228!16s%2Fg%2F11pzwg_t3v!19sChIJa81nNV6L2TERiEZnCudhzgk?authuser=0&hl=en&rclk=1,0,Hospitality,Indonesia.Batam.Hotel.202408042041.db,places,null_required_column
5964,OYO 92195 Pelangi House 789 Syariah,1.0,2,0,,,"5225+FV5, Jodoh River, Batu Ampar, Batam City, Riau Islands 29400, Indonesia",[object Object],+62 817-788-016,1.151129,104.009735,https://www.google.com/maps/place/OYO+92195+Pelangi+House+789+Syariah/data=!4m10!3m9!1s0x31d98989a5dae025:0x3a2ef2537e5935d9!5m2!4m1!1i2!8m2!3d1.151129!4d104.009735!16s%2Fg%2F11kbhwfqdp!19sChIJJeDapYmJ2TER2TVZflPyLjo?authuser=0&hl=en&rclk=1,0,Hospitality,Indonesia.Batam.Hotel.202408042041.db,places,null_required_column
5966,OYO 91942 Sunny Syariah,3.3,3,0,,,"KFC, Mc Donalds Batam, 32 Batam, Kepulauan Riau Harbourbay , Nagoya Hill Mall, Batam City, Riau Islands 29400, Indonesia",[object Object],+62 21 29707601,1.1512941,104.009031,https://www.google.com/maps/place/OYO+91942+Sunny+Syariah/data=!4m10!3m9!1s0x31d989834db16e13:0x7af2ff9431e1dbe6!5m2!4m1!1i2!8m2!3d1.1512941!4d104.009031!16s%2Fg%2F11sc29dwzq!19sChIJE26xTYOJ2TER5tvhMZT_8no?authuser=0&hl=en&rclk=1,0,Hospitality,Indonesia.Batam.Hotel.202408042041.db,places,null_required_column
5967,GGI HOTEL,4.3,6,0,,,"Jodoh River, Batu Ampar, Batam City, Riau Islands, Indonesia",[object Object],,1.1549546,104.0028378,https://www.google.com/maps/place/GGI+HOTEL/data=!4m10!3m9!1s0x31d98a2174cf8b63:0x1e3f9764d5efd18!5m2!4m1!1i2!8m2!3d1.1549546!4d104.0028378!16s%2Fg%2F11sczq4vsk!19sChIJY4vPdCGK2TERGP1eTXb54wE?authuser=0&hl=en&rclk=1,0,Hospitality,Indonesia.Batam.Hotel.202408042041.db,places,null_required_column
5968,,0.0,0,0,,,"5224+32G, Jodoh River, Batu Ampar, Batam City, Riau Islands 29444, Indonesia",[object Object],,,,"https://www.google.com/maps/place/KIREI+INN/@1.150185,104.0050881,17z/data=!3m1!4b1!4m9!3m8!1s0x31d98b003d2a0cbb:0xd6f65c8256d13971!5m2!4m1!1i2!8m2!3d1.150185!4d104.0050881!16s%2Fg%2F11vxq1c2_6?authuser=0&hl=en&entry=ttu&g_ep=EgoyMDI0MDgyOC4wIKXMDSoASAFQAw%3D%3D",0,Hospitality,Indonesia.Batam.Hotel.202408042041.db,places,null_required_column
5970,OYO 91344 Wr House Syariah Batam (2-star hotel),0.0,0,0,,,"Komplek Tanjung Pantun, Jl. Raja Ali H., Sungai Jodoh, Kec. Batu Ampar, Kota Batam, Kepulauan Riau 29432, Indonesia",[object Object],+62 21 29707601,1.1505325,104.0066495,"https://www.google.com/maps/place/OYO+91344+Wr+House+Syariah+Batam/@1.1505325,104.0066495,17z/data=!3m1!4b1!4m9!3m8!1s0x31d98ba7b0767a8d:0x956094c0ba75b313!5m2!4m1!1i2!8m2!3d1.1505325!4d104.0066495!16s%2Fg%2F11j90tzxps?authuser=0&hl=en&entry=ttu&g_ep=EgoyMDI0MDgyOC4wIKXMDSoASAFQAw%3D%3D",0,Hospitality,Indonesia.Batam.Hotel.202408042041.db,places,null_required_column
5971,,0.0,0,0,,,"Mall, Harbour Bay, 9, Jodoh River, Lubuk Baja, Batam City, Riau Islands 29432, Indonesia",[object Object],+62 21 29707601,,,https://www.google.com/maps/place/OYO+91423+Ringin+Pitu+1+Syariah/data=!4m10!3m9!1s0x31d98b5768140389:0x33e4b0841e48b220!5m2!4m1!1i2!8m2!3d1.149574!4d104.0061632!16s%2Fg%2F11txfqfk9z!19sChIJiQMUaFeL2TERILJIHoSw5DM?authuser=0&hl=en&rclk=1,0,Hospitality,Indonesia.Batam.Hotel.202408042041.db,places,null_required_column
5972,Biz Hotel,4.2,1379,0,,,"Komplek Nagoya Newtown Blok T No.15 Jalan Kompleks Nagoya City Walk, Lubuk Baja Kota, Kec. Lubuk Baja, Kota Batam, Kepulauan Riau 29444, Indonesia",[object Object],+62 778 432999,1.1423083,104.0063774,https://www.google.com/maps/place/Biz+Hotel/data=!4m10!3m9!1s0x31d98a2a6c6de2df:0x22077844cef21d15!5m2!4m1!1i2!8m2!3d1.1423083!4d104.0063774!16s%2Fg%2F11b637tccj!19sChIJ3-JtbCqK2TERFR3yzkR4ByI?authuser=0&hl=en&rclk=1,0,Hospitality,Indonesia.Batam.Hotel.202408042041.db,places,null_required_column
5975,Pensions Orchid Two (Kasir wisma orchid two),3.8,217,0,,,"Jl. Teuku Umar No.5, Lubuk Baja Kota, Kec. Lubuk Baja, Kota Batam, Kepulauan Riau 29444, Indonesia",[object Object],+62 812-7525-0701,1.1423529,104.0170956,https://www.google.com/maps/place/Pensions+Orchid+Two/data=!4m10!3m9!1s0x31d9898366e42911:0x2bb050195e5bebb3!5m2!4m1!1i2!8m2!3d1.1423529!4d104.0170956!16s%2Fg%2F11j7dwbwv7!19sChIJESnkZoOJ2TERs-tbXhlQsCs?authuser=0&hl=en&rclk=1,0,Hospitality,Indonesia.Batam.Hotel.202408042041.db,places,null_required_column
5976,Amaris Hotel Nagoya Hill Batam,4.1,1568,0,,,"Komplek Ruko Nagoya Hill Blok I No. 10-16, Jl. Teuku Umar No.10, Lubuk Baja Kota, Kec. Lubuk Baja, Kota Batam, Kepulauan Riau 29444, Indonesia",[object Object],+62 778 7430488,1.1454244,104.0134608,"https://www.google.com/maps/place/Amaris+Hotel+Nagoya+Hill+Batam/@1.1454244,104.0134608,17z/data=!3m1!4b1!4m9!3m8!1s0x31d989842ea9ce75:0x7603d0ff02497d42!5m2!4m1!1i2!8m2!3d1.1454244!4d104.0134608!16s%2Fg%2F11btlv1ywc?authuser=0&hl=en&entry=ttu&g_ep=EgoyMDI0MDgyOC4wIKXMDSoASAFQAw%3D%3D",0,Hospitality,Indonesia.Batam.Hotel.202408042041.db,places,null_required_column
5979,Triniti Hotel,3.9,256,0,,,"Jl. Raja Ali Haji Komp. Boulevard Blok CC 11-18, Kampung Seraya, Batu Ampar, Batam City, Riau Islands 29444, Indonesia",[object Object],+62 811-7779-938,1.149056,104.014928,https://www.google.com/maps/place/Triniti+Hotel/data=!4m10!3m9!1s0x31da2753fef51d1d:0x5f5213dc477bdd5e!5m2!4m1!1i2!8m2!3d1.149056!4d104.014928!16s%2Fg%2F1tsym8kg!19sChIJHR31_lMn2jERXt17R9wTUl8?authuser=0&hl=en&rclk=1,0,Hospitality,Indonesia.Batam.Hotel.202408042041.db,places,null_required_column
5980,The Golden Bay Hotel,4.2,1420,0,,,"527M+P88, Jl. Golden City Residence, Tj. Buntung, Kec. Bengkong, Kota Batam, Kepulauan Riau, Indonesia",[object Object],+62 857-8887-7739,1.1629313,104.040122,https://www.google.com/maps/place/The+Golden+Bay+Hotel/data=!4m10!3m9!1s0x31d989c5c6ba51df:0xc65e3d160cf323a0!5m2!4m1!1i2!8m2!3d1.1629313!4d104.040122!16s%2Fg%2F11c1xdclbx!19sChIJ31G6xsWJ2TERoCPzDBY9XsY?authuser=0&hl=en&rclk=1,0,Hospitality,Indonesia.Batam.Hotel.202408042041.db,places,null_required_column
5981,Four Points by Sheraton Batam,4.5,484,0,,,"Komplek Panorama Nagoya, Jodoh River, Batu Ampar, Batam City, Riau Islands 29432, Indonesia",[object Object],+62 778 5708800,1.1486642,104.006393,https://www.google.com/maps/place/Four+Points+by+Sheraton+Batam/data=!4m10!3m9!1s0x31d98b2f3f2c6557:0xa133012a81d05e20!5m2!4m1!1i2!8m2!3d1.1486642!4d104.006393!16s%2Fg%2F11jmd4d_xc!19sChIJV2UsPy-L2TERIF7QgSoBM6E?authuser=0&hl=en&rclk=1,0,Hospitality,Indonesia.Batam.Hotel.202408042041.db,places,null_required_column
5984,Chola Inn Nagoya Hill,3.5,8,0,,,"42W6+WF7, Jl. Nagoya Hill, Lubuk Baja Kota, Kec. Lubuk Baja, Kota Batam, Kepulauan Riau 29444, Indonesia",[object Object],,1.147295,104.0111743,https://www.google.com/maps/place/Chola+Inn+Nagoya+Hill/data=!4m10!3m9!1s0x31d989d5553d08fd:0xd3b517338ec33060!5m2!4m1!1i2!8m2!3d1.147295!4d104.0111743!16s%2Fg%2F11lcjcgr1_!19sChIJ_Qg9VdWJ2TERYDDDjjMXtdM?authuser=0&hl=en&rclk=1,0,Hospitality,Indonesia.Batam.Hotel.202408042041.db,places,null_required_column
5986,RedDoorz near Nagoya Hill Batam 4,3.6,17,0,,,"Kampung Seraya, Batu Ampar, Batam City, Riau Islands 29444, Indonesia",[object Object],+62 21 80629666,1.1492107,104.0148373,https://www.google.com/maps/place/RedDoorz+near+Nagoya+Hill+Batam+4/data=!4m10!3m9!1s0x31d989f723230e39:0xf9c365083bc1902e!5m2!4m1!1i2!8m2!3d1.1492107!4d104.0148373!16s%2Fg%2F11fpkwb8s1!19sChIJOQ4jI_eJ2TERLpDBOwhlw_k?authuser=0&hl=en&rclk=1,0,Hospitality,Indonesia.Batam.Hotel.202408042041.db,places,null_required_column
5987,Jodoh (Shop),0.0,0,0,,,"43J3+25M Harmony hotel, Teluk Tering, Batam Kota, Batam City, Riau Islands, Indonesia",[object Object],,1.1300779,104.0529207,https://www.google.com/maps/place/Jodoh/data=!4m7!3m6!1s0x31d989035690ec93:0xb6d347ae2262308d!8m2!3d1.1300779!4d104.0529207!16s%2Fg%2F11vj0wyzmn!19sChIJk-yQVgOJ2TERjTBiIq5H07Y?authuser=0&hl=en&rclk=1,0,Hospitality,Indonesia.Batam.Hotel.202408042041.db,places,null_required_column
5988,ION Hotel,4.1,299,0,,,"Komplek Palm Spring, Jl. Laksamana Bintan No.6 Blok A4, RW.8, Taman Baloi, Kec. Batam Kota, Kota Batam, Kepulauan Riau 29432, Indonesia",[object Object],+62 778 463363,1.123288,104.032333,https://www.google.com/maps/place/ION+Hotel/data=!4m10!3m9!1s0x31d98914eacddf43:0xc2687101216df57c!5m2!4m1!1i2!8m2!3d1.123288!4d104.032333!16s%2Fg%2F11bych_1qd!19sChIJQ9_N6hSJ2TERfPVtIQFxaMI?authuser=0&hl=en&rclk=1,0,Hospitality,Indonesia.Batam.Hotel.202408042041.db,places,null_required_column
5998,Pan Pacific Singapore,4.5,6973,0,,,"7 Raffles Blvd, Singapore 039595",[object Object],6336 8111,1.2924176,103.8585852,https://www.google.com/maps/place/Pan+Pacific+Singapore/data=!4m10!3m9!1s0x31da19a8f0c90bb1:0xd68bb4dc42f9f2f4!5m2!4m1!1i2!8m2!3d1.2924176!4d103.8585852!16zL20vMDkwMTNi!19sChIJsQvJ8KgZ2jER9PL5Qty0i9Y?authuser=0&hl=en&rclk=1,0,Hospitality,Indonesia.Batam.Hotel.202408042041.db,places,null_required_column
5999,Hotel 81 Orchid,3.8,1297,0,,,"21 Lor 8 Geylang, Singapore 399090",[object Object],6846 8181,1.3112057,103.8772766,https://www.google.com/maps/place/Hotel+81+Orchid/data=!4m10!3m9!1s0x31da183722596c4b:0x6293bdc077c6def9!5m2!4m1!1i2!8m2!3d1.3112057!4d103.8772766!16s%2Fg%2F1tdf8mjk!19sChIJS2xZIjcY2jER-d7Gd8C9k2I?authuser=0&hl=en&rclk=1,0,Hospitality,Indonesia.Batam.Hotel.202408042041.db,places,null_required_column
6000,Crowne Plaza Changi Airport  an IHG Hotel,4.5,4321,0,,,"75 Airport Blvd., #01-01, Singapore 819664",[object Object],6823 5300,1.3585609,103.9879672,"https://www.google.com/maps/place/Crowne+Plaza+Changi+Airport,+an+IHG+Hotel/data=!4m10!3m9!1s0x31da3c936a9124bf:0x74a0170f1cc50445!5m2!4m1!1i2!8m2!3d1.3585609!4d103.9879672!16s%2Fg%2F1q673lpyv!19sChIJvySRapM82jERRQTFHA8XoHQ?authuser=0&hl=en&rclk=1",0,Hospitality,Indonesia.Batam.Hotel.202408042041.db,places,null_required_column
6001,Citadines Rochor Singapore,4.3,532,0,,,"2 Serangoon Rd, #03-01 Tekka Place, Singapore 218227",[object Object],6329 2288,1.3050631,103.8514261,https://www.google.com/maps/place/Citadines+Rochor+Singapore/data=!4m10!3m9!1s0x31da19cd616aab65:0xd78ab5abc5776678!5m2!4m1!1i2!8m2!3d1.3050631!4d103.8514261!16s%2Fg%2F11h_t91mcw!19sChIJZatqYc0Z2jEReGZ3xau1itc?authuser=0&hl=en&rclk=1,0,Hospitality,Indonesia.Batam.Hotel.202408042041.db,places,null_required_column
6002,ibis Styles Singapore On Macpherson,3.7,3129,0,,,"401 MacPherson Rd, Corner Of Macpherson And, Singapore 368125",[object Object],6622 6000,1.3318419,103.8794305,https://www.google.com/maps/place/ibis+Styles+Singapore+On+Macpherson/data=!4m10!3m9!1s0x31da178e9d0c8ea1:0xf4a3b05009b9a49!5m2!4m1!1i2!8m2!3d1.3318419!4d103.8794305!16s%2Fg%2F11bwlcs6w9!19sChIJoY4MnY4X2jERSZqbAAU7Sg8?authuser=0&hl=en&rclk=1,0,Hospitality,Indonesia.Batam.Hotel.202408042041.db,places,null_required_column
6003,Ascott Raffles Place Singapore,4.3,761,0,,,"2 Finlayson Green, Singapore 049247",[object Object],6577 1688,1.2820375,103.85158,https://www.google.com/maps/place/Ascott+Raffles+Place+Singapore/data=!4m10!3m9!1s0x31da190e89980fd1:0x9bf8c481b23fcd24!5m2!4m1!1i2!8m2!3d1.2820375!4d103.85158!16s%2Fg%2F12vqwwzt5!19sChIJ0Q-YiQ4Z2jERJM0_soHE-Js?authuser=0&hl=en&rclk=1,0,Hospitality,Indonesia.Batam.Hotel.202408042041.db,places,null_required_column
6004,Hotel 81 Dickson,3.8,2776,0,,,"3 Dickson Rd, Singapore 209530",[object Object],6392 8181,1.3049377,103.854273,https://www.google.com/maps/place/Hotel+81+Dickson/data=!4m10!3m9!1s0x31da19b9b0f8b05b:0x444835e44848b855!5m2!4m1!1i2!8m2!3d1.3049377!4d103.854273!16s%2Fg%2F1tjtfszx!19sChIJW7D4sLkZ2jERVbhISOQ1SEQ?authuser=0&hl=en&rclk=1,0,Hospitality,Indonesia.Batam.Hotel.202408042041.db,places,null_required_column
6005,OYO 91246 Pulisan Ekowisata Homestay,1.0,1,0,,,"95376 Jalan, Pulisan, Sulawesi Utara, Indonesia Bukit Pulisan, Pantai, North Sulawesi 95375, Indonesia",[object Object],+62 21 29707601,1.6697614,125.1457503,https://www.google.com/maps/place/OYO+91246+Pulisan+Ekowisata+Homestay/data=!4m10!3m9!1s0x3287b32254d1ed1d:0x6945328f9f07228b!5m2!4m1!1i2!8m2!3d1.6697614!4d125.1457503!16s%2Fg%2F11s7lp_z4p!19sChIJHe3RVCKzhzIRiyIHn48yRWk?authuser=0&hl=en&rclk=1,0,Hospitality,Indonesia.Batam.Hotel.202408042041.db,places,null_required_column
6006,Harper Kupang (Hotel Harper Kupang),4.9,2256,0,,,"Fatululi, Oebobo, Kupang City, East Nusa Tenggara, Indonesia",[object Object],+62 380 8460909,-10.169196,123.611039,https://www.google.com/maps/place/Harper+Kupang/data=!4m10!3m9!1s0x2c569dea477b51eb:0x27a7d130dbc45752!5m2!4m1!1i2!8m2!3d-10.169196!4d123.611039!16s%2Fg%2F11rs0674mp!19sChIJ61F7R-qdViwRUlfE2zDRpyc?authuser=0&hl=en&rclk=1,0,Hospitality,Indonesia.Batam.Hotel.202408042041.db,places,null_required_column
6007,Hotel Sentral Johor Bahru,3.3,2077,0,,,"17, Jalan Tenteram, Tanjung Puteri, 80300 Johor Bahru, Johor, Malaysia",[object Object],+60 7-222 7788,1.4618676,103.7690506,https://www.google.com/maps/place/Hotel+Sentral+Johor+Bahru/data=!4m10!3m9!1s0x31da12dc23010c41:0xf6976107aeb9f95b!5m2!4m1!1i2!8m2!3d1.4618676!4d103.7690506!16s%2Fg%2F1tvrx6lv!19sChIJQQwBI9wS2jERW_m5rgdhl_Y?authuser=0&hl=en&rclk=1,0,Hospitality,Indonesia.Batam.Hotel.202408042041.db,places,null_required_column
6008,Hotel Sentra Boutique,4.0,321,0,,,"Jl. Ciledug Raya No.17, RT.8/RW.10, Cipulir, Kec. Kby. Lama, Kota Jakarta Selatan, Daerah Khusus Ibukota Jakarta 12230, Indonesia",[object Object],+62 21 7260099,-6.2378801,106.7659291,https://www.google.com/maps/place/Hotel+Sentra+Boutique/data=!4m10!3m9!1s0x2e69f0de4206f567:0x3853bc46874c7375!5m2!4m1!1i2!8m2!3d-6.2378801!4d106.7659291!16s%2Fg%2F1ptybmvb0!19sChIJZ_UGQt7waS4RdXNMh0a8Uzg?authuser=0&hl=en&rclk=1,0,Hospitality,Indonesia.Batam.Hotel.202408042041.db,places,null_required_column
6009,The Sentra Manado,4.9,2822,0,,,"Jl. Ir. Soekarno, Maumbi, Kec. Kalawat, Kabupaten Minahasa Utara, Sulawesi Utara, Indonesia",[object Object],+62 811-4370-0724,1.4880891,124.9156242,https://www.google.com/maps/place/The+Sentra+Manado/data=!4m10!3m9!1s0x32870bf597ddf1a1:0xab699cffbafa14b0!5m2!4m1!1i2!8m2!3d1.4880891!4d124.9156242!16s%2Fg%2F11n1390ss0!19sChIJofHdl_ULhzIRsBT6uv-caas?authuser=0&hl=en&rclk=1,0,Hospitality,Indonesia.Batam.Hotel.202408042041.db,places,null_required_column
6011,Sentral Cawang Hotel Jakarta,4.4,6134,0,,,"Sebelah kantor BNN, Jl. Letjen M.T. Haryono No.9 1, RT.1/RW.6, Cawang, Kec. Kramat jati, Kota Jakarta Timur, Daerah Khusus Ibukota Jakarta 13630, Indonesia",[object Object],+62 21 29257777,-6.2469782,106.8727876,https://www.google.com/maps/place/Sentral+Cawang+Hotel+Jakarta/data=!4m10!3m9!1s0x2e69f3058dbc0291:0x8b02de3f61ad2844!5m2!4m1!1i2!8m2!3d-6.2469782!4d106.8727876!16s%2Fg%2F1q6cngjyx!19sChIJkQK8jQXzaS4RRCitYT_eAos?authuser=0&hl=en&rclk=1,0,Hospitality,Indonesia.Batam.Hotel.202408042041.db,places,null_required_column
6012,Hotel Sentral Kuantan,3.8,1844,0,,,"45, Jalan Besar, 25000 Kuantan, Pahang, Malaysia",[object Object],+60 9-565 9999,3.8051842,103.3282786,https://www.google.com/maps/place/Hotel+Sentral+Kuantan/data=!4m10!3m9!1s0x31c8ba9d1a3ddf6b:0x2d9e079ae0135785!5m2!4m1!1i2!8m2!3d3.8051842!4d103.3282786!16s%2Fg%2F1td7ktbg!19sChIJa989Gp26yDERhVcT4JoHni0?authuser=0&hl=en&rclk=1,0,Hospitality,Indonesia.Batam.Hotel.202408042041.db,places,null_required_column
6014,THE SERAYA HOTEL,3.9,194,0,,,"Lot 36 & 38, Jalan Pantai, Pusat Bandar Kota Kinabalu, 88000 Kota Kinabalu, Sabah, Malaysia",[object Object],+60 11-1663 6681,5.9841349,116.0762468,https://www.google.com/maps/place/THE+SERAYA+HOTEL/data=!4m10!3m9!1s0x323b694fb4f5ae33:0x99a5b6f70811d278!5m2!4m1!1i2!8m2!3d5.9841349!4d116.0762468!16s%2Fg%2F11kdg5fl63!19sChIJM671tE9pOzIReNIRCPe2pZk?authuser=0&hl=en&rclk=1,0,Hospitality,Indonesia.Batam.Hotel.202408042041.db,places,null_required_column
6022,Pacific Palace Hotel (Hotel Pacific Palace),4.5,5341,0,,,"Waterfront City, Tanjung Riau, Sekupang, Batam City, Riau Islands 29422, Indonesia",[object Object],+62 778 381333,1.1514411,104.0009001,https://www.google.com/maps/place/Pacific+Palace+Hotel/data=!4m10!3m9!1s0x31d98e3fffffffff:0x1f5001b813e21153!5m2!4m1!1i2!8m2!3d1.1514411!4d104.0009001!16s%2Fg%2F11hcdz41_g!19sChIJ_____z-O2TERUxHiE7gBUB8?authuser=0&hl=en&rclk=1,0,Hospitality,Indonesia.Batam.Hotel.202408042041.db,places,null_required_column
6032,Batam Marriott Hotel Harbour Bay,4.8,1175,0,,,"4X7F+2R Elhana Clinic, Patam Lestari, Kec. Sekupang, Kota Batam, Kepulauan Riau 29424, Indonesia",[object Object],+62 21 80629666,1.154325,103.9969279,https://www.google.com/maps/place/Batam+Marriott+Hotel+Harbour+Bay/data=!4m10!3m9!1s0x31d98b0644b4c65f:0xd14481401ad51e09!5m2!4m1!1i2!8m2!3d1.154325!4d103.9969279!16s%2Fg%2F11jf0ftnqb!19sChIJX8a0RAaL2TERCR7VGkCBRNE?authuser=0&hl=en&rclk=1,0,Hospitality,Indonesia.Batam.Hotel.202408042041.db,places,null_required_column
6034,OS Style Hotel Batam (Managed by Orange Sky),4.3,628,0,,,"Putri Hijau Complex, Jalan Letjen R. Suprapto, Sungai Langkai, Kec. Sagulung, Kota Batam, Kepulauan Riau 29425, Indonesia",[object Object],+62 813-6521-2020,1.040098,103.9767456,https://www.google.com/maps/place/OS+Style+Hotel+Batam+%28Managed+by+Orange+Sky%29/data=!4m10!3m9!1s0x31d98d9146d584eb:0x97f87c9f328528c6!5m2!4m1!1i2!8m2!3d1.040098!4d103.9767456!16s%2Fg%2F11fhzrm_03!19sChIJ64TVRpGN2TERxiiFMp98-Jc?authuser=0&hl=en&rclk=1,0,Hospitality,Indonesia.Batam.Hotel.202408042041.db,places,null_required_column
6037,Hotel Aviari,4.1,7,0,,,"Ruko Mitra Mall Blok G1 No 03, Bukit Tempayan, Kec. Batu Aji, Kota Batam, Kepulauan Riau 29425, Indonesia",[object Object],,1.0515682,103.9671159,https://www.google.com/maps/place/Hotel+Aviari/data=!4m10!3m9!1s0x31d98d0018a6e96d:0x1fada5729381bd31!5m2!4m1!1i2!8m2!3d1.0515682!4d103.9671159!16s%2Fg%2F11lddp7n3t!19sChIJbemmGACN2TERMb2Bk3KlrR8?authuser=0&hl=en&rclk=1,0,Hospitality,Indonesia.Batam.Hotel.202408042041.db,places,null_required_column
6038,Hotel Venia Batam,4.0,357,0,,,"2XVF+HPJ, Langkai River, Sagulung, Batam City, Riau Islands 29425, Indonesia",[object Object],+62 778 7432641,1.0439699,103.9742761,"https://www.google.com/maps/place/Hotel+Venia+Batam/@1.0439699,103.9742761,17z/data=!3m1!4b1!4m9!3m8!1s0x31d98d9f39603dff:0xaaf58512afe640b6!5m2!4m1!1i2!8m2!3d1.0439699!4d103.9742761!16s%2Fg%2F11dxdyghzj?authuser=0&hl=en&entry=ttu&g_ep=EgoyMDI0MDgyOC4wIKXMDSoASAFQAw%3D%3D",0,Hospitality,Indonesia.Batam.Hotel.202408042041.db,places,null_required_column
6044,Holiday Inn Resort Batam  an IHG Hotel,4.4,1404,0,,,"Waterfront City, Tanjung Riau, Sekupang, Batam City, Riau Islands 29422, Indonesia",[object Object],+62 778 381333,1.0748326,103.9328845,"https://www.google.com/maps/place/Holiday+Inn+Resort+Batam,+an+IHG+Hotel/data=!4m10!3m9!1s0x31d98c94cc2bf91b:0x4aff74535b0bd448!5m2!4m1!1i2!8m2!3d1.0748326!4d103.9328845!16s%2Fg%2F1hc3j68fl!19sChIJG_krzJSM2TERSNQLW1N0_0o?authuser=0&hl=en&rclk=1",0,Hospitality,Indonesia.Batam.Hotel.202408042041.db,places,null_required_column
6046,RedDoorz Plus   Komplek ABC Batu Aji,1.0,1,0,,,"Jl. Letjend Suprapto Ruko ABC, Blk. A, Kec. Batu Aji, Kota Batam, Kepulauan Riau 29425, Indonesia",[object Object],+62 21 80629666,1.0459229,103.9575178,https://www.google.com/maps/place/RedDoorz+Plus+@+Komplek+ABC+Batu+Aji/data=!4m10!3m9!1s0x31d98d80e466020d:0xfce51842d0def360!5m2!4m1!1i2!8m2!3d1.0459229!4d103.9575178!16s%2Fg%2F11kc2fbkvr!19sChIJDQJm5ICN2TERYPPe0EIY5fw?authuser=0&hl=en&rclk=1,0,Hospitality,Indonesia.Batam.Hotel.202408042041.db,places,null_required_column
6047,John LeBron House & Homestay,3.6,8,0,,,"100, Sebelah UNRIKA) UNRIKA, Jl. Pahlawan No.100, Bukit Tempayan, Kec. Batu Aji, Kota Batam, Kepulauan Riau 29425, Indonesia",[object Object],+62 21 29706666,1.0477226,103.9682725,https://www.google.com/maps/place/John+LeBron+House+%26+Homestay/data=!4m10!3m9!1s0x31d98d29f577a991:0x7d7b8f9aa52a8304!5m2!4m1!1i2!8m2!3d1.0477226!4d103.9682725!16s%2Fg%2F11s7lq61c7!19sChIJkal39SmN2TERBIMqpZqPe30?authuser=0&hl=en&rclk=1,0,Hospitality,Indonesia.Batam.Hotel.202408042041.db,places,null_required_column
6048,Link Hotel Batu Aji Batam,4.0,340,0,,,"Komplek Pertokoan Limanda, Jl. R. Suprapto No.6 - 8 Blok D, Buliang, Kec. Batu Aji, Kota Batam, Kepulauan Riau 29424, Indonesia",[object Object],+62 778 391668,1.0458619,103.9702682,https://www.google.com/maps/place/Link+Hotel+Batu+Aji+Batam/data=!4m10!3m9!1s0x31d98da282b4a071:0x32722846ba428dd2!5m2!4m1!1i2!8m2!3d1.0458619!4d103.9702682!16s%2Fg%2F11bc73fqxb!19sChIJcaC0gqKN2TER0o1CukYocjI?authuser=0&hl=en&rclk=1,0,Hospitality,Indonesia.Batam.Hotel.202408042041.db,places,null_required_column
6051,JOHN LeBRON COFFEE & CARWASH,4.2,114,0,,,"Jl. Pahlawan No.100, RW.1, Bukit Tempayan, Kec. Batu Aji, Kota Batam, Kepulauan Riau 29425, Indonesia",[object Object],+62 813-4615-7262,1.0476249,103.9682735,https://www.google.com/maps/place/JOHN+LeBRON+COFFEE+%26+CARWASH/data=!4m10!3m9!1s0x31d98da237bbb327:0x440f130ec84bc289!5m2!4m1!1i2!8m2!3d1.0476249!4d103.9682735!16s%2Fg%2F1jkydzgwc!19sChIJJ7O7N6KN2TERicJLyA4TD0Q?authuser=0&hl=en&rclk=1,0,Hospitality,Indonesia.Batam.Hotel.202408042041.db,places,null_required_column
6052,HARRIS Resort Barelang Batam,4.5,3961,0,,,"Tembesi, Sagulung, Batam City, Riau Islands 29439, Indonesia",[object Object],+62 778 4091111,0.9824913,104.0340701,"https://www.google.com/maps/place/HARRIS+Resort+Barelang+Batam/@0.9824913,104.0340701,17z/data=!3m1!4b1!4m9!3m8!1s0x31d9910dbe301e8b:0xfee899561492f25c!5m2!4m1!1i2!8m2!3d0.9824913!4d104.0340701!16s%2Fg%2F11dzw803f9?authuser=0&hl=en&entry=ttu&g_ep=EgoyMDI0MDgyOC4wIKXMDSoASAFQAw%3D%3D",0,Hospitality,Indonesia.Batam.Hotel.202408042041.db,places,null_required_column
6053,RedDoorz   Batu Aji 2,3.9,10,0,,,"Jl. R Soeprapto Blk. F No.5, 6, Pertokoan, Kec. Batu Aji, Kota Batam, Kepulauan Riau 29472, Indonesia",[object Object],+62 21 80629666,1.02794,103.9753915,https://www.google.com/maps/place/RedDoorz+@+Batu+Aji+2/data=!4m10!3m9!1s0x31d98dea19727245:0xad6e5eec6e4392c2!5m2!4m1!1i2!8m2!3d1.02794!4d103.9753915!16s%2Fg%2F11fk8zc8zx!19sChIJRXJyGeqN2TERwpJDbuxebq0?authuser=0&hl=en&rclk=1,0,Hospitality,Indonesia.Batam.Hotel.202408042041.db,places,null_required_column
6054,ESKA Hotel,4.4,1698,0,,,"Kompleks Ruko Kepri Mall. 27/34, Sukajadi, Kec. Batam Kota, Kota Batam, Kepulauan Riau 29444, Indonesia",[object Object],+62 778 7431516,1.1012665,104.0359878,https://www.google.com/maps/place/ESKA+Hotel/data=!4m10!3m9!1s0x31d98934cbe8c48d:0x908f180c295b2465!5m2!4m1!1i2!8m2!3d1.1012665!4d104.0359878!16s%2Fg%2F11bw2k7f33!19sChIJjcToyzSJ2TERZSRbKQwYj5A?authuser=0&hl=en&rclk=1,0,Hospitality,Indonesia.Batam.Hotel.202408042041.db,places,null_required_column
6055,Urbanview Trans Hotel Batam,3.8,4,0,,,"Komplek ruko limanda, Jl. Letjen Soeprapto No.3B, Buliang, Kec. Batu Aji, Kota Batam, Kepulauan Riau 29438, Indonesia",[object Object],+62 21 80629666,1.0458135,103.9703996,https://www.google.com/maps/place/Urbanview+Trans+Hotel+Batam/data=!4m10!3m9!1s0x31d98d082bde9cd9:0xf9c77ff43025dac9!5m2!4m1!1i2!8m2!3d1.0458135!4d103.9703996!16s%2Fg%2F11vf5m46d7!19sChIJ2ZzeKwiN2TERydolMPR_x_k?authuser=0&hl=en&rclk=1,0,Hospitality,Indonesia.Batam.Hotel.202408042041.db,places,null_required_column
6056,Urbanview Hotel R House Batuaji,5.0,4,0,,,"Blk. A2, Ruko, Jl. Perumahan Villa Muka Kuning Jl. Letjend Suprapto No.10, Tembesi, Kec. Batu Aji, Kota Batam, Kepulauan Riau 29434, Indonesia",[object Object],+62 21 80629666,1.0410552,103.990538,https://www.google.com/maps/place/Urbanview+Hotel+R+House+Batuaji/data=!4m10!3m9!1s0x31d98db202c391a9:0xf0cc36e720a86b88!5m2!4m1!1i2!8m2!3d1.0410552!4d103.990538!16s%2Fg%2F11y42_hhcq!19sChIJqZHDArKN2TERiGuoIOc2zPA?authuser=0&hl=en&rclk=1,0,Hospitality,Indonesia.Batam.Hotel.202408042041.db,places,null_required_column
6058,OYO Life 2911 Merpati Kost,5.0,1,0,,,"Blk. C, Sagulung Kota, Kec. Sagulung, Kota Batam, Kepulauan Riau 29425, Indonesia",[object Object],+62 21 29707601,1.0460586,103.9471372,https://www.google.com/maps/place/OYO+Life+2911+Merpati+Kost/data=!4m10!3m9!1s0x31d98d89b0e9cf6f:0xcb33bf83ac1f71b7!5m2!4m1!1i2!8m2!3d1.0460586!4d103.9471372!16s%2Fg%2F11j2f__xy2!19sChIJb8_psImN2TERt3EfrIO_M8s?authuser=0&hl=en&rclk=1,0,Hospitality,Indonesia.Batam.Hotel.202408042041.db,places,null_required_column
6059,Wyndham Panbil Batam,4.6,4702,0,,,"Jl. Ahmad Yani, Muka Kuning, Kec. Sei Beduk, Kota Batam, Kepulauan Riau 29433, Indonesia",[object Object],+62 778 371888,1.082147,104.0296209,https://www.google.com/maps/place/Wyndham+Panbil+Batam/data=!4m10!3m9!1s0x31d98e9551239d61:0x4a3b06667029536f!5m2!4m1!1i2!8m2!3d1.082147!4d104.0296209!16s%2Fg%2F11c2nm7tzn!19sChIJYZ0jUZWO2TERb1MpcGYGO0o?authuser=0&hl=en&rclk=1,0,Hospitality,Indonesia.Batam.Hotel.202408042041.db,places,null_required_column
6061,Hotel Prima,4.2,45,0,,,"Jl. Taman Carina Jl. Brigjen Katamso No.4, Tj. Uncang, Kec. Batu Aji, Kota Batam, Kepulauan Riau 29425, Indonesia",[object Object],,1.0491987,103.94371,https://www.google.com/maps/place/Hotel+Prima/data=!4m10!3m9!1s0x31d98d333d42281f:0xf7a3d0b0b19ce333!5m2!4m1!1i2!8m2!3d1.0491987!4d103.94371!16s%2Fg%2F11qgl9brmd!19sChIJHyhCPTON2TERM-OcsbDQo_c?authuser=0&hl=en&rclk=1,0,Hospitality,Indonesia.Batam.Hotel.202408042041.db,places,null_required_column
6062,,0.0,0,0,,,"Sebelah UNRIKA) UNRIKA, 100, Jl. Pahlawan No.100, Bukit Tempayan, Kec. Batu Aji, Kota Batam, Kepulauan Riau 29425, Indonesia",[object Object],+62 21 80629666,,,"https://www.google.com/maps/place/RedDoorz+near+Universitas+Riau+Kepulauan/@1.0477212,103.9682719,17z/data=!3m1!4b1!4m9!3m8!1s0x31d98de45d1c35e3:0xba1dd6c842e45068!5m2!4m1!1i2!8m2!3d1.0477212!4d103.9682719!16s%2Fg%2F11y5v_v055?authuser=0&hl=en&entry=ttu&g_ep=EgoyMDI0MDgyOC4wIKXMDSoASAFQAw%3D%3D",0,Hospitality,Indonesia.Batam.Hotel.202408042041.db,places,null_required_column
6066,Panbil Residence Serviced Apartment (Apartment Panbil Residence),3.9,80,0,,,"Panbil Residence Building, Jl. Ahmad Yani, Muka Kuning, Kec. Sei Beduk, Kota Batam, Kepulauan Riau 29433, Indonesia",[object Object],+62 778 4808888,1.0821523,104.0294667,https://www.google.com/maps/place/Panbil+Residence+Serviced+Apartment/data=!4m10!3m9!1s0x31d98e946d3d852b:0x65a2b92638025c84!5m2!4m1!1i2!8m2!3d1.0821523!4d104.0294667!16s%2Fg%2F11f085crvt!19sChIJK4U9bZSO2TERhFwCOCa5omU?authuser=0&hl=en&rclk=1,0,Hospitality,Indonesia.Batam.Hotel.202408042041.db,places,null_required_column
6067,Oakwood Hotel & Apartments Grand Batam,4.9,79,0,,,"Batu Selicin, Lubuk Baja, Batam City, Riau Islands, Indonesia",[object Object],+62 778 5518889,1.1353859,104.0069997,https://www.google.com/maps/place/Oakwood+Hotel+%26+Apartments+Grand+Batam/data=!4m10!3m9!1s0x31d9890019bb5f9f:0xf5689488ba229dc6!5m2!4m1!1i2!8m2!3d1.1353859!4d104.0069997!16s%2Fg%2F11vwpl0z5z!19sChIJn1-7GQCJ2TERxp0iuoiUaPU?authuser=0&hl=en&rclk=1,0,Hospitality,Indonesia.Batam.Hotel.202408042041.db,places,null_required_column
6068,ARTOTEL Batam,4.8,1112,0,,,"Komplek Penuin Centre, Jl. Pembangunan No.1 Blok H, Batu Selicin, Kec. Lubuk Baja, Kota Batam, Kepulauan Riau 29444, Indonesia",[object Object],+62 778 4889888,1.1361637,104.0083936,https://www.google.com/maps/place/ARTOTEL+Batam/data=!4m10!3m9!1s0x31d989e05cb2b0d3:0x5a871740e99565f1!5m2!4m1!1i2!8m2!3d1.1361637!4d104.0083936!16s%2Fg%2F11fpkgvz7c!19sChIJ07CyXOCJ2TER8WWV6UAXh1o?authuser=0&hl=en&rclk=1,0,Hospitality,Indonesia.Batam.Hotel.202408042041.db,places,null_required_column
6071,Hotel harmoni one,4.5,2,0,,,"Jl. Engku Putri, Tlk. Tering, Kec. Batam Kota, Kota Batam, Kepulauan Riau, Indonesia",[object Object],,1.1305331,104.0472154,https://www.google.com/maps/place/Hotel+harmoni+one/data=!4m10!3m9!1s0x31d9890075c2e171:0x5ff683674e4cba6f!5m2!4m1!1i2!8m2!3d1.1305331!4d104.0472154!16s%2Fg%2F11vy114mc5!19sChIJceHCdQCJ2TERb7pMTmeD9l8?authuser=0&hl=en&rclk=1,0,Hospitality,Indonesia.Batam.Hotel.202408042041.db,places,null_required_column
6077,Manuka by Havis,4.5,80,0,,,"Ruko Sinar Penuin Lestari Blok G No.4, Batam Island, Kepulauan Riau 29444, Indonesia",[object Object],+62 812-7988-2022,1.1328963,104.0120917,https://www.google.com/maps/place/Manuka+by+Havis/data=!4m10!3m9!1s0x31d989e2e402ca2b:0x1409059dde48700c!5m2!4m1!1i2!8m2!3d1.1328963!4d104.0120917!16s%2Fg%2F11t7bt8j1n!19sChIJK8oC5OKJ2TERDHBI3p0FCRQ?authuser=0&hl=en&rclk=1,0,Hospitality,Indonesia.Batam.Hotel.202408042041.db,places,null_required_column
6079,HARRIS Hotel Batam Centre,4.4,3912,0,,,"Jl. Engku Putri, Tlk. Tering, Kec. Batam Kota, Kota Batam, Kepulauan Riau 29461, Indonesia",[object Object],+62 778 7498888,1.1305849,104.0541575,https://www.google.com/maps/place/HARRIS+Hotel+Batam+Centre/data=!4m10!3m9!1s0x31d98cc01af97a0b:0x7d88a43077170b7b!5m2!4m1!1i2!8m2!3d1.1305849!4d104.0541575!16s%2Fg%2F11xk1dnv5!19sChIJC3r5GsCM2TERewsXdzCkiH0?authuser=0&hl=en&rclk=1,0,Hospitality,Indonesia.Batam.Hotel.202408042041.db,places,null_required_column
6081,M - One Hotel Harbour Bay,4.2,626,0,,,"Harbour Bay Downtown, Jl. Duyung, Sungai Jodoh, Kec. Batu Ampar, Kota Batam, Kepulauan Riau 29453, Indonesia",[object Object],+62 778 7415151,1.1540677,103.9991328,https://www.google.com/maps/place/M+-+One+Hotel+Harbour+Bay/data=!4m10!3m9!1s0x31d98a2397b58bd7:0x1d677c98792a4b0d!5m2!4m1!1i2!8m2!3d1.1540677!4d103.9991328!16s%2Fg%2F11btx10wk7!19sChIJ14u1lyOK2TERDUsqeZh8Zx0?authuser=0&hl=en&rclk=1,0,Hospitality,Indonesia.Batam.Hotel.202408042041.db,places,null_required_column
6083,Redlink Hotel,4.0,747,0,,,"Blok A Pertokoan, Jl. Mitra Raya No.16 - 20, Tlk. Tering, Kec. Batam Kota, Kota Batam, Kepulauan Riau 29444, Indonesia",[object Object],+62 778 4804551,1.1195384,104.043262,https://www.google.com/maps/place/Redlink+Hotel/data=!4m10!3m9!1s0x31d98922bcf0bc5f:0xde1ecacb5dc829c5!5m2!4m1!1i2!8m2!3d1.1195384!4d104.043262!16s%2Fg%2F11b7fxfq69!19sChIJX7zwvCKJ2TERxSnIXcvKHt4?authuser=0&hl=en&rclk=1,0,Hospitality,Indonesia.Batam.Hotel.202408042041.db,places,null_required_column
6084,Danka Taman Golf Residence,4.6,14,0,,,"Jl. Taman Golf Residence 2 No.15 Blok S1, Sukajadi, Kec. Batam Kota, Kota Batam, Kepulauan Riau 29444, Indonesia",[object Object],+62 812-6888-1701,1.0897565,104.032855,"https://www.google.com/maps/place/Danka@Taman+Golf+Residence/@1.0897565,104.032855,17z/data=!3m1!4b1!4m9!3m8!1s0x31d98f83e8797fbb:0x114b95d8f0b35b!5m2!4m1!1i2!8m2!3d1.0897565!4d104.032855!16s%2Fg%2F11gmyjlx5w?authuser=0&hl=en&entry=ttu&g_ep=EgoyMDI0MDgyOC4wIKXMDSoASAFQAw%3D%3D",0,Hospitality,Indonesia.Batam.Hotel.202408042041.db,places,null_required_column
6085,Selesa Hotel,4.0,77,0,,,"Jl. Pelita VI No.1, Kp. Pelita, Kec. Lubuk Baja, Kota Batam, Kepulauan Riau 29432, Indonesia",[object Object],+62 896-2311-5017,1.1415689,104.0213456,https://www.google.com/maps/place/Selesa+Hotel/data=!4m10!3m9!1s0x31d9899d1be05f33:0x7dcd14c0420827d!5m2!4m1!1i2!8m2!3d1.1415689!4d104.0213456!16s%2Fg%2F11gnp0zl16!19sChIJM1_gG52J2TERfYIgBEzR3Ac?authuser=0&hl=en&rclk=1,0,Hospitality,Indonesia.Batam.Hotel.202408042041.db,places,null_required_column
6087,Hotel ZIA Boutique - Batam,4.2,861,0,,,"Komplek Inti, Jl. Laksamana Bintan No.109, Sungai Panas, Kec. Batam Kota, Kota Batam, Kepulauan Riau 29433, Indonesia",[object Object],+62 778 8099888,1.1334737,104.0285737,https://www.google.com/maps/place/Hotel+ZIA+Boutique+-+Batam/data=!4m10!3m9!1s0x31d9897368b6ce65:0x7db9628bdb44c890!5m2!4m1!1i2!8m2!3d1.1334737!4d104.0285737!16s%2Fg%2F11b631gksh!19sChIJZc62aHOJ2TERkMhE24tiuX0?authuser=0&hl=en&rclk=1,0,Hospitality,Indonesia.Batam.Hotel.202408042041.db,places,null_required_column
6088,The Centro Hotel & Residence by Orchardz Batam,3.9,307,0,,,"Jl. Central Raya No.08, Sukajadi, Kec. Batam Kota, Kota Batam, Kepulauan Riau 29432, Indonesia",[object Object],+62 778 7367599,1.1011068,104.0335153,https://www.google.com/maps/place/The+Centro+Hotel+%26+Residence+by+Orchardz+Batam/data=!4m10!3m9!1s0x31d9893538f6edbb:0x1e637afbadef6170!5m2!4m1!1i2!8m2!3d1.1011068!4d104.0335153!16s%2Fg%2F11b7rxnxqd!19sChIJu-32ODWJ2TERcGHvrft6Yx4?authuser=0&hl=en&rclk=1,0,Hospitality,Indonesia.Batam.Hotel.202408042041.db,places,null_required_column
6089,The BCC Hotel & Residence,4.0,2071,0,,,"42M5+GGF, Jl. Bunga Mawar Baloi Kusuma, Batam City, Batam Island 29432, Indonesia",[object Object],+62 778 421666,1.133802,104.0088075,https://www.google.com/maps/place/The+BCC+Hotel+%26+Residence/data=!4m10!3m9!1s0x31d989a10a2b9c97:0x70910300a8b78994!5m2!4m1!1i2!8m2!3d1.133802!4d104.0088075!16s%2Fg%2F11ftm66092!19sChIJl5wrCqGJ2TERlIm3qAADkXA?authuser=0&hl=en&rclk=1,0,Hospitality,Indonesia.Batam.Hotel.202408042041.db,places,null_required_column
6093,Hotel grand batam,4.8,4,0,,,"Jl. Pembangunan No.5, Batu Selicin, Kec. Lubuk Baja, Kota Batam, Kepulauan Riau 29444, Indonesia",[object Object],,1.1352411,104.0069106,https://www.google.com/maps/place/Hotel+grand+batam/data=!4m10!3m9!1s0x31d98ba95840a4b5:0xe9a4a3ded335e5df!5m2!4m1!1i2!8m2!3d1.1352411!4d104.0069106!16s%2Fg%2F11j8tpnwg8!19sChIJtaRAWKmL2TER3-U1096jpOk?authuser=0&hl=en&rclk=1,0,Hospitality,Indonesia.Batam.Hotel.202408042041.db,places,null_required_column
6094,Sahid Batam Center Hotel & Convention,4.3,3208,0,,,"Blk. C, Komplek Raffles City, Batam Centre, Jl. Raja H. Fisabilillah Blok. E, Tlk. Tering, Kec. Batam Kota, Kota Batam, Kepulauan Riau 29444, Indonesia",[object Object],+62 778 7483336,1.133203,104.040194,https://www.google.com/maps/place/Sahid+Batam+Center+Hotel+%26+Convention/data=!4m10!3m9!1s0x31d9890f39b8dcf3:0xc26b90737950275c!5m2!4m1!1i2!8m2!3d1.133203!4d104.040194!16s%2Fg%2F11cfbwxht!19sChIJ89y4OQ-J2TERXCdQeXOQa8I?authuser=0&hl=en&rclk=1,0,Hospitality,Indonesia.Batam.Hotel.202408042041.db,places,null_required_column
6097,One Residence  11ai,4.1,7,0,,,"Jl. Engku Putri Utara No.1, Tlk. Tering, Kec. Batam Kota, Kota Batam, Kepulauan Riau 29424, Indonesia",[object Object],+62 812-7737-1313,1.130837,104.054239,https://www.google.com/maps/place/One+Residence+%2311ai/data=!4m10!3m9!1s0x31d989004948f56b:0x3a633005c8fa64a3!5m2!4m1!1i2!8m2!3d1.130837!4d104.054239!16s%2Fg%2F11vrm9l6yr!19sChIJa_VISQCJ2TERo2T6yAUwYzo?authuser=0&hl=en&rclk=1,0,Hospitality,Indonesia.Batam.Hotel.202408042041.db,places,null_required_column
6098,Lovina Inn Hotel Batam,4.0,986,0,,,"Komplek Anugrah Batam Centre, Jl. Raja H. Fisabilillah No.1, Tlk. Tering, Kec. Batam Kota, Kota Batam, Kepulauan Riau 29432, Indonesia",[object Object],+62 811-7788-720,1.1340394,104.0426022,https://www.google.com/maps/place/Lovina+Inn+Hotel+Batam/data=!4m10!3m9!1s0x31d9890607b94191:0x1e35c4047505f9c9!5m2!4m1!1i2!8m2!3d1.1340394!4d104.0426022!16s%2Fg%2F11byhk69dg!19sChIJkUG5BwaJ2TERyfkFdQTENR4?authuser=0&hl=en&rclk=1,0,Hospitality,Indonesia.Batam.Hotel.202408042041.db,places,null_required_column
6099,RedDoorz Plus Near Pantai Coastarina 2,3.8,77,0,,,"Komplek golden city, Blk. H No.3,4,5, Kota Batam, Kepulauan Riau 29453, Indonesia",[object Object],+62 21 80629666,1.1642779,104.0394531,https://www.google.com/maps/place/RedDoorz+Plus+Near+Pantai+Coastarina+2/data=!4m10!3m9!1s0x31d9899a435d848f:0xee60278d9dd5d3c6!5m2!4m1!1i2!8m2!3d1.1642779!4d104.0394531!16s%2Fg%2F11j032p2f7!19sChIJj4RdQ5qJ2TERxtPVnY0nYO4?authuser=0&hl=en&rclk=1,0,Hospitality,Indonesia.Batam.Hotel.202408042041.db,places,null_required_column
6100,De Best Hotel,4.3,410,0,,,"Komplek Penuin Center Blok OE No. 3-6, Batu Selicin, Kec. Lubuk Baja, Kota Batam, Kepulauan Riau 29444, Indonesia",[object Object],+62 778 430567,1.1331842,104.0115286,"https://www.google.com/maps/place/De+Best+Hotel/@1.1331842,104.0115286,17z/data=!3m1!4b1!4m9!3m8!1s0x31d9897c15f60ee5:0x1e159fac84e78885!5m2!4m1!1i2!8m2!3d1.1331842!4d104.0115286!16s%2Fg%2F11b6hhbvdr?authuser=0&hl=en&entry=ttu&g_ep=EgoyMDI0MDgyOC4wIKXMDSoASAFQAw%3D%3D",0,Hospitality,Indonesia.Batam.Hotel.202408042041.db,places,null_required_column
6101,Lovina Inn Penuin,4.0,729,0,,,"Blk. A, Jl. Komp. Penuin Centre No.1, Batu Selicin, Kec. Lubuk Baja, Kota Batam, Kepulauan Riau 29436, Indonesia",[object Object],+62 778 423212,1.1346263,104.0097453,https://www.google.com/maps/place/Lovina+Inn+Penuin/data=!4m10!3m9!1s0x31d98ebffdf55535:0xf0a1eefc9e37764e!5m2!4m1!1i2!8m2!3d1.1346263!4d104.0097453!16s%2Fg%2F11xxyzq4v!19sChIJNVX1_b-O2TERTnY3nvzuofA?authuser=0&hl=en&rclk=1,0,Hospitality,Indonesia.Batam.Hotel.202408042041.db,places,null_required_column
6102,GLORIS HOTEL (Hotel Gloris),4.0,455,0,,,"Komplek Nagoya City Centre, Jl. Komp. Business Centre, Lubuk Baja Kota, Kec. Lubuk Baja, Kota Batam, Kepulauan Riau 29445, Indonesia",[object Object],+62 878-8014-0520,1.1456669,104.0063934,https://www.google.com/maps/place/GLORIS+HOTEL/data=!4m10!3m9!1s0x31d98a29cc59460d:0xffdcef6f78197933!5m2!4m1!1i2!8m2!3d1.1456669!4d104.0063934!16s%2Fg%2F1hm1_17x_!19sChIJDUZZzCmK2TERM3kZeG_v3P8?authuser=0&hl=en&rclk=1,0,Hospitality,Indonesia.Batam.Hotel.202408042041.db,places,null_required_column
6104,SleepRest   Plamo Garden,4.3,323,0,,,"2 Plamo Garden, Blk. J Jl. Ahmad Yani No.3, Baloi Permai, Kec. Batam Kota, Kota Batam, Kepulauan Riau 29463, Indonesia",[object Object],+62 812-6792-2266,1.1038424,104.0431325,https://www.google.com/maps/place/SleepRest+@+Plamo+Garden/data=!4m10!3m9!1s0x31d9892d66410a8d:0x15ff566658bb7177!5m2!4m1!1i2!8m2!3d1.1038424!4d104.0431325!16s%2Fg%2F11b7x_x2vs!19sChIJjQpBZi2J2TERd3G7WGZW_xU?authuser=0&hl=en&rclk=1,0,Hospitality,Indonesia.Batam.Hotel.202408042041.db,places,null_required_column
6106,Casabella Penuin Batam,4.9,13,0,,,"42P6+G2, Jl. Komp. Penuin Centre Blok J 12 dan 12A, Batu Selicin, Kec. Lubuk Baja, Kota Batam, Kepulauan Riau 29432, Indonesia",[object Object],+62 811-7788-122,1.1362548,104.0100152,https://www.google.com/maps/place/Casabella+Penuin+Batam/data=!4m10!3m9!1s0x31d989ba8554012f:0x6077aa95f180be82!5m2!4m1!1i2!8m2!3d1.1362548!4d104.0100152!16s%2Fg%2F11vt478rnw!19sChIJLwFUhbqJ2TERgr6A8ZWqd2A?authuser=0&hl=en&rclk=1,0,Hospitality,Indonesia.Batam.Hotel.202408042041.db,places,null_required_column
6108,Manisee Syariah Homestay,4.1,82,0,,,"Jl. Tiban McDermott No.15-16 Blok U, Tiban Indah, Kec. Sekupang, Kota Batam, Kepulauan Riau 29424, Indonesia",[object Object],+62 812-7003-2007,1.1141928,103.9851955,https://www.google.com/maps/place/Manisee+Syariah+Homestay/data=!4m10!3m9!1s0x31d98becc2662fa3:0x62ffd93bcd8a7ae7!5m2!4m1!1i2!8m2!3d1.1141928!4d103.9851955!16s%2Fg%2F11c2p_p8f6!19sChIJoy9mwuyL2TER53qKzTvZ_2I?authuser=0&hl=en&rclk=1,0,Hospitality,Indonesia.Batam.Hotel.202408042041.db,places,null_required_column
6110,Sky View Hotel,4.1,754,0,,,"Komplek Palm Spring Business Trade Centre, Jl. Gajah Mada No.1 - 3, Taman Baloi, Kec. Batam Kota, Kota Batam, Kepulauan Riau 29432, Indonesia",[object Object],+62 778 469001,1.125475,104.0304071,https://www.google.com/maps/place/Sky+View+Hotel/data=!4m10!3m9!1s0x31d98910f745e459:0xc81d07a5b0e91f78!5m2!4m1!1i2!8m2!3d1.125475!4d104.0304071!16s%2Fg%2F1hc20xlxc!19sChIJWeRF9xCJ2TEReB_psKUHHcg?authuser=0&hl=en&rclk=1,0,Hospitality,Indonesia.Batam.Hotel.202408042041.db,places,null_required_column
6112,Hotel Fresh One,4.2,725,0,,,"Jalan Jendral Sudirman, Komplek Dermaga Sukajadi Blok RA No. 1-3 Batam Center Batam, Sukajadi, Kec. Batam Kota, Kota Batam, Kepulauan Riau 29432, Indonesia",[object Object],+62 778 7412727,1.1065577,104.0298082,https://www.google.com/maps/place/Hotel+Fresh+One/data=!4m10!3m9!1s0x31d98949f073b007:0x958f1faf54099d57!5m2!4m1!1i2!8m2!3d1.1065577!4d104.0298082!16s%2Fg%2F11bxfm5y2t!19sChIJB7Bz8EmJ2TERV50JVK8fj5U?authuser=0&hl=en&rclk=1,0,Hospitality,Indonesia.Batam.Hotel.202408042041.db,places,null_required_column
6113,Grand Sydney Hotel,4.3,150,0,,,"Jl. Raja H. Fisabilillah, Taman Baloi, Kec. Batam Kota, Kota Batam, Kepulauan Riau 29444, Indonesia",[object Object],+62 812-7618-4599,1.1284242,104.032327,https://www.google.com/maps/place/Grand+Sydney+Hotel/data=!4m10!3m9!1s0x31d989f897037b89:0xaf0b43ffe7a14ac0!5m2!4m1!1i2!8m2!3d1.1284242!4d104.032327!16s%2Fg%2F11p106_sw1!19sChIJiXsDl_iJ2TERwEqh5_9DC68?authuser=0&hl=en&rclk=1,0,Hospitality,Indonesia.Batam.Hotel.202408042041.db,places,null_required_column
6114,Queen Victoria Apartment Batam,4.3,215,0,,,"Jl. Imperium Superblok, Taman Baloi, Kec. Batam Kota, Kota Batam, Kepulauan Riau 29444, Indonesia",[object Object],+62 811-7757-630,1.1175698,104.0261071,https://www.google.com/maps/place/Queen+Victoria+Apartment+Batam/data=!4m10!3m9!1s0x31d9894173f366c1:0xdd9918fa4c2df56a!5m2!4m1!1i2!8m2!3d1.1175698!4d104.0261071!16s%2Fg%2F11b7q50nbh!19sChIJwWbzc0GJ2TERavUtTPoYmd0?authuser=0&hl=en&rclk=1,0,Hospitality,Indonesia.Batam.Hotel.202408042041.db,places,null_required_column
6115,RedDoorz Plus near Kepri Mall,3.8,334,0,,,"Komplek Ruko Taman Eden, Jl. Ahmad Yani, Taman Baloi, Kec. Batam Kota, Kota Batam, Kepulauan Riau 29432, Indonesia",[object Object],+62 21 80629666,1.106294,104.0395807,https://www.google.com/maps/place/RedDoorz+Plus+near+Kepri+Mall/data=!4m10!3m9!1s0x31d989322e981519:0xb673884ba7b731d3!5m2!4m1!1i2!8m2!3d1.106294!4d104.0395807!16s%2Fg%2F11f4l96_l3!19sChIJGRWYLjKJ2TER0zG3p0uIc7Y?authuser=0&hl=en&rclk=1,0,Hospitality,Indonesia.Batam.Hotel.202408042041.db,places,null_required_column
6116,Radisson Golf & Convention Center Batam,4.6,4255,0,,,"Jl. Sudirman, Sukajadi, Kec. Batam Kota, Kota Batam, Kepulauan Riau 29432, Indonesia",[object Object],+62 778 4800888,1.1033711,104.0317968,https://www.google.com/maps/place/Radisson+Golf+%26+Convention+Center+Batam/data=!4m10!3m9!1s0x31d9894affffffdf:0xbfbe3571fe562006!5m2!4m1!1i2!8m2!3d1.1033711!4d104.0317968!16s%2Fg%2F11bwkv_8c8!19sChIJ3____0qJ2TERBiBW_nE1vr8?authuser=0&hl=en&rclk=1,0,Hospitality,Indonesia.Batam.Hotel.202408042041.db,places,null_required_column
6118,Hapdesko Homestay Batam,4.7,92,0,,,"Townhouse, Jl. Anggrek Sari Jl. Alexandria No.59 Blok B1, Taman Baloi, Batam Center, Kota Batam, Kepulauan Riau 29444, Indonesia",[object Object],+62 813-6300-1231,1.1152713,104.0415312,https://www.google.com/maps/place/Hapdesko+Homestay+Batam/data=!4m10!3m9!1s0x31d98930054203a5:0x6597812cf7cff3d5!5m2!4m1!1i2!8m2!3d1.1152713!4d104.0415312!16s%2Fg%2F11sm6vmwdp!19sChIJpQNCBTCJ2TER1fPP9yyBl2U?authuser=0&hl=en&rclk=1,0,Hospitality,Indonesia.Batam.Hotel.202408042041.db,places,null_required_column
6120,Swiss-Belinn Baloi  Batam (Swiss-Belinn Hotel),4.6,2687,0,,,"komplek Villa Idaman Baloi, Jl. Pembangunan, Batu Selicin, Kec. Lubuk Baja, Kota Batam, Kepulauan Riau 29432, Indonesia",[object Object],+62 778 457500,1.1336155,104.0069915,"https://www.google.com/maps/place/Swiss-Belinn+Baloi,+Batam/data=!4m10!3m9!1s0x31da3c8c254ad11f:0xd703ac9d9b85ac28!5m2!4m1!1i2!8m2!3d1.1336155!4d104.0069915!16s%2Fg%2F1v9grzss!19sChIJH9FKJYw82jERKKyFm52sA9c?authuser=0&hl=en&rclk=1",0,Hospitality,Indonesia.Batam.Hotel.202408042041.db,places,null_required_column
6122,Woda Villa & Spa,4.2,728,0,,,"Jl. Bengkong Laut, Tj. Buntung, Kec. Bengkong, Kota Batam, Kepulauan Riau 29433, Indonesia",[object Object],+62 778 4088606,1.1615819,104.037294,https://www.google.com/maps/place/Woda+Villa+%26+Spa/data=!4m10!3m9!1s0x31d989bf8f6d2b5f:0x3ef26b0ee6858b52!5m2!4m1!1i2!8m2!3d1.1615819!4d104.037294!16s%2Fg%2F11f_p30kwc!19sChIJXyttj7-J2TERUouF5g5r8j4?authuser=0&hl=en&rclk=1,0,Hospitality,Indonesia.Batam.Hotel.202408042041.db,places,null_required_column
6124,ASTON INN,4.6,4447,0,,,"No.1 Blok AA, Jl. Komp. Penuin Centre, Batu Selicin, Kec. Lubuk Baja, Kota Batam, Kepulauan Riau 29444, Indonesia",[object Object],+62 778 430420,1.1347741,104.0104571,https://www.google.com/maps/place/ASTON+INN/data=!4m10!3m9!1s0x31d9897e7e16d1af:0x671d6c5a376fae89!5m2!4m1!1i2!8m2!3d1.1347741!4d104.0104571!16s%2Fg%2F1jkvx_rhw!19sChIJr9EWfn6J2TERia5vN1psHWc?authuser=0&hl=en&rclk=1,0,Hospitality,Indonesia.Batam.Hotel.202408042041.db,places,null_required_column
6125,Crown Vista Hotel Batam,4.4,1119,0,,,"Komplex Top View Garden, Baloi Indah, Lubuk Baja, Batam City, Riau Islands 29442, Indonesia",[object Object],+62 778 431888,1.119108,104.0135251,https://www.google.com/maps/place/Crown+Vista+Hotel+Batam/data=!4m10!3m9!1s0x31d98960c3a2074d:0x818d978c8fc0823!5m2!4m1!1i2!8m2!3d1.119108!4d104.0135251!16s%2Fg%2F1tgh0hg9!19sChIJTQeiw2CJ2TERIwj8yHjZGAg?authuser=0&hl=en&rclk=1,0,Hospitality,Indonesia.Batam.Hotel.202408042041.db,places,null_required_column
6126,Aston Batam Hotel & Residences,4.6,8428,0,,,"Jl. Sriwijaya No.1, Kp. Pelita, Kec. Lubuk Baja, Kota Batam, Kepulauan Riau 29444, Indonesia",[object Object],+62 778 4881888,1.1426613,104.0205929,https://www.google.com/maps/place/Aston+Batam+Hotel+%26+Residences/data=!4m10!3m9!1s0x31d9899c97752701:0x6b0258fe36656151!5m2!4m1!1i2!8m2!3d1.1426613!4d104.0205929!16s%2Fg%2F11cn94d1z3!19sChIJASd1l5yJ2TERUWFlNv5YAms?authuser=0&hl=en&rclk=1,0,Hospitality,Indonesia.Batam.Hotel.202408042041.db,places,null_required_column
6127,Graceland Inn Batam RedPartner,4.3,4,0,,,"Komplek Orchard, Jl. Laksamana Bintan No.9, Tlk. Tering, Batam Center, Kota Batam, Kepulauan Riau 29444, Indonesia",[object Object],+62 21 80629666,1.1212053,104.0343636,https://www.google.com/maps/place/Graceland+Inn+Batam+RedPartner/data=!4m10!3m9!1s0x31d9893d42a05f2b:0xd0be3f58b607607f!5m2!4m1!1i2!8m2!3d1.1212053!4d104.0343636!16s%2Fg%2F11l_fty3qs!19sChIJK1-gQj2J2TERf2AHtlg_vtA?authuser=0&hl=en&rclk=1,0,Hospitality,Indonesia.Batam.Hotel.202408042041.db,places,null_required_column
6128,Hotel Santika Batam,4.8,1428,0,,,"Jl. Engku Putri No.9, Tlk. Tering, Batam Center, Kota Batam, Kepulauan Riau 29464, Indonesia",[object Object],+62 778 4171777,1.1294471,104.05244,https://www.google.com/maps/place/Hotel+Santika+Batam/data=!4m10!3m9!1s0x31d9899b243f228f:0x63f0bb368303cf63!5m2!4m1!1i2!8m2!3d1.1294471!4d104.05244!16s%2Fg%2F11ry2xk_h7!19sChIJjyI_JJuJ2TERY88Dgza78GM?authuser=0&hl=en&rclk=1,0,Hospitality,Indonesia.Batam.Hotel.202408042041.db,places,null_required_column
6132,ONDOS HOTEL,4.0,172,0,,,"438V+R26, Commercial Area, Jl. Tengku Sulung, Jl. Taman Raya III Blk. C, Belian, Kec. Batam Kota, Kota Batam, Kepulauan Riau 29464, Indonesia",[object Object],+62 778 4166888,1.1170412,104.0925255,https://www.google.com/maps/place/ONDOS+HOTEL/data=!4m10!3m9!1s0x31d9899c8baf95cf:0x21a742903303bbf0!5m2!4m1!1i2!8m2!3d1.1170412!4d104.0925255!16s%2Fg%2F11kf46tym8!19sChIJz5Wvi5yJ2TER8LsDM5BCpyE?authuser=0&hl=en&rclk=1,0,Hospitality,Indonesia.Batam.Hotel.202408042041.db,places,null_required_column
6133,Hako Hotel Taman U,4.0,104,0,,,"21, JALAN SEJAHTERA 11 TAMAN DESA SKUDAI SKUDAI, 81300 Johor Bahru, Johor, Malaysia",[object Object],+60 12-296 8893,1.5362433,103.6361562,https://www.google.com/maps/place/Hako+Hotel+Taman+U/data=!4m10!3m9!1s0x31da75b76f166d07:0x4ec88dfbc75070a6!5m2!4m1!1i2!8m2!3d1.5362433!4d103.6361562!16s%2Fg%2F11s3zhw3_l!19sChIJB20Wb7d12jERpnBQx_uNyE4?authuser=0&hl=en&rclk=1,0,Hospitality,Indonesia.Batam.Hotel.202408042041.db,places,null_required_column
6134,T-Hotel Johor Bahru,3.0,407,0,,,"94, Jalan Wong Ah Fook, Bandar Johor Bahru, 80000 Johor Bahru, Johor, Malaysia",[object Object],+60 7-221 1972,1.4598584,103.7645299,"https://www.google.com/maps/place/T-Hotel+Johor+Bahru/@1.4598584,103.7645299,17z/data=!3m1!4b1!4m9!3m8!1s0x31da12dd30aa5a7b:0xefecce4844e26a31!5m2!4m1!1i2!8m2!3d1.4598584!4d103.7645299!16s%2Fg%2F12hp85q73?authuser=0&hl=en&entry=ttu&g_ep=EgoyMDI0MDgyOC4wIKXMDSoASAFQAw%3D%3D",0,Hospitality,Indonesia.Batam.Hotel.202408042041.db,places,null_required_column
6135,ID Hotel (Yayasan),4.1,402,0,,,"Jalan PKY 1, Pusat Komersial Yayasan, 85000 Segamat, Johor, Malaysia",[object Object],+60 7-931 5555,2.5470888,102.7935028,https://www.google.com/maps/place/ID+Hotel+%28Yayasan%29/data=!4m10!3m9!1s0x31ce2d5a7b95f9b9:0x2c952591fd047209!5m2!4m1!1i2!8m2!3d2.5470888!4d102.7935028!16s%2Fg%2F11clh09rxt!19sChIJufmVe1otzjERCXIE_ZEllSw?authuser=0&hl=en&rclk=1,0,Hospitality,Indonesia.Batam.Hotel.202408042041.db,places,null_required_column
6136,Swan Garden Hotel Seri Alam,3.6,386,0,,,"26, Jalan Suria 8, &, Jalan Suria 7, Bandar Seri Alam, 81750 Masai, Johor, Malaysia",[object Object],+60 7-255 2200,1.4945437,103.8746167,"https://www.google.com/maps/place/Swan+Garden+Hotel+Seri+Alam/@1.4945437,103.8746167,17z/data=!3m1!4b1!4m9!3m8!1s0x31da6ae75744bfff:0x3ffb54fb1963a403!5m2!4m1!1i2!8m2!3d1.4945437!4d103.8746167!16s%2Fg%2F1tslg7lh?authuser=0&hl=en&entry=ttu&g_ep=EgoyMDI0MDgyOC4wIKXMDSoASAFQAw%3D%3D",0,Hospitality,Indonesia.Batam.Hotel.202408042041.db,places,null_required_column
6138,Stella Hotel,4.0,412,0,,,"8, Jalan Utama 2, Taman D' Utama, 81200 Johor Bahru, Johor, Malaysia",[object Object],+60 10-233 5226,1.4709125,103.6855336,https://www.google.com/maps/place/Stella+Hotel/data=!4m10!3m9!1s0x31da0d290779ff85:0x6a44ff3ce3da51ff!5m2!4m1!1i2!8m2!3d1.4709125!4d103.6855336!16s%2Fg%2F11c57kcfj1!19sChIJhf95BykN2jER_1Ha4zz_RGo?authuser=0&hl=en&rclk=1,0,Hospitality,Indonesia.Batam.Hotel.202408042041.db,places,null_required_column
6140,Hotel Vistaria,3.6,326,0,,,"1 & 3, Jalan Austin Heights 3, Taman Mount Austin, 81100 Johor Bahru, Johor, Malaysia",[object Object],+60 7-359 7299,1.5594949,103.7808079,https://www.google.com/maps/place/Hotel+Vistaria/data=!4m10!3m9!1s0x31da6e842aa21fb1:0xe5fe1ad37657743b!5m2!4m1!1i2!8m2!3d1.5594949!4d103.7808079!16s%2Fg%2F1t_tgtwg!19sChIJsR-iKoRu2jERO3RXdtMa_uU?authuser=0&hl=en&rclk=1,0,Hospitality,Indonesia.Batam.Hotel.202408042041.db,places,null_required_column
6141,OYO 1037 I Style Jb (I Style Hotel),3.3,172,0,,,"70 & 72, Jalan Ros Merah 3/2, Taman Johor Jaya, 81100 Johor Bahru, Johor, Malaysia",[object Object],+60 10-401 1393,1.5348583,103.7975407,https://www.google.com/maps/place/OYO+1037+I+Style+Jb/data=!4m10!3m9!1s0x31da6c3fc3243c25:0x994f8acacb75d65f!5m2!4m1!1i2!8m2!3d1.5348583!4d103.7975407!16s%2Fg%2F11c3sqf9l1!19sChIJJTwkwz9s2jERX9Z1y8qKT5k?authuser=0&hl=en&rclk=1,0,Hospitality,Indonesia.Batam.Hotel.202408042041.db,places,null_required_column
6142,I Harmony Hotel,3.7,155,0,,,"17, Jalan Kebudayaan 2, Taman Universiti, 81300 Skudai, Johor, Malaysia",[object Object],+60 7-521 7969,1.5427932,103.6313228,"https://www.google.com/maps/place/I+Harmony+Hotel/@1.5427932,103.6313228,17z/data=!3m1!4b1!4m9!3m8!1s0x31da75f5e18e1a4f:0xe8d416a2cc4a8735!5m2!4m1!1i2!8m2!3d1.5427932!4d103.6313228!16s%2Fg%2F11h1jl8_zs?authuser=0&hl=en&entry=ttu&g_ep=EgoyMDI0MDgyOC4wIKXMDSoASAFQAw%3D%3D",0,Hospitality,Indonesia.Batam.Hotel.202408042041.db,places,null_required_column
6144,Rose Cottage Hotel,3.5,183,0,,,"No. 49 &, Jalan Daya 1 & Jln Sagu 17, Taman Daya, 81100 Johor Bahru, Johor, Malaysia",[object Object],+60 7-352 5144,1.5466112,103.7637281,https://www.google.com/maps/place/Rose+Cottage+Hotel/data=!4m10!3m9!1s0x31da6c1137332c5d:0x7d9795cf7a21f8f!5m2!4m1!1i2!8m2!3d1.5466112!4d103.7637281!16s%2Fg%2F1hc0zw3n0!19sChIJXSwzNxFs2jERjx-i91x52Qc?authuser=0&hl=en&rclk=1,0,Hospitality,Indonesia.Batam.Hotel.202408042041.db,places,null_required_column
6146,KTM Resort,4.4,3591,0,,,"Jalan Kolonel Soegiono, Tj. Pinggir, Kec. Sekupang, Kota Batam, Kepulauan Riau 29432, Indonesia",[object Object],+62 778 323700,1.1407933,103.9204839,https://www.google.com/maps/place/KTM+Resort/data=!4m10!3m9!1s0x31d98b256502828d:0xfffff27bd7cd62a3!5m2!4m1!1i2!8m2!3d1.1407933!4d103.9204839!16s%2Fg%2F1tj82c8j!19sChIJjYICZSWL2TERo2LN13vy__8?authuser=0&hl=en&rclk=1,0,Hospitality,Indonesia.Batam.Hotel.202408042041.db,places,null_required_column
6148,HARRIS Resort Waterfront Batam,4.4,3337,0,,,"Waterfront City, Jl.KH.Ahmad Dahlan No.1, Tj. Riau, Kec. Sekupang, Kota Batam, Kepulauan Riau 29422, Indonesia",[object Object],+62 778 381888,1.0822706,103.937175,https://www.google.com/maps/place/HARRIS+Resort+Waterfront+Batam/data=!4m10!3m9!1s0x31d98984eece412d:0xeecdf4c52413be32!5m2!4m1!1i2!8m2!3d1.0822706!4d103.937175!16s%2Fg%2F1hc1sp72r!19sChIJLUHO7oSJ2TERMr4TJMX0ze4?authuser=0&hl=en&rclk=1,0,Hospitality,Indonesia.Batam.Hotel.202408042041.db,places,null_required_column
6149,OS Hotel Tanjung Uncang Batam,4.5,125,0,,,"Ruko Taman Cipta Indah, Jl. Brigjen Katamso No.18 Blok AA No. 10, Tj. Uncang, Kec. Batu Aji, Kota Batam, Kepulauan Riau 29425, Indonesia",[object Object],+62 778 7361036,1.0587693,103.9191915,https://www.google.com/maps/place/OS+Hotel+Tanjung+Uncang+Batam/data=!4m10!3m9!1s0x31d98db6472aca25:0x30a1b0054606a078!5m2!4m1!1i2!8m2!3d1.0587693!4d103.9191915!16s%2Fg%2F11hdzhtxg4!19sChIJJcoqR7aN2TEReKAGRgWwoTA?authuser=0&hl=en&rclk=1,0,Hospitality,Indonesia.Batam.Hotel.202408042041.db,places,null_required_column
6150,Grand Eska Hotel & Suites Batam,4.4,344,0,,,"Jl. Prambanan No.1, Sungai Jodoh, Kec. Batu Ampar, Kota Batam, Kepulauan Riau 29444, Indonesia",[object Object],+62 811-6915-353,1.1530997,104.0080091,https://www.google.com/maps/place/Grand+Eska+Hotel+%26+Suites+Batam/data=!4m10!3m9!1s0x31d9892294873efb:0xcdee2fcb148cd80e!5m2!4m1!1i2!8m2!3d1.1530997!4d104.0080091!16s%2Fg%2F11hz19p7p6!19sChIJ-z6HlCKJ2TERDtiMFMsv7s0?authuser=0&hl=en&rclk=1,0,Hospitality,Indonesia.Batam.Hotel.202408042041.db,places,null_required_column
6152,SBS Resort,4.1,336,0,,,"Sembulang, Galang, Batam City, Riau Islands 29481, Indonesia",[object Object],+62 812-7059-879,0.7857741,104.1699829,https://www.google.com/maps/place/SBS+Resort/data=!4m10!3m9!1s0x31d9a41545c9e685:0x7c7d718a6a1a764c!5m2!4m1!1i2!8m2!3d0.7857741!4d104.1699829!16s%2Fg%2F11cjh_q30n!19sChIJhebJRRWk2TERTHYaaopxfXw?authuser=0&hl=en&rclk=1,0,Hospitality,Indonesia.Batam.Hotel.202408042041.db,places,null_required_column
6154,Queen Inn Batam  RedPartner,4.2,43,0,,,"Jalan Gajah Mada, Tiban Raya City Square, Kota Batam, Kepulauan Riau 29424, Indonesia",[object Object],+62 21 80629666,1.1078852,103.9671348,https://www.google.com/maps/place/Queen+Inn+Batam.+RedPartner/data=!4m10!3m9!1s0x31d98b7ba029f61b:0x8944fe94a8a49d96!5m2!4m1!1i2!8m2!3d1.1078852!4d103.9671348!16s%2Fg%2F11qp440f0y!19sChIJG_YpoHuL2TERlp2kqJT-RIk?authuser=0&hl=en&rclk=1,0,Hospitality,Indonesia.Batam.Hotel.202408042041.db,places,null_required_column
6156,Barelang Hotel,4.1,663,0,,,"Batam Plaza Blok E No 7-11, Nagoya, Sungai Jodoh, Kec. Batu Ampar, Kota Batam, Kepulauan Riau 29432, Indonesia",[object Object],+62 778 7711002,1.1491474,104.0085755,https://www.google.com/maps/place/Barelang+Hotel/data=!4m10!3m9!1s0x31d98988156cd63f:0xf168bdcc5cbef977!5m2!4m1!1i2!8m2!3d1.1491474!4d104.0085755!16s%2Fg%2F11c20brkkq!19sChIJP9ZsFYiJ2TERd_m-XMy9aPE?authuser=0&hl=en&rclk=1,0,Hospitality,Indonesia.Batam.Hotel.202408042041.db,places,null_required_column
6157,RedDoorz   Batu Aji Batam,4.1,109,0,,,"Komp. Ruko Taman Carina, Jl. Brigjen Katamso, Tj. Uncang, Kota Batam, Kepulauan Riau 29444, Indonesia",[object Object],+62 21 80629666,1.0492612,103.9438203,https://www.google.com/maps/place/RedDoorz+@+Batu+Aji+Batam/data=!4m10!3m9!1s0x31d98df37c119c53:0x6327261255e9540a!5m2!4m1!1i2!8m2!3d1.0492612!4d103.9438203!16s%2Fg%2F11gsltdfzb!19sChIJU5wRfPON2TERClTpVRImJ2M?authuser=0&hl=en&rclk=1,0,Hospitality,Indonesia.Batam.Hotel.202408042041.db,places,null_required_column
6158,Blitz Hotel Batam Near Sultan Mahmud Ri'ayat Shah Mosque,4.1,473,0,,,"Tunas Regency, Komplek Pertokoan Fanindo, Jl. Brigjen Katamso No.Km. 4 Blok A2, Sungai Binti, Kec. Sagulung, Kota Batam, Kepulauan Riau 29439, Indonesia",[object Object],+62 778 7361000,1.0490713,103.9337768,https://www.google.com/maps/place/Blitz+Hotel+Batam+Near+Sultan+Mahmud+Ri%27ayat+Shah+Mosque/data=!4m10!3m9!1s0x31d98d3eef63f5ad:0x95ad38557f0477a0!5m2!4m1!1i2!8m2!3d1.0490713!4d103.9337768!16s%2Fg%2F11bc7mkn_2!19sChIJrfVj7z6N2TERoHcEf1U4rZU?authuser=0&hl=en&rclk=1,0,Hospitality,Indonesia.Batam.Hotel.202408042041.db,places,null_required_column
6160,RedDoorz Plus Syariah   Tiban Centre Batam,3.0,2,0,,,"4X7F+2R Elhana Clinic, Patam Lestari, Kec. Sekupang, Kota Batam, Kepulauan Riau 29424, Indonesia",[object Object],+62 21 80629666,1.1125625,103.9745625,https://www.google.com/maps/place/RedDoorz+Plus+Syariah+@+Tiban+Centre+Batam/data=!4m10!3m9!1s0x31d98bbb96e5cbb5:0x45dd8ee46cf1d240!5m2!4m1!1i2!8m2!3d1.1125625!4d103.9745625!16s%2Fg%2F11vywrwsnc!19sChIJtcvllruL2TERQNLxbOSO3UU?authuser=0&hl=en&rclk=1,0,Hospitality,Indonesia.Batam.Hotel.202408042041.db,places,null_required_column
6162,Green Kost Tiban,3.7,10,0,,,"Komp Pasar Melayu, Jl. Letjend Suprapto, Bukit Tempayan, Kec. Batu Aji, Kota Batam, Kepulauan Riau 29425, Indonesia",[object Object],+62 21 80629666,1.1135223,103.9793343,https://www.google.com/maps/place/Green+Kost+Tiban/data=!4m10!3m9!1s0x31d98b1441bd8ecd:0x51fb3232a337a212!5m2!4m1!1i2!8m2!3d1.1135223!4d103.9793343!16s%2Fg%2F11r10y3gwd!19sChIJzY69QRSL2TEREqI3ozIy-1E?authuser=0&hl=en&rclk=1,0,Hospitality,Indonesia.Batam.Hotel.202408042041.db,places,null_required_column
6163,,0.0,0,0,,,"Komplek Tanjung Pantun, 2, Batam City, Riau Islands 29400, Indonesia",[object Object],+62 817-788-016,,,https://www.google.com/maps/place/SPOT+ON+93776+Intan+Homestay/data=!4m10!3m9!1s0x31d98a2797804d0b:0xd17d4bc2fc9209cc!5m2!4m1!1i2!8m2!3d1.149874!4d104.005957!16s%2Fg%2F11vygf6mlm!19sChIJC02AlyeK2TERzAmS_MJLfdE?authuser=0&hl=en&rclk=1,0,Hospitality,Indonesia.Batam.Hotel.202408042041.db,places,null_required_column
6164,Capital O 93076 Batam Backpacker Guesthouse 2,4.1,14,0,,,"15-16, Ruko Sarkenji Blok C 2 15 -16, Batu Aji, Batam Kepulauan Riau 29425, Kota Batam, Kepulauan Riau 29439, Indonesia",[object Object],+62 21 29707601,1.0549598,103.9704228,https://www.google.com/maps/place/Capital+O+93076+Batam+Backpacker+Guesthouse+2/data=!4m10!3m9!1s0x31d98dca2b7fd6d9:0x9a75f467ce17615a!5m2!4m1!1i2!8m2!3d1.0549598!4d103.9704228!16s%2Fg%2F11l2d9llxd!19sChIJ2dZ_K8qN2TERWmEXzmf0dZo?authuser=0&hl=en&rclk=1,0,Hospitality,Indonesia.Batam.Hotel.202408042041.db,places,null_required_column
6166,RedDoorz   Pasar Melayu Sagulung Batam (Pondok Wisata Penginapan),4.0,36,0,,,"2, Jodoh River, Batam City, Riau Islands 29400, Indonesia",[object Object],+62 21 29707601,1.047128,103.956959,https://www.google.com/maps/place/RedDoorz+@+Pasar+Melayu+Sagulung+Batam/data=!4m10!3m9!1s0x31d98d0b3db4678b:0xa3d5f923bfd8f683!5m2!4m1!1i2!8m2!3d1.047128!4d103.956959!16s%2Fg%2F11b6d59qqq!19sChIJi2e0PQuN2TERg_bYvyP51aM?authuser=0&hl=en&rclk=1,0,Hospitality,Indonesia.Batam.Hotel.202408042041.db,places,null_required_column
6168,SPOT ON 92186 Penginapan Lorra,1.0,1,0,,,"Jl. Imam Bonjol No.68, Tlk. Tering, Kec. Batam Kota, Kota Batam, Kepulauan Riau 29444, Indonesia",[object Object],+62 857-8887-7739,1.130077,104.05292,https://www.google.com/maps/place/SPOT+ON+92186+Penginapan+Lorra/data=!4m10!3m9!1s0x31d98902bb490911:0x9fcb0cb56ebb267!5m2!4m1!1i2!8m2!3d1.130077!4d104.05292!16s%2Fg%2F11v4mbcm3w!19sChIJEQlJuwKJ2TERZ7LrVsuw_Ak?authuser=0&hl=en&rclk=1,0,Hospitality,Indonesia.Batam.Hotel.202408042041.db,places,null_required_column
6169,,0.0,0,0,,,"Ruko Nagoya Hill, Jl. Komp. Sakura Anpan Blk. G No.19, Tj. Buntung, Kec. Bengkong, Kota Batam, Kepulauan Riau 29444, Indonesia",[object Object],+62 817-788-016,,,https://www.google.com/maps/place/OYO+91967+Rajawali+Inn/data=!4m10!3m9!1s0x31d989c4374e8b5f:0xeffd19cb1b5f9aa5!5m2!4m1!1i2!8m2!3d1.16285!4d104.0384938!16s%2Fg%2F11sd09flk0!19sChIJX4tON8SJ2TERpZpfG8sZ_e8?authuser=0&hl=en&rclk=1,0,Hospitality,Indonesia.Batam.Hotel.202408042041.db,places,null_required_column
6170,RedDoorz Apartment   Batam Centre 3 (Mom's Cafe Batam),4.3,6,0,,,"Sharon Square Komplek Mega Cipta, Jl. Hang Kesturi No.1, Sungai Langkai, Kec. Sagulung, Kota Batam, Kepulauan Riau 29472, Indonesia",[object Object],+62 21 80629666,1.112694,104.049448,https://www.google.com/maps/place/RedDoorz+Apartment+@+Batam+Centre+3/data=!4m10!3m9!1s0x31d989f7c77c77b1:0xbc6bc0d60decc080!5m2!4m1!1i2!8m2!3d1.112694!4d104.049448!16s%2Fg%2F11h1kdq8d1!19sChIJsXd8x_eJ2TERgMDsDdbAa7w?authuser=0&hl=en&rclk=1,0,Hospitality,Indonesia.Batam.Hotel.202408042041.db,places,null_required_column
6172,Marina Sentosa Hotel,3.7,132,0,,,"Kompleks Batam Sentosa, Jl. Raya Ali H. Komp. Batam Sentosa, Kp. Seraya, Kec. Batu Ampar, Kota Batam, Kepulauan Riau 29432, Indonesia",[object Object],+62 778 452345,1.152712,104.010718,https://www.google.com/maps/place/Marina+Sentosa+Hotel/data=!4m10!3m9!1s0x31d9898bd78f4547:0x543f035903d31d!5m2!4m1!1i2!8m2!3d1.152712!4d104.010718!16s%2Fg%2F1hc5t3n9m!19sChIJR0WP14uJ2TERHdMDWQM_VAA?authuser=0&hl=en&rclk=1,0,Hospitality,Indonesia.Batam.Hotel.202408042041.db,places,null_required_column
6174,Villa Bambu,5.0,28,0,,,"Jl. Bengkong Laut Golden City No. 1, Tanjung Buntung Batu Ampar, Tj. Buntung, Kec. Bengkong, Kota Batam, Kepulauan Riau 29453, Indonesia",[object Object],+62 21 80629666,1.1317764,103.9793736,https://www.google.com/maps/place/Villa+Bambu/data=!4m10!3m9!1s0x31d98b00083d5c83:0x86c09828ae1df2cb!5m2!4m1!1i2!8m2!3d1.1317764!4d103.9793736!16s%2Fg%2F11lf0cw2rr!19sChIJg1w9CACL2TERy_IdriiYwIY?authuser=0&hl=en&rclk=1,0,Hospitality,Indonesia.Batam.Hotel.202408042041.db,places,null_required_column
6176,RedDoorz Plus   Tanjung Uncang Batam,4.4,29,0,,,"Taman Cipta Indah Blok AA No 10-18, Kepulauan Riau 29425, Indonesia",[object Object],,1.0588294,103.9190654,https://www.google.com/maps/place/RedDoorz+Plus+@+Tanjung+Uncang+Batam/data=!4m10!3m9!1s0x31d98d7b0a2544a9:0x9757e5f7ead1f3dc!5m2!4m1!1i2!8m2!3d1.0588294!4d103.9190654!16s%2Fg%2F11gnsns2k4!19sChIJqUQlCnuN2TER3PPR6vflV5c?authuser=0&hl=en&rclk=1,0,Hospitality,Indonesia.Batam.Hotel.202408042041.db,places,null_required_column
6177,,0.0,0,0,,,"Jembatan, Jl. Trans Barelang, Pulau Setokok, Kec. Bulang, Kota Batam, Kepulauan Riau 29472, Indonesia",[object Object],+62 811-7000-059,,,"https://www.google.com/maps/place/GGI+Hotel/@1.1793408,104.0145412,17z/data=!3m1!4b1!4m9!3m8!1s0x31da27f5193c70c3:0x8cc760df5ecf5dfd!5m2!4m1!1i2!8m2!3d1.1793408!4d104.0145412!16s%2Fg%2F11vt1v410k?authuser=0&hl=en&entry=ttu&g_ep=EgoyMDI0MDgyOC4wIKXMDSoASAFQAw%3D%3D",0,Hospitality,Indonesia.Batam.Hotel.202408042041.db,places,null_required_column
6178,,0.0,0,0,,,"Jl Duyung Sei Jodoh Batu Ampar Batu Ampar Pulau Batam, Kota Batam, Kepulauan Riau 29453, Indonesia",[object Object],+62 812-7722-2991,,,"https://www.google.com/maps/place/GGI+Hotel/@1.1793408,104.0145412,17z/data=!3m1!4b1!4m9!3m8!1s0x31da27f5193c70c3:0x8cc760df5ecf5dfd!5m2!4m1!1i2!8m2!3d1.1793408!4d104.0145412!16s%2Fg%2F11vt1v410k?authuser=0&hl=en&entry=ttu&g_ep=EgoyMDI0MDgyOC4wIKXMDSoASAFQAw%3D%3D",0,Hospitality,Indonesia.Batam.Hotel.202408042041.db,places,null_required_column
6180,Barelang Guesthouse,4.6,9,0,,,"Plaza Aviari, Buliang, Kec. Batu Aji, Kota Batam, Kepulauan Riau 29425, Indonesia",[object Object],+62 822-7000-8000,1.04938,103.9690144,"https://www.google.com/maps/place/Barelang+Guesthouse/@1.04938,103.9690144,17z/data=!3m1!4b1!4m9!3m8!1s0x31d98d63158b43e5:0xc3d53e50be5358c4!5m2!4m1!1i2!8m2!3d1.04938!4d103.9690144!16s%2Fg%2F11h75tfbqv?authuser=0&hl=en&entry=ttu&g_ep=EgoyMDI0MDgyOC4wIKXMDSoASAFQAw%3D%3D",0,Hospitality,Indonesia.Batam.Hotel.202408042041.db,places,null_required_column
6181,Hotel Singapura,3.6,146,0,,,"Komplek Tanjung Pantun, Jl. Raja Ali H. Blok U, No. 10-11-12, Sungai Jodoh, Kec. Batu Ampar, Kota Batam, Kepulauan Riau 29432, Indonesia",[object Object],+62 778 459842,1.1507923,104.0066757,https://www.google.com/maps/place/Hotel+Singapura/data=!4m10!3m9!1s0x31d98a277a0e1655:0x641bd9ccbd3973c9!5m2!4m1!1i2!8m2!3d1.1507923!4d104.0066757!16s%2Fg%2F11btv65yl1!19sChIJVRYOeieK2TERyXM5vczZG2Q?authuser=0&hl=en&rclk=1,0,Hospitality,Indonesia.Batam.Hotel.202408042041.db,places,null_required_column
6182,Hotel Family Inn,3.9,197,0,,,"Ruko Fanindo, Jl. Brigjen Katamso No.4, Tj. Uncang, Kec. Batu Aji, Kota Batam, Kepulauan Riau 29444, Indonesia",[object Object],+62 778 7432413,1.0483075,103.9386262,"https://www.google.com/maps/place/Hotel+Family+Inn/@1.0483075,103.9386262,17z/data=!3m1!4b1!4m9!3m8!1s0x31d98d159e2a5c47:0x7e6d9362aa65b22a!5m2!4m1!1i2!8m2!3d1.0483075!4d103.9386262!16s%2Fg%2F11bymzjx5z?authuser=0&hl=en&entry=ttu&g_ep=EgoyMDI0MDgyOC4wIKXMDSoASAFQAw%3D%3D",0,Hospitality,Indonesia.Batam.Hotel.202408042041.db,places,null_required_column
6183,Hotel Travel Batam,3.8,83,0,,,"Komp Tanjung Pantun, Jl. Raja Ali H. Blok J, Sungai Jodoh, Kec. Batu Ampar, Kota Batam, Kepulauan Riau 29432, Indonesia",[object Object],+62 778 451555,1.1506078,104.0057968,https://www.google.com/maps/place/Hotel+Travel+Batam/data=!4m10!3m9!1s0x31d98a279e42925d:0x70a3137c74e95a9e!5m2!4m1!1i2!8m2!3d1.1506078!4d104.0057968!16s%2Fg%2F11b5zt0zzf!19sChIJXZJCnieK2TERnlrpdHwTo3A?authuser=0&hl=en&rclk=1,0,Hospitality,Indonesia.Batam.Hotel.202408042041.db,places,null_required_column
6184,HOTEL JRP,5.0,1,0,,,"42X7+MWP, Unnamed Road, Kp. Seraya, Kec. Batu Ampar, Kota Batam, Kepulauan Riau 29444, Indonesia",[object Object],+62 822-8553-9800,1.1492017,104.014832,"https://www.google.com/maps/place/HOTEL+JRP/@1.1492017,104.014832,17z/data=!3m1!4b1!4m9!3m8!1s0x31d989e7328adc51:0x6e6c76d6f70f6d67!5m2!4m1!1i2!8m2!3d1.1492017!4d104.014832!16s%2Fg%2F11qm63vy7w?authuser=0&hl=en&entry=ttu&g_ep=EgoyMDI0MDgyOC4wIKXMDSoASAFQAw%3D%3D",0,Hospitality,Indonesia.Batam.Hotel.202408042041.db,places,null_required_column
6186,Airy Batu Aji Merlion Square Batam,3.8,16,0,,,"Blok A03-B11, Komplek Merlion Square, Jl. Raya Marina City, Batu Aji, Batam City, Riau Islands 29438, Indonesia",[object Object],+62 804 111 2479,1.0560802,103.9481256,"https://www.google.com/maps/place/Airy+Batu+Aji+Merlion+Square+Batam/@1.0560802,103.9481256,17z/data=!3m1!4b1!4m9!3m8!1s0x31d98d1a96042b3f:0xd6cc52e306d1d8bc!5m2!4m1!1i2!8m2!3d1.0560802!4d103.9481256!16s%2Fg%2F11c2kyz0cb?authuser=0&hl=en&entry=ttu&g_ep=EgoyMDI0MDgyOC4wIKXMDSoASAFQAw%3D%3D",0,Hospitality,Indonesia.Batam.Hotel.202408042041.db,places,null_required_column
6187,Hotel Kundur,3.8,110,0,,,"Komplek Windsor Square No. 60, Nagoya, Lubuk Baja Kota, Kec. Lubuk Baja, Kota Batam, Kepulauan Riau 29444, Indonesia",[object Object],+62 778 428777,1.1474555,104.0066302,https://www.google.com/maps/place/Hotel+Kundur/data=!4m10!3m9!1s0x31d98a281a8026e1:0xcacdd761e6c43eea!5m2!4m1!1i2!8m2!3d1.1474555!4d104.0066302!16s%2Fg%2F1hm1ynq55!19sChIJ4SaAGiiK2TER6j7E5mHXzco?authuser=0&hl=en&rclk=1,0,Hospitality,Indonesia.Batam.Hotel.202408042041.db,places,null_required_column
6188,ZEN Rooms near Teluk Tering,3.7,3,0,,,"Komp.Anugrah, [no name] Blok A1 No.1, Tlk. Tering, Kec. Batam Kota, Kota Batam, Kepulauan Riau 29462, Indonesia",[object Object],+62 855-7467-1004,1.134026,104.042722,https://www.google.com/maps/place/ZEN+Rooms+near+Teluk+Tering/data=!4m10!3m9!1s0x31d9890607bf1bf9:0x37629af2e7ef6054!5m2!4m1!1i2!8m2!3d1.134026!4d104.042722!16s%2Fg%2F11cn7vd64q!19sChIJ-Ru_BwaJ2TERVGDv5_KaYjc?authuser=0&hl=en&rclk=1,0,Hospitality,Indonesia.Batam.Hotel.202408042041.db,places,null_required_column
6190,SPOT ON 91887 Penginapan Rindu,4.2,15,0,,,"Mall Batam, 30 Baloi, Batam City, Riau Islands, 29443, Jl. Nagoya Hill, Batam City, Riau Islands 29444, Indonesia",[object Object],+62 21 29707601,1.1434128,104.0172793,https://www.google.com/maps/place/SPOT+ON+91887+Penginapan+Rindu/data=!4m10!3m9!1s0x31d98907b8a85419:0xc63be917067ae442!5m2!4m1!1i2!8m2!3d1.1434128!4d104.0172793!16s%2Fg%2F11jjmhv8g6!19sChIJGVSouAeJ2TERQuR6BhfpO8Y?authuser=0&hl=en&rclk=1,0,Hospitality,Indonesia.Batam.Hotel.202408042041.db,places,null_required_column
6196,OYO 2690 Hotel Tampan (Hotel Tampan),3.6,141,0,,,"Jl. Riau No.2 A, Kp. Baru, Kec. Senapelan, Kota Pekanbaru, Riau 28284, Indonesia",[object Object],+62 21 29707600,0.5353961,101.4334774,https://www.google.com/maps/place/OYO+2690+Hotel+Tampan/data=!4m10!3m9!1s0x31d5ab8a8f43e2ef:0x1c57427ca143ce89!5m2!4m1!1i2!8m2!3d0.5353961!4d101.4334774!16s%2Fg%2F1hm3zzk3d!19sChIJ7-JDj4qr1TERic5DoXxCVxw?authuser=0&hl=en&rclk=1,0,Hospitality,Indonesia.Batam.Hotel.202408042041.db,places,null_required_column
6197,The Zuri Pekanbaru by ZHM,4.9,11464,0,,,"Kompleks Transmart, Jl. Soekarno - Hatta, Labuh Baru Tim., Kec. Payung Sekaki, Kota Pekanbaru, Riau 28292, Indonesia",[object Object],+62 761 8656555,0.5031498,101.4212486,https://www.google.com/maps/place/The+Zuri+Pekanbaru+by+ZHM/data=!4m10!3m9!1s0x31d5a92719fa5187:0xe25fcb7fc67cfdfa!5m2!4m1!1i2!8m2!3d0.5031498!4d101.4212486!16s%2Fg%2F11fjvqjqpm!19sChIJh1H6GSep1TER-v18xn_LX-I?authuser=0&hl=en&rclk=1,0,Hospitality,Indonesia.Batam.Hotel.202408042041.db,places,null_required_column
6199,BATIQA Hotel Pekanbaru,4.6,4635,0,,,"Jl. Riau No.147, Padang Terubuk, Kec. Senapelan, Kota Pekanbaru, Riau 28154, Indonesia",[object Object],+62 761 7415999,0.4714712,101.4548522,https://www.google.com/maps/place/BATIQA+Hotel+Pekanbaru/data=!4m10!3m9!1s0x31d5af22f81dbe67:0x1b4464fa8b9cfe14!5m2!4m1!1i2!8m2!3d0.4714712!4d101.4548522!16s%2Fg%2F11cnbwbjg5!19sChIJZ74d-CKv1TERFP6ci_pkRBs?authuser=0&hl=en&rclk=1,0,Hospitality,Indonesia.Batam.Hotel.202408042041.db,places,null_required_column
6200,Grand Jatra Hotel Pekanbaru,4.5,5012,0,,,"Jl. Tengku Zainal Abidin No.1, Kota Tinggi, Kec. Pekanbaru Kota, Kota Pekanbaru, Riau 28116, Indonesia",[object Object],+62 761 850888,0.5307542,101.4483399,https://www.google.com/maps/place/Grand+Jatra+Hotel+Pekanbaru/data=!4m10!3m9!1s0x31d5ac1252e2028f:0x784f8db2d3d50ef2!5m2!4m1!1i2!8m2!3d0.5307542!4d101.4483399!16s%2Fg%2F1tk_g6k4!19sChIJjwLiUhKs1TER8g7V07KNT3g?authuser=0&hl=en&rclk=1,0,Hospitality,Indonesia.Batam.Hotel.202408042041.db,places,null_required_column
6201,Novotel Pekanbaru (Hotel Novotel Pekanbaru),4.5,3839,0,,,"Jl. Riau No.59, Kp. Baru, Kec. Senapelan, Kota Pekanbaru, Riau 28154, Indonesia",[object Object],+62 761 25599,0.5354234,101.4296023,https://www.google.com/maps/place/Novotel+Pekanbaru/data=!4m10!3m9!1s0x31d5aea9c2e492d5:0xc611c12c42cdaa6c!5m2!4m1!1i2!8m2!3d0.5354234!4d101.4296023!16s%2Fg%2F11cjhrk6jg!19sChIJ1ZLkwqmu1TERbKrNQizBEcY?authuser=0&hl=en&rclk=1,0,Hospitality,Indonesia.Batam.Hotel.202408042041.db,places,null_required_column
6202,Grand Zuri Hotel Pekanbaru,4.7,7896,0,,,"Jl. Teuku Umar No.7, Rintis, Kec. Lima Puluh, Kota Pekanbaru, Riau 28141, Indonesia",[object Object],+62 761 857888,0.5323312,101.448704,https://www.google.com/maps/place/Grand+Zuri+Hotel+Pekanbaru/data=!4m10!3m9!1s0x31d5ac13112a9931:0x6755b2d5b31317e5!5m2!4m1!1i2!8m2!3d0.5323312!4d101.448704!16s%2Fg%2F1tdvgp7x!19sChIJMZkqEROs1TER5RcTs9WyVWc?authuser=0&hl=en&rclk=1,0,Hospitality,Indonesia.Batam.Hotel.202408042041.db,places,null_required_column
6203,Hotel Pangeran,4.5,7228,0,,,"Jl. Jend. Sudirman No.371-373, Cinta Raja, Kec. Sail, Kota Pekanbaru, Riau 28126, Indonesia",[object Object],+62 761 853636,0.5046316,101.452919,"https://www.google.com/maps/place/Hotel+Pangeran/@0.5046316,101.452919,17z/data=!3m1!4b1!4m9!3m8!1s0x31d5aebce81ef37f:0x9b837fcba8f106e9!5m2!4m1!1i2!8m2!3d0.5046316!4d101.452919!16s%2Fg%2F1tz73gz5?authuser=0&hl=en&entry=ttu&g_ep=EgoyMDI0MDgyOC4wIKXMDSoASAFQAw%3D%3D",0,Hospitality,Indonesia.Batam.Hotel.202408042041.db,places,null_required_column
6208,Labersa Grand Hotel & Convention Center,4.5,3557,0,,,"Jl. Labersa, Tanah Merah, Kec. Siak Hulu, Kabupaten Kampar, Riau 28282, Indonesia",[object Object],+62 761 41555,0.4376704,101.4823003,https://www.google.com/maps/place/Labersa+Grand+Hotel+%26+Convention+Center/data=!4m10!3m9!1s0x31d5af03477d1fed:0x99ddfdc9cbad03cc!5m2!4m1!1i2!8m2!3d0.4376704!4d101.4823003!16s%2Fm%2F0crj5bj!19sChIJ7R99RwOv1TERzAOty8n93Zk?authuser=0&hl=en&rclk=1,0,Hospitality,Indonesia.Batam.Hotel.202408042041.db,places,null_required_column
6210,OYO 1729 I-shine Hotel (iShine Hotel),3.4,577,0,,,"Jl. Jend. Sudirman No.158, Sukaramai, Kec. Pekanbaru Kota, Kota Pekanbaru, Riau 28282, Indonesia",[object Object],+62 21 29707601,0.53116,101.4472664,https://www.google.com/maps/place/OYO+1729+I-shine+Hotel/data=!4m10!3m9!1s0x31d5aebe919095cf:0xa874a44aaf8c1dc2!5m2!4m1!1i2!8m2!3d0.53116!4d101.4472664!16s%2Fg%2F12vstds2v!19sChIJz5WQkb6u1TERwh2Mr0qkdKg?authuser=0&hl=en&rclk=1,0,Hospitality,Indonesia.Batam.Hotel.202408042041.db,places,null_required_column
6212,Swiss-Belinn SKA Pekanbaru,4.5,3759,0,,,"Complex SKA Mall, Jl. Soekarno - Hatta, Delima, Kec. Tampan, Kota Pekanbaru, Riau 28294, Indonesia",[object Object],+62 761 61888,0.4989262,101.4183874,https://www.google.com/maps/place/Swiss-Belinn+SKA+Pekanbaru/data=!4m10!3m9!1s0x31d5a94718e50bc3:0x207a0af598e63754!5m2!4m1!1i2!8m2!3d0.4989262!4d101.4183874!16s%2Fg%2F1hc7rd45x!19sChIJwwvlGEep1TERVDfmmPUKeiA?authuser=0&hl=en&rclk=1,0,Hospitality,Indonesia.Batam.Hotel.202408042041.db,places,null_required_column
6213,Turi Beach Resort,4.4,3311,0,,,"Jl. Hang Lekiu, Sambau, Kecamatan Nongsa, Kota Batam, Kepulauan Riau 29465, Indonesia",[object Object],+62 778 761080,1.196377,104.1010151,https://www.google.com/maps/place/Turi+Beach+Resort/data=!4m10!3m9!1s0x31da28749e068699:0x12385437a284743b!5m2!4m1!1i2!8m2!3d1.196377!4d104.1010151!16s%2Fg%2F122q9qcr!19sChIJmYYGnnQo2jERO3SEojdUOBI?authuser=0&hl=en&rclk=1,0,Hospitality,Indonesia.Batam.Hotel.202408042041.db,places,null_required_column
6215,Grand Zuri Dumai,4.9,13434,0,,,"Jl. Jend. Sudirman No.88, Bintan, Kec. Dumai Kota, Kota Dumai, Riau 28812, Indonesia",[object Object],+62 765 31999,1.6756368,101.4490794,https://www.google.com/maps/place/Grand+Zuri+Dumai/data=!4m10!3m9!1s0x31d3af3ad50ea0b1:0xf77d0f37ff7c4be1!5m2!4m1!1i2!8m2!3d1.6756368!4d101.4490794!16s%2Fg%2F1tf2zx41!19sChIJsaAO1Tqv0zER4Ut8_zcPffc?authuser=0&hl=en&rclk=1,0,Hospitality,Indonesia.Batam.Hotel.202408042041.db,places,null_required_column
6216,Guest House Safina Syariah (Safina Inn Syariah Sekupang),4.4,154,0,,,"Komplek Tiban I Blik D No. 173, Jl. Tiban Indah No.Raya, Patam Lestari, Kec. Sekupang, Kota Batam, Kepulauan Riau 29424, Indonesia",[object Object],+62 811-7033-211,1.1163841,103.976958,https://www.google.com/maps/place/Guest+House+Safina+Syariah/data=!4m10!3m9!1s0x31d98b96b9a97ad5:0x5c4debd3972fe217!5m2!4m1!1i2!8m2!3d1.1163841!4d103.976958!16s%2Fg%2F11f4r2j0vm!19sChIJ1XqpuZaL2TERF-Ivl9PrTVw?authuser=0&hl=en&rclk=1,0,Hospitality,Indonesia.Batam.Hotel.202408042041.db,places,null_required_column
6217,Cititel Hotel | Pekanbaru,4.4,1742,0,,,"Jl. Sisingamangaraja No.32, Sumahilang, Kec. Pekanbaru Kota, Kota Pekanbaru, Riau 28156, Indonesia",[object Object],+62 761 36777,0.5280191,101.4491399,https://www.google.com/maps/place/Cititel+Hotel+%7C+Pekanbaru/data=!4m10!3m9!1s0x31d5ac116c6ffb49:0x3b43b644db3ee413!5m2!4m1!1i2!8m2!3d0.5280191!4d101.4491399!16s%2Fg%2F11f4wtrh9t!19sChIJSftvbBGs1TERE-Q-20S2Qzs?authuser=0&hl=en&rclk=1,0,Hospitality,Indonesia.Batam.Hotel.202408042041.db,places,null_required_column
6218,favehotel Pekanbaru,4.6,4396,0,,,"Jl. Pinang No.10, Wonorejo, Kec. Marpoyan Damai, Kota Pekanbaru, Riau 28125, Indonesia",[object Object],+62 761 8401800,0.503899,101.452437,https://www.google.com/maps/place/favehotel+Pekanbaru/data=!4m10!3m9!1s0x31d5aebcf534d0bb:0xe6ef41635ab990b!5m2!4m1!1i2!8m2!3d0.503899!4d101.452437!16s%2Fg%2F11clljkptr!19sChIJu9A09byu1TERC5mrNRb0bg4?authuser=0&hl=en&rclk=1,0,Hospitality,Indonesia.Batam.Hotel.202408042041.db,places,null_required_column
6219,The Zuri Dumai by ZHM,4.9,7671,0,,,"Jl. Jend. Sudirman No.108, Tlk. Binjai, Kec. Dumai Tim., Kota Dumai, Riau 28826, Indonesia",[object Object],+62 812-7872-9988,1.6702793,101.4492684,https://www.google.com/maps/place/The+Zuri+Dumai+by+ZHM/data=!4m10!3m9!1s0x31d3af6654094f85:0x60cb4477425de10d!5m2!4m1!1i2!8m2!3d1.6702793!4d101.4492684!16s%2Fg%2F11h6crclb4!19sChIJhU8JVGav0zERDeFdQndEy2A?authuser=0&hl=en&rclk=1,0,Hospitality,Indonesia.Batam.Hotel.202408042041.db,places,null_required_column
6221,ibis Styles Batam Nagoya,4.4,2436,0,,,"Jl. Yos Sudarso, Bengkong Laut, Kec. Bengkong, Kota Batam, Kepulauan Riau 29458, Indonesia",[object Object],+62 778 5707000,1.153543,104.0209489,https://www.google.com/maps/place/ibis+Styles+Batam+Nagoya/data=!4m10!3m9!1s0x31d9899b01bde509:0xb3bb3969b1a31971!5m2!4m1!1i2!8m2!3d1.153543!4d104.0209489!16s%2Fg%2F11c311bjt3!19sChIJCeW9AZuJ2TERcRmjsWk5u7M?authuser=0&hl=en&rclk=1,0,Hospitality,Indonesia.Batam.Hotel.202408042041.db,places,null_required_column
6222,Airy Care+ Syariah Tiban Satu D 173 Batam,4.5,103,0,,,"Jl Tiban Indah Raya Jl. Tiban I No.173 Blok D, Patam Lestari, Kec. Sekupang, Kota Batam, Kepulauan Riau 29424, Indonesia",[object Object],+62 804 111 2479,1.1163972,103.9769615,https://www.google.com/maps/place/Airy+Care%2B+Syariah+Tiban+Satu+D+173+Batam/data=!4m10!3m9!1s0x31d98b31bcc26c3b:0xc81edb6b80c5732!5m2!4m1!1i2!8m2!3d1.1163972!4d103.9769615!16s%2Fg%2F11gh74xn2b!19sChIJO2zCvDGL2TERMlcMuLbtgQw?authuser=0&hl=en&rclk=1,0,Hospitality,Indonesia.Batam.Hotel.202408042041.db,places,null_required_column
6223,The Premiere Hotel - Pekanbaru,4.8,21326,0,,,"Jl. Jend. Sudirman No.389, Simpang Empat, Kec. Pekanbaru Kota, Kota Pekanbaru, Riau 28121, Indonesia",[object Object],+62 761 7891818,0.5127652,101.4485247,https://www.google.com/maps/place/The+Premiere+Hotel+-+Pekanbaru/data=!4m10!3m9!1s0x31d5aebc95e69b9f:0x4cadfdbace5f2c0e!5m2!4m1!1i2!8m2!3d0.5127652!4d101.4485247!16s%2Fg%2F1hc1t84mk!19sChIJn5vmlbyu1TERDixfzrr9rUw?authuser=0&hl=en&rclk=1,0,Hospitality,Indonesia.Batam.Hotel.202408042041.db,places,null_required_column
6224,The Sanchaya,4.8,406,0,,,"Lagoi Bay, Jalan Gurindam Duabelas, Plot 5, Sebong Lagoi, Kec. Tlk. Sebong, Kabupaten Bintan, Kepulauan Riau 29155, Indonesia",[object Object],+62 770 692200,1.1774712,104.3682289,https://www.google.com/maps/place/The+Sanchaya/data=!4m10!3m9!1s0x31dbd60af24d7929:0x9e3a42847a21deac!5m2!4m1!1i2!8m2!3d1.1774712!4d104.3682289!16s%2Fg%2F11b6367pc4!19sChIJKXlN8grW2zERrN4heoRCOp4?authuser=0&hl=en&rclk=1,0,Hospitality,Indonesia.Batam.Hotel.202408042041.db,places,null_required_column
6225,The Baliview Luxury Villas & Resto,4.2,949,0,,,"Jl. Putri Indah, Simpang Tiga, Kec. Bukit Raya, Kota Pekanbaru, Riau 28288, Indonesia",[object Object],+62 812-7007-577,0.4738389,101.4597517,"https://www.google.com/maps/place/The+Baliview+Luxury+Villas+%26+Resto/@0.4738389,101.4597517,17z/data=!3m1!4b1!4m9!3m8!1s0x31d5af1ed36fc6bd:0x42d0d54b01a5dd2!5m2!4m1!1i2!8m2!3d0.4738389!4d101.4597517!16s%2Fg%2F11by_d_h1n?authuser=0&hl=en&entry=ttu&g_ep=EgoyMDI0MDgyOC4wIKXMDSoASAFQAw%3D%3D",0,Hospitality,Indonesia.Batam.Hotel.202408042041.db,places,null_required_column
6226,Tempat Senang Spa Resort & Restaurant,4.7,426,0,,,"Jalan KK Indah Puri No.15, Patam Lestari, Sekupang, Batam City, Riau Islands 29400, Indonesia",[object Object],+62 778 325616,1.1354879,103.9617529,https://www.google.com/maps/place/Tempat+Senang+Spa+Resort+%26+Restaurant/data=!4m10!3m9!1s0x31d98b3c244f1bbd:0x1cb77f3161daebfc!5m2!4m1!1i2!8m2!3d1.1354879!4d103.9617529!16s%2Fg%2F1hc8ypf2g!19sChIJvRtPJDyL2TER_OvaYTF_txw?authuser=0&hl=en&rclk=1,0,Hospitality,Indonesia.Batam.Hotel.202408042041.db,places,null_required_column
6227,DAFAM Pekanbaru (Hotel Dafam Pekanbaru),4.3,2723,0,,,"Jl. Sultan Syarif Qasim No.Kav. 150, Kota Tinggi, Kec. Pekanbaru Kota, Kota Pekanbaru, Riau 28155, Indonesia",[object Object],+62 761 851177,0.5305072,101.4535019,https://www.google.com/maps/place/DAFAM+Pekanbaru/data=!4m10!3m9!1s0x31d5ac15b4ed8061:0xe9cd203696530035!5m2!4m1!1i2!8m2!3d0.5305072!4d101.4535019!16s%2Fg%2F12hlxvh_k!19sChIJYYDttBWs1TERNQBTljYgzek?authuser=0&hl=en&rclk=1,0,Hospitality,Indonesia.Batam.Hotel.202408042041.db,places,null_required_column
6230,Aryaduta Hotel - Pekanbaru (Aryaduta Pekanbaru),4.4,5598,0,,,"Jl. Diponegoro No.34, Simpang Empat, Kec. Pekanbaru Kota, Kota Pekanbaru, Riau 28113, Indonesia",[object Object],+62 761 44200,0.5153393,101.4519613,https://www.google.com/maps/place/Aryaduta+Hotel+-+Pekanbaru/data=!4m10!3m9!1s0x31d5ac1e1a1947c1:0xe67f7b301b2f084d!5m2!4m1!1i2!8m2!3d0.5153393!4d101.4519613!16s%2Fg%2F11dfx42z1y!19sChIJwUcZGh6s1TERTQgvGzB7f-Y?authuser=0&hl=en&rclk=1,0,Hospitality,Indonesia.Batam.Hotel.202408042041.db,places,null_required_column
6231,Angsana Bintan (Angsana Resort & Spa),4.5,926,0,,,"Laguna Bintan Resorts, Jalan Teluk Berembang, Pulau Bintan, Teluk Sebong, Bintan Regency, Riau Islands 29151, Indonesia",[object Object],+62 770 693111,1.1857252,104.3421936,https://www.google.com/maps/place/Angsana+Bintan/data=!4m10!3m9!1s0x31d97cfffe274507:0xedb5838092d1d34f!5m2!4m1!1i2!8m2!3d1.1857252!4d104.3421936!16s%2Fg%2F1z3t30z8h!19sChIJB0Un_v982TERT9PRkoCDte0?authuser=0&hl=en&rclk=1,0,Hospitality,Indonesia.Batam.Hotel.202408042041.db,places,null_required_column
6232,Swiss-Belhotel Harbour Bay,4.4,3851,0,,,"Jl. Duyung Sei Jodoh, Sungai Jodoh, Kec. Batu Ampar, Kota Batam, Kepulauan Riau 29432, Indonesia",[object Object],+62 778 7415888,1.1535778,104.0002622,https://www.google.com/maps/place/Swiss-Belhotel+Harbour+Bay/data=!4m10!3m9!1s0x31d98e955784ae01:0xf38506b55cfe264d!5m2!4m1!1i2!8m2!3d1.1535778!4d104.0002622!16s%2Fg%2F1tkbvq_c!19sChIJAa6EV5WO2TERTSb-XLUGhfM?authuser=0&hl=en&rclk=1,0,Hospitality,Indonesia.Batam.Hotel.202408042041.db,places,null_required_column
6234,Zeke Hotel,3.8,10,0,,,"No. 31, 32, 33, 39, Komplek Newton, Tanjung Riau, Sekupang, Batam City, Riau Islands 29425, Indonesia",[object Object],+62 21 29707601,1.0772873,103.9307727,https://www.google.com/maps/place/Zeke+Hotel/data=!4m10!3m9!1s0x31d98cc46c8b448d:0xc928b968b2b5293e!5m2!4m1!1i2!8m2!3d1.0772873!4d103.9307727!16s%2Fg%2F11j4pp5kpr!19sChIJjUSLbMSM2TERPim1smi5KMk?authuser=0&hl=en&rclk=1,0,Hospitality,Indonesia.Batam.Hotel.202408042041.db,places,null_required_column
6235,favehotel Nagoya,4.9,2888,0,,,"Komplek Nagoya Thamrin City, Jl. Imam Bonjol Tower A, Lubuk Baja Kota, Kec. Lubuk Baja, Kota Batam, Kepulauan Riau 29444, Indonesia",[object Object],+62 778 2102222,1.1441348,104.015368,https://www.google.com/maps/place/favehotel+Nagoya/data=!4m10!3m9!1s0x31d989692cce1121:0x4ff4b6e05906202a!5m2!4m1!1i2!8m2!3d1.1441348!4d104.015368!16s%2Fg%2F11t5nn573h!19sChIJIRHOLGmJ2TERKiAGWeC29E8?authuser=0&hl=en&rclk=1,0,Hospitality,Indonesia.Batam.Hotel.202408042041.db,places,null_required_column
6236,Club Med Bintan - Indonesia (Club Med Bintan Island),4.6,2167,0,,,"LOT A11 JALAN PERIGI RAYA LAGOI NORTH BINTAN UTARA, POS 29152, Teluk Sebong, Bintan Regency, Indonesia",[object Object],+62 770 692801,1.1993886,104.4066623,https://www.google.com/maps/place/Club+Med+Bintan+-+Indonesia/data=!4m10!3m9!1s0x31dbd6390bcdf6fd:0xf0c2ef9d27e7943b!5m2!4m1!1i2!8m2!3d1.1993886!4d104.4066623!16s%2Fg%2F1jkylpyx3!19sChIJ_fbNCznW2zERO5TnJ53vwvA?authuser=0&hl=en&rclk=1,0,Hospitality,Indonesia.Batam.Hotel.202408042041.db,places,null_required_column
6237,Hotel Furaya,4.3,3538,0,,,"Jl. Jend. Sudirman No.72, Sago, Kec. Senapelan, Kota Pekanbaru, Riau 28151, Indonesia",[object Object],+62 761 26688,0.5349885,101.4472895,https://www.google.com/maps/place/Hotel+Furaya/data=!4m10!3m9!1s0x31d5aea465d1c27d:0x8e2a4473b420b7e2!5m2!4m1!1i2!8m2!3d0.5349885!4d101.4472895!16s%2Fg%2F11rgh78ypx!19sChIJfcLRZaSu1TER4rcgtHNEKo4?authuser=0&hl=en&rclk=1,0,Hospitality,Indonesia.Batam.Hotel.202408042041.db,places,null_required_column
6238,OYO 91298 Rumah Cantik Homestay Syariah,3.7,7,0,,,"Tiban Center, 1-3 Patam Lestari, Pelabuhan, Batam City, Riau Islands 29424, Indonesia",[object Object],+62 21 29707601,1.1089311,103.9620821,https://www.google.com/maps/place/OYO+91298+Rumah+Cantik+Homestay+Syariah/data=!4m10!3m9!1s0x31d98b0eb1a9952b:0x6da2455161a9fbc2!5m2!4m1!1i2!8m2!3d1.1089311!4d103.9620821!16s%2Fg%2F11v64gwjls!19sChIJK5WpsQ6L2TERwvupYVFFom0?authuser=0&hl=en&rclk=1,0,Hospitality,Indonesia.Batam.Hotel.202408042041.db,places,null_required_column
6239,Four Points by Sheraton Bintan  Lagoi Bay,4.7,270,0,,,"Tlk, Sebong Lagoi, Kec. Tlk. Sebong, Kabupaten Bintan, Kepulauan Riau, Indonesia",[object Object],+62 770 691899,1.1774457,104.3703645,"https://www.google.com/maps/place/Four+Points+by+Sheraton+Bintan,+Lagoi+Bay/data=!4m10!3m9!1s0x31dbd5f9a0c9b4a9:0xd1a0599a70138e96!5m2!4m1!1i2!8m2!3d1.1774457!4d104.3703645!16s%2Fg%2F11fxz7pqg6!19sChIJqbTJoPnV2zERlo4TcJpZoNE?authuser=0&hl=en&rclk=1",0,Hospitality,Indonesia.Batam.Hotel.202408042041.db,places,null_required_column
6241,Amaris Hotel Pekanbaru,4.3,1600,0,,,"Jalan KH. Wahid Hasyim Pinang Sebatang No.30, Sumahilang, Kec. Pekanbaru Kota, Kota Pekanbaru, Riau 28133, Indonesia",[object Object],+62 761 856111,0.5272794,101.4496239,https://www.google.com/maps/place/Amaris+Hotel+Pekanbaru/data=!4m10!3m9!1s0x31d5ac10d7deb421:0x74f41fe7d31d2c78!5m2!4m1!1i2!8m2!3d0.5272794!4d101.4496239!16s%2Fg%2F1vcjjrx6!19sChIJIbTe1xCs1TEReCwd0-cf9HQ?authuser=0&hl=en&rclk=1,0,Hospitality,Indonesia.Batam.Hotel.202408042041.db,places,null_required_column
6242,Montigo Resorts,4.4,2823,0,,,"Jl. Hang Lekiu, Sambau, Kecamatan Nongsa, Kota Batam, Kepulauan Riau 29465, Indonesia",[object Object],+62 778 7768888,1.1801857,104.0737415,https://www.google.com/maps/place/Montigo+Resorts/data=!4m10!3m9!1s0x31da278c7b637923:0x4bce5ffc6dc08f26!5m2!4m1!1i2!8m2!3d1.1801857!4d104.0737415!16s%2Fg%2F11xg83xt6!19sChIJI3lje4wn2jERJo_Abfxfzks?authuser=0&hl=en&rclk=1,0,Hospitality,Indonesia.Batam.Hotel.202408042041.db,places,null_required_column
6243,ANMON - Desert Themed Glamping Resort,4.6,1387,0,,,"586J+8C Kawasan Pariwisata, Jalan Raja Haji Fisabililah No.88, Sebong Lagoi, Teluk Sebong, Bintan Regency, Riau Islands 29155, Indonesia",[object Object],+62 770 691266,1.1612377,104.3312904,https://www.google.com/maps/place/ANMON+-+Desert+Themed+Glamping+Resort/data=!4m10!3m9!1s0x31d97fca43d8b56f:0x7e54c48687eca91b!5m2!4m1!1i2!8m2!3d1.1612377!4d104.3312904!16s%2Fg%2F11fks2bv73!19sChIJb7XYQ8p_2TERG6nsh4bEVH4?authuser=0&hl=en&rclk=1,0,Hospitality,Indonesia.Batam.Hotel.202408042041.db,places,null_required_column
6245,S Hotel,4.1,245,0,,,"Jl. Imam Bonjol-Plaza Square No.20 006, Batu Selicin, Kec. Lubuk Baja, Kota Batam, Kepulauan Riau 29444, Indonesia",[object Object],+62 778 455155,1.1383992,104.0029009,https://www.google.com/maps/place/S+Hotel/data=!4m10!3m9!1s0x31d98bd4b5c3f34d:0x5697801964edb499!5m2!4m1!1i2!8m2!3d1.1383992!4d104.0029009!16s%2Fg%2F1hm5fby3d!19sChIJTfPDtdSL2TERmbTtZBmAl1Y?authuser=0&hl=en&rclk=1,0,Hospitality,Indonesia.Batam.Hotel.202408042041.db,places,null_required_column
6248,Zuri Express Hotel Pekanbaru,4.2,1173,0,,,"Jl. Gatot Subroto No.39B, Kota Tinggi, Kec. Pekanbaru Kota, Kota Pekanbaru, Riau 28112, Indonesia",[object Object],+62 761 854899,0.5299957,101.4510859,https://www.google.com/maps/place/Zuri+Express+Hotel+Pekanbaru/data=!4m10!3m9!1s0x31d5ac14079217a3:0xd5654d6785f7e7dd!5m2!4m1!1i2!8m2!3d0.5299957!4d101.4510859!16s%2Fg%2F1tcvlskv!19sChIJoxeSBxSs1TER3ef3hWdNZdU?authuser=0&hl=en&rclk=1,0,Hospitality,Indonesia.Batam.Hotel.202408042041.db,places,null_required_column
6249,KHAS Pekanbaru Hotel,4.3,2971,0,,,"Jl. Jend. Sudirman No.455, Simpang Empat, Kec. Pekanbaru Kota, Kota Pekanbaru, Riau 28116, Indonesia",[object Object],+62 811-764-577,0.5080234,101.4508977,https://www.google.com/maps/place/KHAS+Pekanbaru+Hotel/data=!4m10!3m9!1s0x31d5aebb55f479d9:0x2cbcf2a91cfeb4f6!5m2!4m1!1i2!8m2!3d0.5080234!4d101.4508977!16s%2Fg%2F11bxfjnbm_!19sChIJ2Xn0Vbuu1TER9rT-HKnyvCw?authuser=0&hl=en&rclk=1,0,Hospitality,Indonesia.Batam.Hotel.202408042041.db,places,null_required_column
6251,Tjokro Hotel Pekanbaru,4.4,3004,0,,,"Jl. Jend. Sudirman No.51 Simpang Tiga, Tengkerang Utara, Kec. Bukit Raya, Kota Pekanbaru, Riau 28284, Indonesia",[object Object],+62 761 851298,0.5001277,101.4539069,https://www.google.com/maps/place/Tjokro+Hotel+Pekanbaru/data=!4m10!3m9!1s0x31d5aebef477117d:0xf80434c3a22c786e!5m2!4m1!1i2!8m2!3d0.5001277!4d101.4539069!16s%2Fg%2F1pty4cbyg!19sChIJfRF39L6u1TERbngsosM0BPg?authuser=0&hl=en&rclk=1,0,Hospitality,Indonesia.Batam.Hotel.202408042041.db,places,null_required_column
6253,SPOT ON 92248 Kurnia Shangrila,1.0,1,0,,,"1, Jodoh River, Batam City, Riau Islands 29444, Indonesia",[object Object],+62 817-788-016,1.113638,103.944875,https://www.google.com/maps/place/SPOT+ON+92248+Kurnia+Shangrila/data=!4m10!3m9!1s0x31d98b6ee07e022d:0x45f3d7e441b7e5d9!5m2!4m1!1i2!8m2!3d1.113638!4d103.944875!16s%2Fg%2F11sjg7jqrd!19sChIJLQJ-4G6L2TER2eW3QeTX80U?authuser=0&hl=en&rclk=1,0,Hospitality,Indonesia.Batam.Hotel.202408042041.db,places,null_required_column
6255,Batam Harbour Boutique Hotel & Spa,4.3,359,0,,,"Komplek Citra Supermall, Blk. H No.20-28, Sungai Jodoh, Kec. Batu Ampar, Kota Batam, Kepulauan Riau 29432, Indonesia",[object Object],+62 778 4086377,1.1532865,103.9989593,https://www.google.com/maps/place/Batam+Harbour+Boutique+Hotel+%26+Spa/data=!4m10!3m9!1s0x31d98a2384605003:0x14bf7b9e2c5c6bf6!5m2!4m1!1i2!8m2!3d1.1532865!4d103.9989593!16s%2Fg%2F11bz0n1xpj!19sChIJA1BghCOK2TER9mtcLJ57vxQ?authuser=0&hl=en&rclk=1,0,Hospitality,Indonesia.Batam.Hotel.202408042041.db,places,null_required_column
6257,D'Merlion Hotel (Hotel Merlion),4.2,907,0,,,"Perum...Merlion square blokA/7 jl.Marina city Yg, Tj. Uncang, Kec. Batu Aji, Kota Batam, Kepulauan Riau 29425, Indonesia",[object Object],+62 778 7412888,1.0562164,103.9477558,https://www.google.com/maps/place/D%27Merlion+Hotel/data=!4m10!3m9!1s0x31d98d1a9606eed5:0x3b8724a2bc9fb81!5m2!4m1!1i2!8m2!3d1.0562164!4d103.9477558!16s%2Fg%2F11b73ntd8z!19sChIJ1e4GlhqN2TERgfvJK0pyuAM?authuser=0&hl=en&rclk=1,0,Hospitality,Indonesia.Batam.Hotel.202408042041.db,places,null_required_column
6258,Homestay Rumah Cantik,2.1,8,0,,,"Tiban bukit Asri blok B no 1-3, Tiban Baru, Kec. Sekupang, Kota Batam, Kepulauan Riau 29424, Indonesia",[object Object],+62 811-692-539,1.1085775,103.962102,https://www.google.com/maps/place/Homestay+Rumah+Cantik/data=!4m10!3m9!1s0x31d98b81fdaf1c19:0x860faf4c1f9182b0!5m2!4m1!1i2!8m2!3d1.1085775!4d103.962102!16s%2Fg%2F11gc883q4v!19sChIJGRyv_YGL2TERsIKRH0yvD4Y?authuser=0&hl=en&rclk=1,0,Hospitality,Indonesia.Batam.Hotel.202408042041.db,places,null_required_column
6259,Sonaview Hotel Dumai,4.4,574,0,,,"Pattimura St No.40, Dumai Kota, Dumai City, Riau 28811, Indonesia",[object Object],+62 811-7754-555,1.6812603,101.4413652,https://www.google.com/maps/place/Sonaview+Hotel+Dumai/data=!4m10!3m9!1s0x31d3af116df5fcd7:0xee2345067a324de6!5m2!4m1!1i2!8m2!3d1.6812603!4d101.4413652!16s%2Fg%2F11k00hp1vj!19sChIJ1_z1bRGv0zER5k0yegZFI-4?authuser=0&hl=en&rclk=1,0,Hospitality,Indonesia.Batam.Hotel.202408042041.db,places,null_required_column
6260,OYO 1021 The Music Hotel,3.9,197,0,,,"3-9, Kompleks Sakura Permai No.mor 3 blok A1, RW.9, Kampung Seraya, Batu Ampar, Batam City, Riau Islands 29454, Indonesia",[object Object],+62 21 29707601,1.15616,104.0184005,https://www.google.com/maps/place/OYO+1021+The+Music+Hotel/data=!4m10!3m9!1s0x31d98ebffdf55535:0x72f8f6e8aea69fec!5m2!4m1!1i2!8m2!3d1.15616!4d104.0184005!16s%2Fg%2F11xbnt36_!19sChIJNVX1_b-O2TER7J-mruj2-HI?authuser=0&hl=en&rclk=1,0,Hospitality,Indonesia.Batam.Hotel.202408042041.db,places,null_required_column
6261,Nagoya Hill Hotel,4.4,4351,0,,,"Nagoya Hill Superblok, Jl. Teuku Umar No.1, Lubuk Baja Kota, Kec. Lubuk Baja, Kota Batam, Kepulauan Riau 29432, Indonesia",[object Object],+62 778 4034888,1.1476851,104.0129127,https://www.google.com/maps/place/Nagoya+Hill+Hotel/data=!4m10!3m9!1s0x31d9898674db4523:0x1a39bf29a628931!5m2!4m1!1i2!8m2!3d1.1476851!4d104.0129127!16s%2Fg%2F11bc7d6q2_!19sChIJI0XbdIaJ2TERMYlimvKbowE?authuser=0&hl=en&rclk=1,0,Hospitality,Indonesia.Batam.Hotel.202408042041.db,places,null_required_column
6262,Hotel Akasia Syariah,3.8,218,0,,,"Jl. Jend. Sudirman No. 419 B Kel, Cinta Raja, Kec. Sail, Kota Pekanbaru, Riau 28282, Indonesia",[object Object],+62 823-8738-8811,0.5020449,101.4542042,https://www.google.com/maps/place/Hotel+Akasia+Syariah/data=!4m10!3m9!1s0x31d5af1df8925177:0x6236536f4c12b7d0!5m2!4m1!1i2!8m2!3d0.5020449!4d101.4542042!16s%2Fg%2F1tn039j0!19sChIJd1GS-B2v1TER0LcSTG9TNmI?authuser=0&hl=en&rclk=1,0,Hospitality,Indonesia.Batam.Hotel.202408042041.db,places,null_required_column
6263,D' Grande Hotel Batam,4.3,325,0,,,"Jalan Raden Patah Blok 3 No.7 Nagoya, Sukajadi, Batam Kota, Batam City, Riau Islands 29432, Indonesia",[object Object],+62 778 453800,1.1386311,104.0152176,https://www.google.com/maps/place/D%27+Grande+Hotel+Batam/data=!4m10!3m9!1s0x31d989789cf15e57:0x1c6e3c23847fb921!5m2!4m1!1i2!8m2!3d1.1386311!4d104.0152176!16s%2Fg%2F11bx45gjf8!19sChIJV17xnHiJ2TERIbl_hCM8bhw?authuser=0&hl=en&rclk=1,0,Hospitality,Indonesia.Batam.Hotel.202408042041.db,places,null_required_column
6265,Harmoni One Convention Hotel & Service Apartments (Harmoni One Hotel & Convention Centre),4.4,4284,0,,,"Jl. Raja M Tahir No.1, Tlk. Tering, Kec. Batam Kota, Kota Batam, Kepulauan Riau 29444, Indonesia",[object Object],+62 811-7093-111,1.1321087,104.0481551,https://www.google.com/maps/place/Harmoni+One+Convention+Hotel+%26+Service+Apartments/data=!4m10!3m9!1s0x31d98e95555554e3:0xbb17e56689b01c1f!5m2!4m1!1i2!8m2!3d1.1321087!4d104.0481551!16s%2Fg%2F1tczy09f!19sChIJ41RVVZWO2TERHxywiWblF7s?authuser=0&hl=en&rclk=1,0,Hospitality,Indonesia.Batam.Hotel.202408042041.db,places,null_required_column
6266,Hotel Ameera,4.4,2735,0,,,"Jl. Jend. Ahmad Yani No.42A, Tanah Datar, Kec. Senapelan, Kota Pekanbaru, Riau 28156, Indonesia",[object Object],+62 761 7870200,0.5305941,101.44235,https://www.google.com/maps/place/Hotel+Ameera/data=!4m10!3m9!1s0x31d5ac0ef63f6ca1:0x6be2b5ac1c9a6650!5m2!4m1!1i2!8m2!3d0.5305941!4d101.44235!16s%2Fg%2F11b6dp0brn!19sChIJoWw_9g6s1TERUGaaHKy14ms?authuser=0&hl=en&rclk=1,0,Hospitality,Indonesia.Batam.Hotel.202408042041.db,places,null_required_column
6269,Patra Dumai Hotel,4.7,554,0,,,"Jl. Sultan Syarif Kasim, Buluh Kasap, Kec. Dumai Tim., Kota Dumai, Riau 28814, Indonesia",[object Object],+62 811-1606-011,1.6783992,101.4628775,https://www.google.com/maps/place/Patra+Dumai+Hotel/data=!4m10!3m9!1s0x31d3afe68a3356d9:0x21e8868a84f80414!5m2!4m1!1i2!8m2!3d1.6783992!4d101.4628775!16s%2Fg%2F11k_44qmvn!19sChIJ2VYziuav0zERFAT4hIqG6CE?authuser=0&hl=en&rclk=1,0,Hospitality,Indonesia.Batam.Hotel.202408042041.db,places,null_required_column
6273,Hotel YAN,4.1,527,0,,,"162 Tyrwhitt Rd, Singapore 207581",[object Object],6805 1955,1.3117957,103.8604987,https://www.google.com/maps/place/Hotel+YAN/data=!4m10!3m9!1s0x31da19c9374d9063:0x7e74b55d3c5f836f!5m2!4m1!1i2!8m2!3d1.3117957!4d103.8604987!16s%2Fg%2F11ckqrnkg9!19sChIJY5BNN8kZ2jERb4NfPF21dH4?authuser=0&hl=en&rclk=1,0,Hospitality,Indonesia.Batam.Hotel.202408042041.db,places,null_required_column
6275,The Regency Tanjung Tuan Beach Resort  Port Dickson,3.9,1330,0,,,"5th Mile, Jalan Pantai, 71050 Port Dickson, Negeri Sembilan, Malaysia",[object Object],+60 6-647 5232,2.4835972,101.8468609,"https://www.google.com/maps/place/The+Regency+Tanjung+Tuan+Beach+Resort,+Port+Dickson/data=!4m10!3m9!1s0x31cdf72b0572b84f:0x8c8536637b2fb348!5m2!4m1!1i2!8m2!3d2.4835972!4d101.8468609!16s%2Fg%2F1tvm0832!19sChIJT7hyBSv3zTERSLMve2M2hYw?authuser=0&hl=en&rclk=1",0,Hospitality,Indonesia.Batam.Hotel.202408042041.db,places,null_required_column
6280,Hotel Sekawan,4.1,219,0,,,"Jalan Raja Ali Haji Kompleks Nagoya Point, Lubuk Baja Kota, Kec. Lubuk Baja, Kota Batam, Kepulauan Riau 29444, Indonesia",[object Object],+62 813-6520-7676,1.1465239,104.0040037,https://www.google.com/maps/place/Hotel+Sekawan/data=!4m10!3m9!1s0x31d98a28f371e3c3:0x67ab604c407bafb5!5m2!4m1!1i2!8m2!3d1.1465239!4d104.0040037!16s%2Fg%2F1hm3mpjfz!19sChIJw-Nx8yiK2TERta97QExgq2c?authuser=0&hl=en&rclk=1,0,Hospitality,Indonesia.Batam.Hotel.202408042041.db,places,null_required_column
6281,Kaliban Hotel,4.2,806,0,,,"Komplek Purimas Blok C No. 25-28 Batam Centre, Tlk. Tering, Kec. Batam Kota, Kota Batam, Kepulauan Riau 29444, Indonesia",[object Object],+62 812-7762-2600,1.1163636,104.0580424,https://www.google.com/maps/place/Kaliban+Hotel/data=!4m10!3m9!1s0x31d988debf9b4a29:0xbefd15af057db7df!5m2!4m1!1i2!8m2!3d1.1163636!4d104.0580424!16s%2Fg%2F11bw46ps2v!19sChIJKUqbv96I2TER37d9Ba8V_b4?authuser=0&hl=en&rclk=1,0,Hospitality,Indonesia.Batam.Hotel.202408042041.db,places,null_required_column
6282,Hotel 81 Kovan,3.7,615,0,,,"768 Upper Serangoon Rd, Singapore 534636",[object Object],6286 8181,1.3542504,103.8789223,https://www.google.com/maps/place/Hotel+81+Kovan/data=!4m10!3m9!1s0x31da17a5582e00ad:0xeda17510b9f71ab2!5m2!4m1!1i2!8m2!3d1.3542504!4d103.8789223!16s%2Fg%2F1vl5d8_3!19sChIJrQAuWKUX2jERshr3uRB1oe0?authuser=0&hl=en&rclk=1,0,Hospitality,Indonesia.Batam.Hotel.202408042041.db,places,null_required_column
6283,The Katerina Hotel,4.0,1790,0,,,"8, Jln Zabedah, Kampung Pegawai, 83000 Batu Pahat, Johor, Malaysia",[object Object],+60 7-433 7111,1.853732,102.9356175,"https://www.google.com/maps/place/The+Katerina+Hotel/@1.853732,102.9356175,17z/data=!3m1!4b1!4m9!3m8!1s0x31d056d0fcecf8f5:0x9be83cc913d7916e!5m2!4m1!1i2!8m2!3d1.853732!4d102.9356175!16s%2Fg%2F11bxjrlbjb?authuser=0&hl=en&entry=ttu&g_ep=EgoyMDI0MDgyOC4wIKXMDSoASAFQAw%3D%3D",0,Hospitality,Indonesia.Batam.Hotel.202408042041.db,places,null_required_column
6284,Fragrance Hotel - Kovan,3.8,180,0,,,"SG, Upper Serangoon Rd, #760, 534629",[object Object],6858 9888,1.3541265,103.8787259,https://www.google.com/maps/place/Fragrance+Hotel+-+Kovan/data=!4m10!3m9!1s0x31da17a57e3c1fef:0x58ea15437056d8ec!5m2!4m1!1i2!8m2!3d1.3541265!4d103.8787259!16s%2Fg%2F1txx_tz4!19sChIJ7x88fqUX2jER7NhWcEMV6lg?authuser=0&hl=en&rclk=1,0,Hospitality,Indonesia.Batam.Hotel.202408042041.db,places,null_required_column
6286,Capital O 664 Romance Hotel,4.2,323,0,,,"blok B. 9, Jl. Komp. Dian Centre No.11, Batu Selicin, Kec. Lubuk Baja, Kota Batam, Kepulauan Riau 29444, Indonesia",[object Object],+62 21 29707601,1.1396734,104.0045933,https://www.google.com/maps/place/Capital+O+664+Romance+Hotel/data=!4m10!3m9!1s0x31d98b8f8567cca7:0x8bcadb1ecb4d7863!5m2!4m1!1i2!8m2!3d1.1396734!4d104.0045933!16s%2Fg%2F1hm2lkz77!19sChIJp8xnhY-L2TERY3hNyx7byos?authuser=0&hl=en&rclk=1,0,Hospitality,Indonesia.Batam.Hotel.202408042041.db,places,null_required_column
6288,AVANTÉ Hotel,4.2,1389,0,,,"1, Persiaran Bandar Utama, Bandar Utama, 47800 Petaling Jaya, Selangor, Malaysia",[object Object],+60 3-7681 7777,3.1449836,101.6181308,https://www.google.com/maps/place/AVANT%C3%89+Hotel/data=!4m10!3m9!1s0x31cc49ec8d1bd393:0x9feefa16dff297cc!5m2!4m1!1i2!8m2!3d3.1449836!4d101.6181308!16s%2Fg%2F11f7r1lkj2!19sChIJk9MbjexJzDERzJfy3xb67p8?authuser=0&hl=en&rclk=1,0,Hospitality,Indonesia.Batam.Hotel.202408042041.db,places,null_required_column
6289,I Hotel Baloi,4.5,2322,0,,,"komplek Baloi Kusuma Indah No.7, Batu Selicin, Kec. Lubuk Baja, Kota Batam, Kepulauan Riau 29432, Indonesia",[object Object],,1.1347105,104.0087404,https://www.google.com/maps/place/I+Hotel+Baloi/data=!4m10!3m9!1s0x31d9897e6be7c8b9:0x1cd31d5125822e55!5m2!4m1!1i2!8m2!3d1.1347105!4d104.0087404!16s%2Fg%2F11bc7sqscn!19sChIJucjna36J2TERVS6CJVEd0xw?authuser=0&hl=en&rclk=1,0,Hospitality,Indonesia.Batam.Hotel.202408042041.db,places,null_required_column
6290,Benutten 99 Hotel,4.3,63,0,,,"3, Jalan Mutiara 5, Pusat Perniagaan Benut Benut, 82200 Pontian, Johor, Malaysia",[object Object],+60 19-790 1638,1.6485379,103.2604226,https://www.google.com/maps/place/Benutten+99+Hotel/data=!4m10!3m9!1s0x31d08d58732df929:0x2bc207af3ec363e4!5m2!4m1!1i2!8m2!3d1.6485379!4d103.2604226!16s%2Fg%2F11t7kzcggn!19sChIJKfktc1iN0DER5GPDPq8Hwis?authuser=0&hl=en&rclk=1,0,Hospitality,Indonesia.Batam.Hotel.202408042041.db,places,null_required_column
6292,da Vienna Boutique hotel,4.3,2222,0,,,"Komplex Top View Garden, Baloi Indah, Lubuk Baja, Batam City, Riau Islands 29442, Indonesia",[object Object],+62 778 431888,1.1421702,104.0115398,https://www.google.com/maps/place/da+Vienna+Boutique+hotel/data=!4m10!3m9!1s0x31d989813e6bfdc7:0xfb1bdf230e263f0d!5m2!4m1!1i2!8m2!3d1.1421702!4d104.0115398!16s%2Fg%2F11btwqz2g7!19sChIJx_1rPoGJ2TERDT8mDiPfG_s?authuser=0&hl=en&rclk=1,0,Hospitality,Indonesia.Batam.Hotel.202408042041.db,places,null_required_column
4586,KANAYAMA STATION (金山駅),3.8,1131,0,Transit station,,"1 Chome-1-4 Meieki, Nakamura Ward, Nagoya, Aichi 450-6002, Japan",[object Object],+81 52-584-1111,35.142926,136.9012035,https://www.google.com/maps/place/KANAYAMA+STATION/data=!4m7!3m6!1s0x600377528d49f49b:0x2ee1ef7c402cda8!8m2!3d35.142926!4d136.9012035!16zL20vMDU4dGww!19sChIJm_RJjVJ3A2ARqM0CxPce7gI?authuser=0&hl=en&rclk=1,0,Hospitality,Indonesia.Batam.Hotel.202408042041.db,places,out_of_batam_bounds
4673,Parque Miel (パルケミエール),3.8,201,0,Restaurant,,"3 Chome-16-16 Aoi, Higashi Ward, Nagoya, Aichi 461-0004, Japan",[object Object],+81 52-937-7666,35.1715134,136.9288894,https://www.google.com/maps/place/Parque+Miel/data=!4m7!3m6!1s0x600370eeec4dae67:0x1b2c0047508b41d7!8m2!3d35.1715134!4d136.9288894!16s%2Fg%2F1thtpj85!19sChIJZ65N7O5wA2AR10GLUEcALBs?authuser=0&hl=en&rclk=1,0,Hospitality,Indonesia.Batam.Hotel.202408042041.db,places,out_of_batam_bounds
4710,Spa Village Malacca,4.0,18,0,Spa,,"188, Jln. Bunga Raya, Pengkalan Rama, 75100 Melaka, Malaysia",[object Object],+60 6-289 8000,2.2020314,102.2521603,https://www.google.com/maps/place/Spa+Village+Malacca/data=!4m7!3m6!1s0x31d1f1d82bebfc75:0x105de45f2447d283!8m2!3d2.2020314!4d102.2521603!16s%2Fg%2F1pzsvnksr!19sChIJdfzrK9jx0TERg9JHJF_kXRA?authuser=0&hl=en&rclk=1,0,Hospitality,Indonesia.Batam.Hotel.202408042041.db,places,out_of_batam_bounds
4712,The Mansion,4.1,38,0,Restaurant,,"188, Jln. Bunga Raya, Pengkalan Rama, 75100 Melaka, Malaysia",[object Object],+60 6-289 8000,2.2020267,102.2521678,https://www.google.com/maps/place/The+Mansion/data=!4m7!3m6!1s0x31d1f1d905d052e7:0x64d69d18d79a6382!8m2!3d2.2020267!4d102.2521678!16s%2Fg%2F11c31sw8v2!19sChIJ51LQBdnx0TERgmOa1xid1mQ?authuser=0&hl=en&rclk=1,0,Hospitality,Indonesia.Batam.Hotel.202408042041.db,places,out_of_batam_bounds
4760,Grand Park Orchard,4.3,1289,0,Permanently closed,,"270 Orchard Rd, Singapore 238857",[object Object],6603 8888,1.3034468,103.83634,"https://www.google.com/maps/place/Grand+Park+Orchard/@1.3034468,103.83634,17z/data=!3m1!4b1!4m6!3m5!1s0x31da19917e9886cf:0x86be6e2d788b172d!8m2!3d1.3034468!4d103.83634!16s%2Fg%2F1hc56cccc?authuser=0&hl=en&entry=ttu&g_ep=EgoyMDI0MDgyOC4wIKXMDSoASAFQAw%3D%3D",0,Hospitality,Indonesia.Batam.Hotel.202408042041.db,places,out_of_batam_bounds
4781,Pasir Putih Resort,4.0,257,0,Camping Ground,,"Kampung Pasir Putih, 44000 Kerling, Selangor, Malaysia",[object Object],,3.6354234,101.5867401,"https://www.google.com/maps/place/Pasir+Putih+Resort/@3.6354234,101.5867401,17z/data=!3m1!4b1!4m6!3m5!1s0x31cc765b7c99ab71:0x8ff596aee466fb80!8m2!3d3.6354234!4d101.5867401!16s%2Fg%2F1hc1n6qn2?authuser=0&hl=en&entry=ttu&g_ep=EgoyMDI0MDgyOC4wIKXMDSoASAFQAw%3D%3D",0,Hospitality,Indonesia.Batam.Hotel.202408042041.db,places,out_of_batam_bounds
4787,D'Sukma Muslim Homestay,4.5,10,0,Homestay,,"No.6, Jalan Selasih 24, Taman Pasir Putih, 81700 Pasir Gudang, Johor, Malaysia",[object Object],+60 16-793 1036,1.4690284,103.9436469,"https://www.google.com/maps/place/D'Sukma+Muslim+Homestay/@1.4690284,103.9436469,17z/data=!3m1!4b1!4m6!3m5!1s0x31da3fa454bdb4f7:0xd4166a2fdb8f2d41!8m2!3d1.4690284!4d103.9436469!16s%2Fg%2F11f9v_463h?authuser=0&hl=en&entry=ttu&g_ep=EgoyMDI0MDgyOC4wIKXMDSoASAFQAw%3D%3D",0,Hospitality,Indonesia.Batam.Hotel.202408042041.db,places,out_of_batam_bounds
4791,Wisma Cendana  Ward Aceh  Dumai (Wisma Cendana  Bangsal Aceh  Dumai),3.9,179,0,Lodge,,"P9FG+84M, Bangsal Aceh, Sungai Sembilan, Dumai City, Riau 28826, Indonesia",[object Object],+62 812-6102-6680,1.7233295,101.3752819,"https://www.google.com/maps/place/Wisma+Cendana,+Ward+Aceh,+Dumai/@1.7233295,101.3752819,17z/data=!3m1!4b1!4m6!3m5!1s0x31d3aa26136a716d:0xac3af4002d8a56de!8m2!3d1.7233295!4d101.3752819!16s%2Fg%2F11gb3rbtsw?authuser=0&hl=en&entry=ttu&g_ep=EgoyMDI0MDgyOC4wIKXMDSoASAFQAw%3D%3D",0,Hospitality,Indonesia.Batam.Hotel.202408042041.db,places,out_of_batam_bounds
4837,Coffee Lounge   Goodwood Park Hotel,3.9,217,0,Restaurant,,"Goodwood Park Hotel, 22 Scotts Rd, 228221",[object Object],6730 1746,1.3084033,103.8339282,"https://www.google.com/maps/place/Coffee+Lounge+@+Goodwood+Park+Hotel/@1.3084033,103.8339282,17z/data=!3m1!4b1!4m6!3m5!1s0x31da19ed48c02ed5:0xff007431cdb1d8af!8m2!3d1.3084033!4d103.8339282!16s%2Fg%2F1tf13d4_?authuser=0&hl=en&entry=ttu&g_ep=EgoyMDI0MDgyOC4wIKXMDSoASAFQAw%3D%3D",0,Hospitality,Indonesia.Batam.Hotel.202408042041.db,places,out_of_batam_bounds
4839,Ivory Park,4.0,43,0,Homestay,,"Ivory Park Taxi Rank, Ivory Park, Midrand, South Africa",[object Object],+27 73 318 1949,-25.9823869,28.2043019,https://www.google.com/maps/place/Ivory+Park/data=!4m7!3m6!1s0x1e956ead4bbe0cab:0xee577d46abf9eab9!8m2!3d-25.9823869!4d28.2043019!16s%2Fg%2F11gd39kzsx!19sChIJqwy-S61ulR4Ruer5q0Z9V-4?authuser=0&hl=en&rclk=1,0,Hospitality,Indonesia.Batam.Hotel.202408042041.db,places,out_of_batam_bounds
4841,Ivory park 7323,5.0,1,0,Lodging,,"Igqagqa, Thembisa, South Africa",[object Object],,-26.0092829,28.2181203,"https://www.google.com/maps/place/Ivory+park+7323/@-26.0092829,28.2181203,17z/data=!3m1!4b1!4m6!3m5!1s0x1e956b1e0550a2b9:0x80171d3e561bec79!8m2!3d-26.0092829!4d28.2181203!16s%2Fg%2F11h3n0pscl?authuser=0&hl=en&entry=ttu&g_ep=EgoyMDI0MDgyOC4wIKXMDSoASAFQAw%3D%3D",0,Hospitality,Indonesia.Batam.Hotel.202408042041.db,places,out_of_batam_bounds
4851,Kompleks taman duta mas,4.0,6,0,Housing authority,,"Jl. Kusuma 3 No.13, RT.13/RW.11, Jelambar Baru, Kec. Grogol petamburan, Kota Jakarta Barat, Daerah Khusus Ibukota Jakarta 11460, Indonesia",[object Object],,-6.1452543,106.7815596,https://www.google.com/maps/place/Kompleks+taman+duta+mas/data=!4m7!3m6!1s0x2e69f7bf92dc8369:0x275201c8c0be9a8e!8m2!3d-6.1452543!4d106.7815596!16s%2Fg%2F11jwwyt9m5!19sChIJaYPckr_3aS4Rjpq-wMgBUic?authuser=0&hl=en&rclk=1,0,Hospitality,Indonesia.Batam.Hotel.202408042041.db,places,out_of_batam_bounds
4852,Solaris Dutamas (Kompleks Solaris Dutamas by UEM Sunrise),4.2,3592,0,Business center,,"Solaris Dutamas, Jln Dutamas 1, Mont Kiara, 50480 Kuala Lumpur, Wilayah Persekutuan, Malaysia",[object Object],,3.1706338,101.6663083,https://www.google.com/maps/place/Solaris+Dutamas/data=!4m7!3m6!1s0x31cc485e110b24d5:0xcea0ad0ad351f3b3!8m2!3d3.1706338!4d101.6663083!16s%2Fg%2F1th07ysf!19sChIJ1SQLEV5IzDERs_NR0wqtoM4?authuser=0&hl=en&rclk=1,0,Hospitality,Indonesia.Batam.Hotel.202408042041.db,places,out_of_batam_bounds
5090,Eco Family Resort,4.6,40,0,Hotel,,"PXH9+V4, Paputungan, Likupang Barat, North Minahasa Regency, North Sulawesi, Indonesia",[object Object],,1.7296758,124.9677049,https://www.google.com/maps/place/Eco+Family+Resort/data=!4m7!3m6!1s0x3287b9d64bb344b5:0x6e5d6fa683aa118e!8m2!3d1.7296758!4d124.9677049!16s%2Fg%2F11tcjlpf5z!19sChIJtUSzS9a5hzIRjhGqg6ZvXW4?authuser=0&hl=en&rclk=1,0,Hospitality,Indonesia.Batam.Hotel.202408042041.db,places,out_of_batam_bounds
5305,Katong Regency,4.1,81,0,Condominium complex,,"13 Tanjong Katong Rd, Singapore 437158",[object Object],6385 4519,1.3150122,103.8947653,https://www.google.com/maps/place/Katong+Regency/data=!4m7!3m6!1s0x31da181703a7783b:0x75f80c268fe6cda3!8m2!3d1.3150122!4d103.8947653!16s%2Fg%2F11cjkq4dkm!19sChIJO3inAxcY2jERo83mjyYM-HU?authuser=0&hl=en&rclk=1,0,Hospitality,Indonesia.Batam.Hotel.202408042041.db,places,out_of_batam_bounds
5372,TPU Desa Suka Damai,4.0,2,0,Hotel,,"CPR9+JQH, Suka Damai, Lembah Seulawah, Aceh Besar Regency, Aceh 23362, Indonesia",[object Object],,5.4415623,95.7194996,https://www.google.com/maps/place/TPU+Desa+Suka+Damai/data=!4m7!3m6!1s0x30405f27f7ab71e3:0xa7df01b08537c022!8m2!3d5.4415623!4d95.7194996!16s%2Fg%2F11f624jg0r!19sChIJ43Gr9ydfQDARIsA3hbAB36c?authuser=0&hl=en&rclk=1,0,Hospitality,Indonesia.Batam.Hotel.202408042041.db,places,out_of_batam_bounds
5401,Kila Homestay,3.9,66,0,Guest house,,"Jl. Cendrawasih No.3, Keuramat, Kec. Kuta Alam, Kota Banda Aceh, Aceh 23352, Indonesia",[object Object],+62 811-6805-562,5.5586825,95.3273643,https://www.google.com/maps/place/Kila+Homestay/data=!4m7!3m6!1s0x30403740a0208367:0xdc9d5d19d939f223!8m2!3d5.5586825!4d95.3273643!16s%2Fg%2F11h07qsnf!19sChIJZ4MgoEA3QDARI_I52Rldndw?authuser=0&hl=en&rclk=1,0,Hospitality,Indonesia.Batam.Hotel.202408042041.db,places,out_of_batam_bounds
5402,Wisma Sangka Pane,4.1,116,0,Lodge,,"Kebun Tanah Terban, Karang Baru, Aceh Tamiang Regency, Aceh 24456, Indonesia",[object Object],+62 813-6169-1356,4.3048378,98.0462009,https://www.google.com/maps/place/Wisma+Sangka+Pane/data=!4m7!3m6!1s0x30377682a1f0cf05:0xa952fb49832d4989!8m2!3d4.3048378!4d98.0462009!16s%2Fg%2F11c0vh3dk1!19sChIJBc_woYJ2NzARiUktg0n7Uqk?authuser=0&hl=en&rclk=1,0,Hospitality,Indonesia.Batam.Hotel.202408042041.db,places,out_of_batam_bounds
5404,Sri Budaya Hotel,4.0,1,0,Lodge,,"Jl. Prof. A. Madjid Ibrahim III No. 5 E, Kp. Baru, Kec. Baiturrahman, Kota Banda Aceh, Aceh 23242, Indonesia",[object Object],+62 651 21751,5.5519911,95.3160861,https://www.google.com/maps/place/Sri+Budaya+Hotel/data=!4m7!3m6!1s0x3040374d027fa4cb:0xeae9d0ecdb4dd408!8m2!3d5.5519911!4d95.3160861!16s%2Fg%2F1pzvfqvr4!19sChIJy6R_Ak03QDARCNRN2-zQ6eo?authuser=0&hl=en&rclk=1,0,Hospitality,Indonesia.Batam.Hotel.202408042041.db,places,out_of_batam_bounds
5422,Adamson Lodge,4.3,193,0,Temporarily closed,,"6 Perak Rd, Singapore 208127",[object Object],6291 6608,1.3044444,103.8530556,https://www.google.com/maps/place/Adamson+Lodge/data=!4m10!3m9!1s0x31da19b90d099c4b:0x8adfedf475327562!5m2!4m1!1i2!8m2!3d1.3044444!4d103.8530556!16s%2Fg%2F11c3_5k53f!19sChIJS5wJDbkZ2jERYnUydfTt34o?authuser=0&hl=en&rclk=1,0,Hospitality,Indonesia.Batam.Hotel.202408042041.db,places,out_of_batam_bounds
5469,Lounge Jardin (ラウンジ ジャルダン),4.0,411,0,Lounge,,"1 Chome-19-30 Nishiki, Naka Ward, Nagoya, Aichi 460-8608, Japan",[object Object],+81 52-231-8162,35.1687005,136.8951344,https://www.google.com/maps/place/Lounge+Jardin/data=!4m7!3m6!1s0x600377282a96dfbd:0xa98f0fe6fe170cf4!8m2!3d35.1687005!4d136.8951344!16s%2Fg%2F1tdrx7dk!19sChIJvd-WKih3A2AR9AwX_uYPj6k?authuser=0&hl=en&rclk=1,0,Hospitality,Indonesia.Batam.Hotel.202408042041.db,places,out_of_batam_bounds
5484,Hotel Nagoya Castle (ホテル ナゴヤキャッスル),4.1,2307,0,Temporarily closed,,"3-19 Hinokuchicho, Nishi Ward, Nagoya, Aichi 451-0034, Japan",[object Object],+81 52-521-2121,35.1857829,136.8956703,"https://www.google.com/maps/place/Hotel+Nagoya+Castle/@35.1857829,136.8956703,17z/data=!3m1!4b1!4m9!3m8!1s0x600376c9b3fc3247:0x5d7d315b0e5c3345!5m2!4m1!1i2!8m2!3d35.1857829!4d136.8956703!16s%2Fg%2F122czxt8?authuser=0&hl=en&entry=ttu&g_ep=EgoyMDI0MDgyOC4wIKXMDSoASAFQAw%3D%3D",0,Hospitality,Indonesia.Batam.Hotel.202408042041.db,places,out_of_batam_bounds
5635,Hotel Melaka,5.0,1,0,Hotel,,"Jalan KBS 11A, Kota Syahbandar, 75200 Melaka, Malaysia",[object Object],+60 7-213 3450,2.1961365,102.2333319,https://www.google.com/maps/place/Hotel+Melaka/data=!4m7!3m6!1s0x31d1f1d226a5f2e3:0x6d771f0fd8178282!8m2!3d2.1961365!4d102.2333319!16s%2Fg%2F11nmpfbh8g!19sChIJ4_KlJtLx0TERgoIX2A8fd20?authuser=0&hl=en&rclk=1,0,Hospitality,Indonesia.Batam.Hotel.202408042041.db,places,out_of_batam_bounds
5651,Hatten Place Melaka,4.1,1933,0,Temporarily closed,,"Hatten Place Melaka, Jalan Melaka Raya 23, Hatten City, 75000 Melaka, Malaysia",[object Object],+60 6-222 9696,2.1823132,102.2625129,https://www.google.com/maps/place/Hatten+Place+Melaka/data=!4m10!3m9!1s0x31d1ee04c96a1813:0x7a6613df0c7185bc!5m2!4m1!1i2!8m2!3d2.1823132!4d102.2625129!16s%2Fg%2F11c5ghv7sp!19sChIJExhqyQTu0TERvIVxDN8TZno?authuser=0&hl=en&rclk=1,0,Hospitality,Indonesia.Batam.Hotel.202408042041.db,places,out_of_batam_bounds
5723,Mairaa Homestay Pasir Gudang,4.9,14,0,Guest house,,"Kampung Pasir Putih, 44000 Kerling, Selangor, Malaysia",[object Object],,1.4571038,103.9322426,https://www.google.com/maps/place/Mairaa+Homestay+Pasir+Gudang/data=!4m7!3m6!1s0x31da3f11a6034f4b:0x4098783fc34d9556!8m2!3d1.4571038!4d103.9322426!16s%2Fg%2F11g_yfmw8t!19sChIJS08DphE_2jERVpVNwz94mEA?authuser=0&hl=en&rclk=1,0,Hospitality,Indonesia.Batam.Hotel.202408042041.db,places,out_of_batam_bounds
5725,PASIR PUTEH RESORT SG INKI KALUMPANG,4.7,21,0,Resort hotel,,"Lot 92, Kampung Pasir Putih, Kalumpang, 44100 Kerling, Selangor, Malaysia",[object Object],+60 13-532 6528,3.6398942,101.5757922,https://www.google.com/maps/place/PASIR+PUTEH+RESORT+SG+INKI+KALUMPANG/data=!4m7!3m6!1s0x31cc772382d33fb9:0x73f46d5a6fa81072!8m2!3d3.6398942!4d101.5757922!16s%2Fg%2F11kbcqy1s9!19sChIJuT_TgiN3zDERchCob1pt9HM?authuser=0&hl=en&rclk=1,0,Hospitality,Indonesia.Batam.Hotel.202408042041.db,places,out_of_batam_bounds
5726,Hotel Pasir Puteh,3.2,5,0,Hotel,,"Jalan Kota Bharu-Kuala Terengganu, Pasir Puteh, 16800 Pasir Puteh, Kelantan, Malaysia",[object Object],,5.8350695,102.408467,https://www.google.com/maps/place/Hotel+Pasir+Puteh/data=!4m7!3m6!1s0x31b69365ea73357d:0x2466c43619c0f9ca!8m2!3d5.8350695!4d102.408467!16s%2Fg%2F11g6_70txy!19sChIJfTVz6mWTtjERyvnAGTbEZiQ?authuser=0&hl=en&rclk=1,0,Hospitality,Indonesia.Batam.Hotel.202408042041.db,places,out_of_batam_bounds
5728,Qd hotel murah pasir puteh,4.3,17,0,Hotel,,"jalan pondok, Pt 681,seksyen 2, Bandar Baru Pasir Puteh, 16800 Pasir Puteh, Kelantan, Malaysia",[object Object],+60 11-1931 5502,5.8324101,102.40293,https://www.google.com/maps/place/Qd+hotel+murah+pasir+puteh/data=!4m7!3m6!1s0x31b693c326ced991:0x8b09e02baa150b9!8m2!3d5.8324101!4d102.40293!16s%2Fg%2F11k6q_88b4!19sChIJkdnOJsOTtjERuVChugKesAg?authuser=0&hl=en&rclk=1,0,Hospitality,Indonesia.Batam.Hotel.202408042041.db,places,out_of_batam_bounds
5733,Perumahan Cendana Inn,4.0,31,0,Hotel,,"P9FG+84M, Bangsal Aceh, Sungai Sembilan, Dumai City, Riau 28826, Indonesia",[object Object],+62 812-6102-6680,-6.3823364,106.7246021,https://www.google.com/maps/place/Perumahan+Cendana+Inn/data=!4m7!3m6!1s0x2e69ef5767ab4bb9:0x933f0e432a26d64f!8m2!3d-6.3823364!4d106.7246021!16s%2Fg%2F11bxgbl_3d!19sChIJuUurZ1fvaS4RT9YmKkMOP5M?authuser=0&hl=en&rclk=1,0,Hospitality,Indonesia.Batam.Hotel.202408042041.db,places,out_of_batam_bounds
5744,Goldhill Towers,3.7,3,0,Condominium complex,,"38 Goldhill Ave, Singapore 309021",[object Object],,1.3205424,103.8335235,https://www.google.com/maps/place/Goldhill+Towers/data=!4m7!3m6!1s0x31da19e4ca9a2e57:0x91969bfdb24fb2ce!8m2!3d1.3205424!4d103.8335235!16s%2Fg%2F1pty8zg1s!19sChIJVy6ayuQZ2jERzrJPsv2blpE?authuser=0&hl=en&rclk=1,0,Hospitality,Indonesia.Batam.Hotel.202408042041.db,places,out_of_batam_bounds
5745,Goldhill Plaza Mall,3.7,369,0,Shopping mall,,"1 Goldhill Plaza, Singapore 308900",[object Object],,1.3179851,103.8429051,https://www.google.com/maps/place/Goldhill+Plaza+Mall/data=!4m7!3m6!1s0x31da19e7e8421bb7:0xfa5e190946f359a9!8m2!3d1.3179851!4d103.8429051!16s%2Fg%2F11c6cccmh9!19sChIJtxtC6OcZ2jERqVnzRgkZXvo?authuser=0&hl=en&rclk=1,0,Hospitality,Indonesia.Batam.Hotel.202408042041.db,places,out_of_batam_bounds
5746,Goldhill Shopping Centre,3.8,80,0,Shopping mall,,"35 Goldhill Plaza, Singapore 308899",[object Object],,1.3180468,103.8436109,https://www.google.com/maps/place/Goldhill+Shopping+Centre/data=!4m7!3m6!1s0x31da197ac001ba8d:0xb2f1245bd0eef6d!8m2!3d1.3180468!4d103.8436109!16s%2Fg%2F11n8sff9sm!19sChIJjboBwHoZ2jERbe8OvUUSLws?authuser=0&hl=en&rclk=1,0,Hospitality,Indonesia.Batam.Hotel.202408042041.db,places,out_of_batam_bounds
5747,Goldhill Centre,3.5,116,0,Business center,,"199A Thomson Rd, Goldhill Centre, Singapore 307636",[object Object],6589 8494,1.3184253,103.8432824,"https://www.google.com/maps/place/Goldhill+Centre/@1.3184253,103.8432824,17z/data=!3m1!4b1!4m6!3m5!1s0x31da19e7bfc066b1:0x9e7c4fbfd3dae4ce!8m2!3d1.3184253!4d103.8432824!16s%2Fg%2F11clsh720q?authuser=0&hl=en&entry=ttu&g_ep=EgoyMDI0MDgyOC4wIKXMDSoASAFQAw%3D%3D",0,Hospitality,Indonesia.Batam.Hotel.202408042041.db,places,out_of_batam_bounds
5748,Goldhill Plaza,2.9,47,0,Corporate office,,"1 Goldhill Plaza, Singapore 308899",[object Object],,1.3179061,103.8431818,https://www.google.com/maps/place/Goldhill+Plaza/data=!4m7!3m6!1s0x31da1965f1198475:0x9fd3ad3625cde7e4!8m2!3d1.3179061!4d103.8431818!16s%2Fg%2F11g1r0vrmd!19sChIJdYQZ8WUZ2jER5OfNJTat058?authuser=0&hl=en&rclk=1,0,Hospitality,Indonesia.Batam.Hotel.202408042041.db,places,out_of_batam_bounds
5749,Togather (Kitchen & Bar),4.3,114,0,Beer garden,,"1 Goldhill Plaza, #01-05, Singapore 308899",[object Object],8907 0213,1.3184913,103.8427047,https://www.google.com/maps/place/Togather+%28Kitchen+%26+Bar%29/data=!4m7!3m6!1s0x31da19e7b9b62cf1:0xe63eb56201e91f33!8m2!3d1.3184913!4d103.8427047!16s%2Fg%2F11gf9p6rhb!19sChIJ8Sy2uecZ2jERMx_pAWK1PuY?authuser=0&hl=en&rclk=1,0,Hospitality,Indonesia.Batam.Hotel.202408042041.db,places,out_of_batam_bounds
5751,Goldhill Family Restaurant,4.5,535,0,Chinese restaurant,,"6 Hougang Ave 3, #01-78, Singapore 530006",[object Object],9025 2733,1.3626409,103.8940102,"https://www.google.com/maps/place/Goldhill+Family+Restaurant/@1.3626409,103.8940102,17z/data=!3m1!4b1!4m6!3m5!1s0x31da17cadf1c21c1:0xbda82c4ac46bc28b!8m2!3d1.3626409!4d103.8940102!16s%2Fg%2F12hm5ss7w?authuser=0&hl=en&entry=ttu&g_ep=EgoyMDI0MDgyOC4wIKXMDSoASAFQAw%3D%3D",0,Hospitality,Indonesia.Batam.Hotel.202408042041.db,places,out_of_batam_bounds
5755,Ivory Park,5.0,2,0,Hotel,,"Bala Shark St, Kaalfontein, Midrand, 1632, South Africa",[object Object],+27 60 952 0312,-25.9920079,28.182014,https://www.google.com/maps/place/Ivory+Park/data=!4m7!3m6!1s0x1e956e9f5de6b5af:0xcfe3d2fe7209310!8m2!3d-25.9920079!4d28.182014!16s%2Fg%2F11hbllm_vg!19sChIJr7XmXZ9ulR4REJMg5y89_gw?authuser=0&hl=en&rclk=1,0,Hospitality,Indonesia.Batam.Hotel.202408042041.db,places,out_of_batam_bounds
5757,Ivory Park,3.8,13,0,Lodging,,"Jambala St, Ivory Park, Midrand, 1693, South Africa",[object Object],+27 61 189 1554,-25.998012,28.197203,https://www.google.com/maps/place/Ivory+Park/data=!4m7!3m6!1s0x1e956c03818a920d:0x6d08b1c400329c0f!8m2!3d-25.998012!4d28.197203!16s%2Fg%2F11ggqx7gf1!19sChIJDZKKgQNslR4RD5wyAMSxCG0?authuser=0&hl=en&rclk=1,0,Hospitality,Indonesia.Batam.Hotel.202408042041.db,places,out_of_batam_bounds
5759,Ivory Park Swazi Inn 1689,3.9,8,0,School,,"10351 Hlongwane St, Ivory Park, Midrand, 1693, South Africa",[object Object],,-25.9961547,28.2085283,https://www.google.com/maps/place/Ivory+Park+Swazi+Inn+1689/data=!4m7!3m6!1s0x1e956bf8d45d7f47:0xa4fad73735ef76bd!8m2!3d-25.9961547!4d28.2085283!16s%2Fg%2F11c43bj9lp!19sChIJR39d1PhrlR4RvXbvNTfX-qQ?authuser=0&hl=en&rclk=1,0,Hospitality,Indonesia.Batam.Hotel.202408042041.db,places,out_of_batam_bounds
5764,Sukajadi (Kecamatan Sukajadi),0.0,0,0,Indonesia,,,[object Object],,-6.8922842,107.5909487,"https://www.google.com/maps/place/Sukajadi,+Bandung+City,+West+Java,+Indonesia/@-6.889276,107.5871456,15z/data=!3m1!4b1!4m6!3m5!1s0x2e68e662c0cb8881:0x487870020c4f8b2c!8m2!3d-6.8922842!4d107.5909487!16s%2Fg%2F11b_2mtn5y?authuser=0&hl=en&entry=ttu&g_ep=EgoyMDI0MDgyOC4wIKXMDSoASAFQAw%3D%3D",0,Hospitality,Indonesia.Batam.Hotel.202408042041.db,places,out_of_batam_bounds
5765,Menara Duta Condominium,4.2,211,0,Condominium complex,,"20, Jalan Dutamas Raya, Taman Segambut Sppk, 51200 Kuala Lumpur, Wilayah Persekutuan Kuala Lumpur, Malaysia",[object Object],+60 3-6734 8003,3.180491,101.6584382,https://www.google.com/maps/place/Menara+Duta+Condominium/data=!4m7!3m6!1s0x31cc48888d4911b7:0x1699ed4bbe4be5a8!8m2!3d3.180491!4d101.6584382!16s%2Fg%2F11c60jk8xs!19sChIJtxFJjYhIzDERqOVLvkvtmRY?authuser=0&hl=en&rclk=1,0,Hospitality,Indonesia.Batam.Hotel.202408042041.db,places,out_of_batam_bounds
5768,Prima Duta Condominium,4.2,190,0,Condominium complex,,"12, Jalan Dutamas Raya, Taman Segambut Sppk, 51200 Kuala Lumpur, Wilayah Persekutuan Kuala Lumpur, Malaysia",[object Object],+60 17-305 2027,3.1806224,101.6602472,https://www.google.com/maps/place/Prima+Duta+Condominium/data=!4m7!3m6!1s0x31cc4888013b16e5:0x5b1700ad70ca7e7a!8m2!3d3.1806224!4d101.6602472!16s%2Fg%2F1q62dmbvg!19sChIJ5RY7AYhIzDERen7KcK0AF1s?authuser=0&hl=en&rclk=1,0,Hospitality,Indonesia.Batam.Hotel.202408042041.db,places,out_of_batam_bounds
5848,Kusuma Hotel,4.2,227,0,Hotel,,"W Trans Sumatera Hwy, Pasar Baru Kota Bani, Putri Hijau, North Bengkulu Regency, Bengkulu 38326, Indonesia",[object Object],+62 812-7809-7549,-3.2474788,101.6473937,https://www.google.com/maps/place/Kusuma+Hotel/data=!4m7!3m6!1s0x2e33b9170156d815:0x53a98af7627318c2!8m2!3d-3.2474788!4d101.6473937!16s%2Fg%2F11c5b2c67m!19sChIJFdhWARe5My4RwhhzYveKqVM?authuser=0&hl=en&rclk=1,0,Hospitality,Indonesia.Batam.Hotel.202408042041.db,places,out_of_batam_bounds
5849,villa putri hijau,4.4,85,0,Hotel,,"Jl. Padat Karya No.45, Batu Layang, Kec. Cisarua, Kabupaten Bogor, Jawa Barat 16750, Indonesia",[object Object],,-6.6750949,106.9471848,https://www.google.com/maps/place/villa+putri+hijau/data=!4m7!3m6!1s0x2e69b645574217dd:0x31bf96bb6193824!8m2!3d-6.6750949!4d106.9471848!16s%2Fg%2F11fxb8kv27!19sChIJ3RdCV0W2aS4RJDgZtmv5GwM?authuser=0&hl=en&rclk=1,0,Hospitality,Indonesia.Batam.Hotel.202408042041.db,places,out_of_batam_bounds
6010,Hotel sentra boutique,3.7,3,0,Lodging,,"QQ7F+7CH, RT.9/RW.4, Cipulir, Kebayoran Lama, South Jakarta City, Jakarta 12230, Indonesia",[object Object],,-6.23682,106.773595,"https://www.google.com/maps/place/Hotel+sentra+boutique/@-6.23682,106.773595,17z/data=!3m1!4b1!4m6!3m5!1s0x2e69f122c90512df:0x4b6db66abac52d92!8m2!3d-6.23682!4d106.773595!16s%2Fg%2F11fmrj_hys?authuser=0&hl=en&entry=ttu&g_ep=EgoyMDI0MDgyOC4wIKXMDSoASAFQAw%3D%3D",0,Hospitality,Indonesia.Batam.Hotel.202408042041.db,places,out_of_batam_bounds
6129,Masai,5.0,5,0,Hotel,,"masai hotel, Taman Bunga Raya, 81750 Masai, Johor, Malaysia",[object Object],,1.4869705,103.8855272,https://www.google.com/maps/place/Masai/data=!4m7!3m6!1s0x31da6bb94cd58c8b:0xbfcf5c7e43cd6047!8m2!3d1.4869705!4d103.8855272!16s%2Fg%2F11h3bgbxnr!19sChIJi4zVTLlr2jERR2DNQ35cz78?authuser=0&hl=en&rclk=1,0,Hospitality,Indonesia.Batam.Hotel.202408042041.db,places,out_of_batam_bounds
6130,Taman Serdang Raya (Hotel Taman Serdang Raya),4.5,4,0,Lodging,,"Jalan Utama, Taman Serdang Raya, 43300 Seri Kembangan, Selangor, Malaysia",[object Object],,3.035584,101.705269,https://www.google.com/maps/place/Taman+Serdang+Raya/data=!4m7!3m6!1s0x31cdb5553156f79f:0x205a62200f2889e!8m2!3d3.035584!4d101.705269!16s%2Fg%2F11bztzdq_h!19sChIJn_dWMVW1zTERnojyACKmBQI?authuser=0&hl=en&rclk=1,0,Hospitality,Indonesia.Batam.Hotel.202408042041.db,places,out_of_batam_bounds
6137,Hotel Taman Cibinong 1,3.7,109,0,Lodging,,"Jl. Raya Jakarta-Bogor Jl. Kp. Nangewer No.Km 47, RW.2, Nanggewer Mekar, Kec. Cibinong, Kabupaten Bogor, Jawa Barat 16912, Indonesia",[object Object],,-6.5025158,106.8431987,https://www.google.com/maps/place/Hotel+Taman+Cibinong+1/data=!4m7!3m6!1s0x2e69c165e33cfcf3:0x94d461bbf8a50a0f!8m2!3d-6.5025158!4d106.8431987!16s%2Fg%2F11hgp0801n!19sChIJ8_w842XBaS4RDwql-Lth1JQ?authuser=0&hl=en&rclk=1,0,Hospitality,Indonesia.Batam.Hotel.202408042041.db,places,out_of_batam_bounds
6139,Hotel Safari Raya,3.5,36,0,Hotel,,"MCMR+C84, West Tanjung Batu, Kundur, Karimun Regency, Riau Islands 29662, Indonesia",[object Object],,0.6835144,103.4408158,https://www.google.com/maps/place/Hotel+Safari+Raya/data=!4m7!3m6!1s0x31d77bfd96029505:0x6def59d9be71191!8m2!3d0.6835144!4d103.4408158!16s%2Fg%2F11h7jyfkvm!19sChIJBZUClv171zERkRHnm5313gY?authuser=0&hl=en&rclk=1,0,Hospitality,Indonesia.Batam.Hotel.202408042041.db,places,out_of_batam_bounds
6267,Bandar Bentan Telani,3.9,100,0,Ferry terminal,,"Jl. Raja Haji Teluk Sebong, Teluk Sebong, Kabupaten Bintan, Kepulauan Riau 29155, Indonesia",[object Object],+62 770 691935,1.1604633,104.3202528,"https://www.google.com/maps/place/Bandar+Bentan+Telani/@1.1604633,104.3202528,17z/data=!3m1!4b1!4m6!3m5!1s0x31d97fc60940ddcd:0xfe69ec625496cba4!8m2!3d1.1604633!4d104.3202528!16s%2Fg%2F11c1p9qktn?authuser=0&hl=en&entry=ttu&g_ep=EgoyMDI0MDgyOC4wIKXMDSoASAFQAw%3D%3D",0,Hospitality,Indonesia.Batam.Hotel.202408042041.db,places,out_of_batam_bounds
6272,Kovan Regency,4.1,111,0,Condominium complex,,"2 Kovan Rise, Singapore 544734",[object Object],6280 4204,1.3628373,103.8856483,https://www.google.com/maps/place/Kovan+Regency/data=!4m7!3m6!1s0x31da17b357497f97:0x2b6747c26c55d569!8m2!3d1.3628373!4d103.8856483!16s%2Fg%2F11c2y7rzh3!19sChIJl39JV7MX2jERadVVbMJHZys?authuser=0&hl=en&rclk=1,0,Hospitality,Indonesia.Batam.Hotel.202408042041.db,places,out_of_batam_bounds
6274,Bukit Regency,3.8,31,0,Condominium complex,,"1-11 Upper Bukit Timah View, Singapore 588137",[object Object],6464 8257,1.3466334,103.7710677,https://www.google.com/maps/place/Bukit+Regency/data=!4m7!3m6!1s0x31da105e3c25f51d:0xb433de0b64f1f75e!8m2!3d1.3466334!4d103.7710677!16s%2Fg%2F1260z35w0!19sChIJHfUlPF4Q2jERXvfxZAveM7Q?authuser=0&hl=en&rclk=1,0,Hospitality,Indonesia.Batam.Hotel.202408042041.db,places,out_of_batam_bounds
6277,Balestier Regency,4.0,15,0,Condominium complex,,"4 Jln Ampas, Singapore 329505",[object Object],,1.3253016,103.8518195,https://www.google.com/maps/place/Balestier+Regency/data=!4m7!3m6!1s0x31da19d8b0ff35b5:0x869a5fc0410b6e5a!8m2!3d1.3253016!4d103.8518195!16s%2Fg%2F1pty4j7fm!19sChIJtTX_sNgZ2jERWm4LQcBfmoY?authuser=0&hl=en&rclk=1,0,Hospitality,Indonesia.Batam.Hotel.202408042041.db,places,out_of_batam_bounds
6279,Orange Regency,3.9,10,0,Condominium complex,,"101 Fernhill Rd, Singapore 259137",[object Object],6223 5223,1.3118537,103.8247988,https://www.google.com/maps/place/Orange+Regency/data=!4m7!3m6!1s0x31da19f5cc97f9d3:0x404b85c1ca1ef276!8m2!3d1.3118537!4d103.8247988!16s%2Fg%2F12hk5j5qy!19sChIJ0_mXzPUZ2jERdvIeysGFS0A?authuser=0&hl=en&rclk=1,0,Hospitality,Indonesia.Batam.Hotel.202408042041.db,places,out_of_batam_bounds
